job_url,dedupe_key
https://www.indeed.com/viewjob?jk=d23b79d1ded5ca31,
https://www.indeed.com/viewjob?jk=1696e2911e6c436b,
https://www.indeed.com/viewjob?jk=60f86a449006a2c7,
https://www.indeed.com/viewjob?jk=f40588db16c8c076,
https://www.indeed.com/viewjob?jk=276856fde33797f4,
https://www.indeed.com/viewjob?jk=f1ab40a10273cb2d,
https://www.indeed.com/viewjob?jk=659ef5101d908869,
https://www.indeed.com/viewjob?jk=4d924617a36a69e6,
https://www.indeed.com/viewjob?jk=5f99fa1e8a7be5d4,
https://www.indeed.com/viewjob?jk=c4525a8d592fd205,
https://www.indeed.com/viewjob?jk=7bec35fd0642374f,
https://www.indeed.com/viewjob?jk=af0107401ed91a78,
https://www.indeed.com/viewjob?jk=a467282010bda7e7,
https://www.indeed.com/viewjob?jk=a1c4d12c8fa39a13,
https://www.indeed.com/viewjob?jk=1ce58db1d66e7e8b,
https://www.indeed.com/viewjob?jk=179ea3c2cbb16555,
https://www.indeed.com/viewjob?jk=2e10628501c4c56e,
https://www.indeed.com/viewjob?jk=54ed74cc43d64be0,
https://www.indeed.com/viewjob?jk=28141c265a0b93a1,
https://www.indeed.com/viewjob?jk=47e65c9119402ecd,
https://www.indeed.com/viewjob?jk=e50da885ae01a173,
https://www.indeed.com/viewjob?jk=0ff3178174bc995d,
https://www.indeed.com/viewjob?jk=1a8c5e00dfae533e,
https://www.indeed.com/viewjob?jk=4ae44c0e3b18b760,
https://www.indeed.com/viewjob?jk=20e07a1d3c5bac62,
https://www.indeed.com/viewjob?jk=b310364d91104581,
https://www.indeed.com/viewjob?jk=5d360d085dc8a15d,
https://www.indeed.com/viewjob?jk=82c637d560d10e5f,
https://www.indeed.com/viewjob?jk=3f853a92f46e38ba,
https://www.indeed.com/viewjob?jk=9d671ca6f53ffbaf,
https://www.linkedin.com/jobs/view/4454437247,
https://www.linkedin.com/jobs/view/4462525841,
https://www.linkedin.com/jobs/view/4463276659,
https://www.linkedin.com/jobs/view/4446186658,
https://www.linkedin.com/jobs/view/4459958645,
https://www.linkedin.com/jobs/view/4462567181,
https://www.linkedin.com/jobs/view/4458646326,
https://www.linkedin.com/jobs/view/4464649941,
https://www.linkedin.com/jobs/view/4455338980,
https://www.linkedin.com/jobs/view/4463252005,
https://www.linkedin.com/jobs/view/4455330503,
https://www.linkedin.com/jobs/view/4419679874,
https://www.linkedin.com/jobs/view/4463202058,
https://www.linkedin.com/jobs/view/4452553884,
https://www.linkedin.com/jobs/view/4464905265,
https://www.linkedin.com/jobs/view/4463623978,
https://www.linkedin.com/jobs/view/4461320564,
https://www.linkedin.com/jobs/view/4462501995,
https://www.linkedin.com/jobs/view/4462571042,
https://www.linkedin.com/jobs/view/4464627290,
https://www.linkedin.com/jobs/view/4464646365,
https://www.linkedin.com/jobs/view/4452769282,
https://www.linkedin.com/jobs/view/4464698762,
https://www.linkedin.com/jobs/view/4463535959,
https://www.linkedin.com/jobs/view/4463516483,
https://www.linkedin.com/jobs/view/4464619952,
https://www.linkedin.com/jobs/view/4463566138,
https://www.linkedin.com/jobs/view/4455347371,
https://www.linkedin.com/jobs/view/4462538696,
https://www.linkedin.com/jobs/view/4463549315,
https://www.indeed.com/viewjob?jk=87140d0b56c623e4,
https://www.indeed.com/viewjob?jk=39132c5b6ac3de59,
https://www.indeed.com/viewjob?jk=ed3afd3d28062b95,
https://www.indeed.com/viewjob?jk=8bc960675d76832e,
https://www.indeed.com/viewjob?jk=7937a0d30a8a525a,
https://www.indeed.com/viewjob?jk=00e574c73a0bed50,
https://www.indeed.com/viewjob?jk=8f0db1ce7c4c2d6a,
https://www.indeed.com/viewjob?jk=257b8249eba7d5f2,
https://www.indeed.com/viewjob?jk=a95009729255c4b2,
https://www.indeed.com/viewjob?jk=5c7f10f17b4f2561,
https://www.indeed.com/viewjob?jk=0d8e39474b1adcfb,
https://www.indeed.com/viewjob?jk=9fc0f9d5274c3732,
https://www.indeed.com/viewjob?jk=c507ad15e7fad7a4,
https://www.indeed.com/viewjob?jk=9f605fd36075eb34,
https://www.indeed.com/viewjob?jk=405ab90e47a73e5d,
https://www.indeed.com/viewjob?jk=60f4b1b201b563e9,
https://www.indeed.com/viewjob?jk=af218879960cfa9e,
https://www.indeed.com/viewjob?jk=aa08cf72e02475bd,
https://www.indeed.com/viewjob?jk=535e34de3dc94fe5,
https://www.indeed.com/viewjob?jk=a5be0631365db2de,
https://www.indeed.com/viewjob?jk=27728594f32dd2a6,
https://www.indeed.com/viewjob?jk=4d790ffa6ff33497,
https://www.indeed.com/viewjob?jk=f343ebd3a31701d6,
https://www.indeed.com/viewjob?jk=627a1bcbe059144e,
https://www.indeed.com/viewjob?jk=92d415f3fed8735b,
https://www.indeed.com/viewjob?jk=333d885a961e21c3,
https://www.indeed.com/viewjob?jk=9023a0b6b48cd1b5,
https://www.linkedin.com/jobs/view/4462543065,
https://www.linkedin.com/jobs/view/4355023849,
https://www.linkedin.com/jobs/view/4355023850,
https://www.linkedin.com/jobs/view/4464631929,
https://www.linkedin.com/jobs/view/4387900135,
https://www.linkedin.com/jobs/view/4463564669,
https://www.linkedin.com/jobs/view/4463552916,
https://www.linkedin.com/jobs/view/4463564345,
https://www.linkedin.com/jobs/view/4422745411,
https://www.linkedin.com/jobs/view/4464619963,
https://www.linkedin.com/jobs/view/4464698016,
https://www.linkedin.com/jobs/view/4464905433,
https://www.linkedin.com/jobs/view/4418468746,
https://www.linkedin.com/jobs/view/4445976039,
https://www.linkedin.com/jobs/view/4419604669,
https://www.linkedin.com/jobs/view/4454423862,
https://www.linkedin.com/jobs/view/4464687273,
https://www.linkedin.com/jobs/view/4464645893,
https://www.linkedin.com/jobs/view/4464689923,
https://www.linkedin.com/jobs/view/4464640725,
https://www.linkedin.com/jobs/view/4464672454,
https://www.linkedin.com/jobs/view/4446144334,
https://www.linkedin.com/jobs/view/4463562683,
https://www.linkedin.com/jobs/view/4418053323,
https://www.linkedin.com/jobs/view/4454436036,
https://www.linkedin.com/jobs/view/4456750561,
https://www.linkedin.com/jobs/view/4433551573,
https://www.linkedin.com/jobs/view/4463251213,
https://www.linkedin.com/jobs/view/4446129093,
https://www.linkedin.com/jobs/view/4440489917,
https://www.indeed.com/viewjob?jk=e5f789fdf61333f4,
https://www.indeed.com/viewjob?jk=12c10c3fef8e068f,
https://www.indeed.com/viewjob?jk=eeb72f575467c22d,
https://www.indeed.com/viewjob?jk=5215d357614f04ed,
https://www.indeed.com/viewjob?jk=e656a1be81ded102,
https://www.indeed.com/viewjob?jk=9fde5555a4a720f2,
https://www.indeed.com/viewjob?jk=ccb555c082260bc9,
https://www.indeed.com/viewjob?jk=5cdcfaf7c1163f51,
https://www.indeed.com/viewjob?jk=458d95f829861c6c,
https://www.indeed.com/viewjob?jk=82ca7bb17bfbaa90,
https://www.indeed.com/viewjob?jk=74c2ca677ee00b8f,
https://www.linkedin.com/jobs/view/4463527119,
https://www.linkedin.com/jobs/view/4463540205,
https://www.linkedin.com/jobs/view/4463524386,
https://www.linkedin.com/jobs/view/4452287605,
https://www.linkedin.com/jobs/view/4417165176,
https://www.linkedin.com/jobs/view/4463533275,
https://www.linkedin.com/jobs/view/4464637345,
https://www.linkedin.com/jobs/view/4464639228,
https://www.linkedin.com/jobs/view/4452501223,
https://www.linkedin.com/jobs/view/4463298379,
https://www.linkedin.com/jobs/view/4464618718,
https://www.linkedin.com/jobs/view/4464907316,
https://www.linkedin.com/jobs/view/4464670788,
https://www.linkedin.com/jobs/view/4464686039,
https://www.linkedin.com/jobs/view/4396591814,
https://www.linkedin.com/jobs/view/4464680774,
https://www.linkedin.com/jobs/view/4462288161,
https://www.linkedin.com/jobs/view/4445147282,
https://www.linkedin.com/jobs/view/4463297539,
https://www.linkedin.com/jobs/view/4463540077,
https://www.linkedin.com/jobs/view/4464696713,
https://www.linkedin.com/jobs/view/4460639743,
https://www.linkedin.com/jobs/view/4464697662,
https://www.linkedin.com/jobs/view/4455560806,
https://www.linkedin.com/jobs/view/4455260915,
https://www.linkedin.com/jobs/view/4463554743,
https://www.linkedin.com/jobs/view/4411778313,
https://www.linkedin.com/jobs/view/4445430873,
https://www.linkedin.com/jobs/view/4077506251,
https://www.linkedin.com/jobs/view/4450649529,
https://www.indeed.com/viewjob?jk=463ba9bd033f5345,
https://www.indeed.com/viewjob?jk=c0269776f8eca65a,
https://www.indeed.com/viewjob?jk=2f2fc2343e10e23b,
https://www.indeed.com/viewjob?jk=781b531e13cce271,
https://www.indeed.com/viewjob?jk=436001495cfc4a78,
https://www.indeed.com/viewjob?jk=6b8ad810cdb6d750,
https://www.indeed.com/viewjob?jk=13f807d2975d6cc6,
https://www.indeed.com/viewjob?jk=1b6a0baabe280205,
https://www.indeed.com/viewjob?jk=a6be293135055a86,
https://www.indeed.com/viewjob?jk=b57fb2729a0c038a,
https://www.indeed.com/viewjob?jk=fd953127e730761b,
https://www.indeed.com/viewjob?jk=3627fdda26bdaf97,
https://www.indeed.com/viewjob?jk=7977f5dc73f86396,
https://www.indeed.com/viewjob?jk=c4bea48bbda8eda6,
https://www.indeed.com/viewjob?jk=d874d88778393197,
https://www.indeed.com/viewjob?jk=e9802d2500044fbf,
https://www.indeed.com/viewjob?jk=52c6392ef4c4979e,
https://www.indeed.com/viewjob?jk=fe57e7b97b1a6e48,
https://www.indeed.com/viewjob?jk=93641e301280f7f0,
https://www.indeed.com/viewjob?jk=a292e0035be81651,
https://www.indeed.com/viewjob?jk=40339898fd98654b,
https://www.indeed.com/viewjob?jk=ec10c62fe9dc28f8,
https://www.indeed.com/viewjob?jk=ef6e0ab19ba14be4,
https://www.indeed.com/viewjob?jk=d63c84af7a2df5a1,
https://www.indeed.com/viewjob?jk=7b4cd2343ab4c147,
https://www.indeed.com/viewjob?jk=60ace855f87e5cad,
https://www.indeed.com/viewjob?jk=ad1eb10a23dd8a97,
https://www.indeed.com/viewjob?jk=05c173c4c11bf12f,
https://www.linkedin.com/jobs/view/4464674960,
https://www.linkedin.com/jobs/view/4464905386,
https://www.linkedin.com/jobs/view/4464675200,
https://www.linkedin.com/jobs/view/4464629187,
https://www.linkedin.com/jobs/view/4462524680,
https://www.linkedin.com/jobs/view/4464470586,
https://www.linkedin.com/jobs/view/4464909160,
https://www.linkedin.com/jobs/view/4463554203,
https://www.linkedin.com/jobs/view/4462318917,
https://www.linkedin.com/jobs/view/4463559668,
https://www.linkedin.com/jobs/view/4464619270,
https://www.linkedin.com/jobs/view/4455395568,
https://www.linkedin.com/jobs/view/4461962225,
https://www.linkedin.com/jobs/view/4464667115,
https://www.linkedin.com/jobs/view/4461522814,
https://www.linkedin.com/jobs/view/4445179175,
https://www.linkedin.com/jobs/view/4454474543,
https://www.linkedin.com/jobs/view/4452566096,
https://www.linkedin.com/jobs/view/4464651873,
https://www.linkedin.com/jobs/view/4455712089,
https://www.linkedin.com/jobs/view/4463540862,
https://www.linkedin.com/jobs/view/4464644371,
https://www.linkedin.com/jobs/view/4462539917,
https://www.linkedin.com/jobs/view/4462546672,
https://www.linkedin.com/jobs/view/4463270224,
https://www.linkedin.com/jobs/view/4463262102,
https://www.linkedin.com/jobs/view/4455571890,
https://www.linkedin.com/jobs/view/4462527332,
https://www.indeed.com/viewjob?jk=fc2627ff949cd27f,
https://www.indeed.com/viewjob?jk=0962d4919bfb9b66,
https://www.indeed.com/viewjob?jk=c3df125a5f3dbf86,
https://www.indeed.com/viewjob?jk=dcf05520ed3ca55a,
https://www.indeed.com/viewjob?jk=f9ff07a77b41ef5c,
https://www.indeed.com/viewjob?jk=a9f63dd5642e5d87,
https://www.indeed.com/viewjob?jk=248c073f8bcde4dc,
https://www.indeed.com/viewjob?jk=9f7f758747c84e5e,
https://www.indeed.com/viewjob?jk=47c4d9b251739753,
https://www.indeed.com/viewjob?jk=0654d5453aba334c,
https://www.indeed.com/viewjob?jk=1280f855c26ca59a,
https://www.indeed.com/viewjob?jk=9b517486717fad63,
https://www.indeed.com/viewjob?jk=a4254d47bd50a7de,
https://www.indeed.com/viewjob?jk=b2b7137e239d60ae,
https://www.indeed.com/viewjob?jk=52250af50057e60a,
https://www.indeed.com/viewjob?jk=5d3a66d519cfba5d,
https://www.indeed.com/viewjob?jk=6871d6f852d69fd1,
https://www.indeed.com/viewjob?jk=7ff858f93f3949dc,
https://www.indeed.com/viewjob?jk=07abfdddbf61bef5,
https://www.indeed.com/viewjob?jk=3c9ede419afa3319,
https://www.indeed.com/viewjob?jk=cbe68c0dfe6151e0,
https://www.indeed.com/viewjob?jk=31373ecc02f3d68e,
https://www.indeed.com/viewjob?jk=09b17a3b4a0fc4af,
https://www.linkedin.com/jobs/view/4410988594,
https://www.linkedin.com/jobs/view/4454473840,
https://www.linkedin.com/jobs/view/4463545175,
https://www.linkedin.com/jobs/view/4462283462,
https://www.linkedin.com/jobs/view/4462865625,
https://www.linkedin.com/jobs/view/4464622306,
https://www.linkedin.com/jobs/view/4464621369,
https://www.linkedin.com/jobs/view/4459028686,
https://www.linkedin.com/jobs/view/4452516116,
https://www.linkedin.com/jobs/view/4462997590,
https://www.linkedin.com/jobs/view/4459250595,
https://www.linkedin.com/jobs/view/4464627770,
https://www.linkedin.com/jobs/view/4462525041,
https://www.linkedin.com/jobs/view/4463543372,
https://www.linkedin.com/jobs/view/4463523744,
https://www.linkedin.com/jobs/view/4460622642,
https://www.linkedin.com/jobs/view/4446105307,
https://www.linkedin.com/jobs/view/4462409654,
https://www.linkedin.com/jobs/view/4464672875,
https://www.linkedin.com/jobs/view/4446117200,
https://www.linkedin.com/jobs/view/4464641744,
https://www.linkedin.com/jobs/view/4457490617,
https://www.linkedin.com/jobs/view/4454443171,
https://www.linkedin.com/jobs/view/4463506732,
https://www.linkedin.com/jobs/view/4454440487,
https://www.linkedin.com/jobs/view/4463538923,
https://www.linkedin.com/jobs/view/4462520193,
https://www.linkedin.com/jobs/view/4463564232,
https://www.linkedin.com/jobs/view/4462543115,
https://www.linkedin.com/jobs/view/4462546224,
https://www.indeed.com/viewjob?jk=89e2a79015be3bb5,
https://www.indeed.com/viewjob?jk=619f3b754dfed4f6,
https://www.indeed.com/viewjob?jk=b7b7b0453b7a54c4,
https://www.indeed.com/viewjob?jk=e5e43e8686bd696c,
https://www.indeed.com/viewjob?jk=768e5553678f0573,
https://www.indeed.com/viewjob?jk=f736c469decce28f,
https://www.indeed.com/viewjob?jk=c11378f9239854e9,
https://www.indeed.com/viewjob?jk=cc65468a1ac42794,
https://www.indeed.com/viewjob?jk=74be00a69631ec42,
https://www.indeed.com/viewjob?jk=73ba1e4f637bdeec,
https://www.indeed.com/viewjob?jk=2098dbd388858cb2,
https://www.indeed.com/viewjob?jk=09ff7695a9fa5891,
https://www.indeed.com/viewjob?jk=08f572c7a0303adc,
https://www.indeed.com/viewjob?jk=22d6d834f657c956,
https://www.indeed.com/viewjob?jk=7689cd4eab4356db,
https://www.indeed.com/viewjob?jk=ba3e11c43df209c2,
https://www.indeed.com/viewjob?jk=e77dc0c084309f11,
https://www.indeed.com/viewjob?jk=bb82acc8563de16b,
https://www.indeed.com/viewjob?jk=14490b1853561fb3,
https://www.indeed.com/viewjob?jk=e65d9909c4c3df28,
https://www.indeed.com/viewjob?jk=9c9850cd8f81acf6,
https://www.indeed.com/viewjob?jk=71a1ffff43c881be,
https://www.linkedin.com/jobs/view/4455353172,
https://www.linkedin.com/jobs/view/4464644931,
https://www.linkedin.com/jobs/view/4464654895,
https://www.linkedin.com/jobs/view/4464665502,
https://www.linkedin.com/jobs/view/4462569090,
https://www.linkedin.com/jobs/view/4463504250,
https://www.linkedin.com/jobs/view/4463577171,
https://www.linkedin.com/jobs/view/4464469504,
https://www.linkedin.com/jobs/view/4441039587,
https://www.linkedin.com/jobs/view/4463538446,
https://www.indeed.com/viewjob?jk=8ca7d85bb09cfc4d,
https://www.linkedin.com/jobs/view/4463502451,
https://www.linkedin.com/jobs/view/4464901538,
https://www.linkedin.com/jobs/view/4445189808,
https://www.linkedin.com/jobs/view/4459110782,
https://www.linkedin.com/jobs/view/4464493913,
https://www.linkedin.com/jobs/view/4462527951,
https://www.linkedin.com/jobs/view/4398891340,
https://www.linkedin.com/jobs/view/4463530717,
https://www.linkedin.com/jobs/view/4459119410,
https://www.indeed.com/viewjob?jk=c298cd872533f813,
https://www.linkedin.com/jobs/view/4464682740,
https://www.linkedin.com/jobs/view/4464646116,
https://www.linkedin.com/jobs/view/4464660641,
https://www.linkedin.com/jobs/view/4461979362,
https://www.linkedin.com/jobs/view/4464697182,
https://www.linkedin.com/jobs/view/4464686478,
https://www.linkedin.com/jobs/view/4464614250,
https://www.linkedin.com/jobs/view/4458535392,
https://www.linkedin.com/jobs/view/4434516873,
https://www.linkedin.com/jobs/view/4447016164,
https://www.linkedin.com/jobs/view/4464636909,
https://www.indeed.com/viewjob?jk=07ed6cf99abac2ae,
https://www.indeed.com/viewjob?jk=bca0f21642de0c8f,
https://www.indeed.com/viewjob?jk=3d401dbed2e23498,
https://www.indeed.com/viewjob?jk=35d19dcf00bdc433,
https://www.indeed.com/viewjob?jk=17b23a92ac2bb248,
https://www.indeed.com/viewjob?jk=04ab220af438782d,
https://www.indeed.com/viewjob?jk=044f498fe9cdf93d,
https://www.indeed.com/viewjob?jk=188e83592fe6f718,
https://www.indeed.com/viewjob?jk=91988b2b3c7d0b72,
https://www.linkedin.com/jobs/view/4464481475,
https://www.linkedin.com/jobs/view/4464679960,
https://www.linkedin.com/jobs/view/4455337891,
https://www.linkedin.com/jobs/view/4464695621,
https://www.linkedin.com/jobs/view/4464691156,
https://www.linkedin.com/jobs/view/4460149979,
https://www.linkedin.com/jobs/view/4463245915,
https://www.linkedin.com/jobs/view/4459812169,
https://www.linkedin.com/jobs/view/4464691527,
https://www.linkedin.com/jobs/view/4464649906,
https://www.linkedin.com/jobs/view/4463563815,
https://www.linkedin.com/jobs/view/4464646741,
https://www.linkedin.com/jobs/view/4464901800,
https://www.indeed.com/viewjob?jk=1820e82b2c05205b,
https://www.indeed.com/viewjob?jk=2b1ba0f0d2e770dc,
https://www.indeed.com/viewjob?jk=12f13de1c060c6e5,
https://www.indeed.com/viewjob?jk=357c3e42a7a44b57,
https://www.indeed.com/viewjob?jk=b8c0da978aadc65b,
https://www.indeed.com/viewjob?jk=b92601359545d506,
https://www.indeed.com/viewjob?jk=5946c420e7c92145,
https://www.indeed.com/viewjob?jk=4017dfb9ebbcfdc2,
https://www.indeed.com/viewjob?jk=7a0f047a7b7fc649,
https://www.indeed.com/viewjob?jk=3c2a162b290c167e,
https://www.indeed.com/viewjob?jk=3614771fafeaf2f7,
https://www.indeed.com/viewjob?jk=38fe324a4f252a51,
https://www.indeed.com/viewjob?jk=2c59aec355052b2b,
https://www.indeed.com/viewjob?jk=fef58064124b7ed6,
https://www.indeed.com/viewjob?jk=1012969a88b69820,
https://www.indeed.com/viewjob?jk=81f5c6c7586ae2f1,
https://www.indeed.com/viewjob?jk=21898630bd273efc,
https://www.indeed.com/viewjob?jk=047592eb21dd044a,
https://www.indeed.com/viewjob?jk=3d430f3f137c332e,
https://www.indeed.com/viewjob?jk=a4299d9525599640,
https://www.indeed.com/viewjob?jk=32b30dd30de7df96,
https://www.indeed.com/viewjob?jk=cfda2e75155a66aa,
https://www.indeed.com/viewjob?jk=47e0d7a9bfc426bb,
https://www.indeed.com/viewjob?jk=cdb60517fbe05ec8,
https://www.linkedin.com/jobs/view/4455503415,
https://www.linkedin.com/jobs/view/4464665996,
https://www.linkedin.com/jobs/view/4463558743,
https://www.linkedin.com/jobs/view/4464628822,
https://www.linkedin.com/jobs/view/4445975608,
https://www.linkedin.com/jobs/view/4452511178,
https://www.linkedin.com/jobs/view/4457503185,
https://www.linkedin.com/jobs/view/4457502227,
https://www.linkedin.com/jobs/view/4455377580,
https://www.indeed.com/viewjob?jk=dd270d7599a5d028,
https://www.indeed.com/viewjob?jk=2d3c92c4fb681dab,
https://www.indeed.com/viewjob?jk=fc03094decf93eed,
https://www.indeed.com/viewjob?jk=72df032b8afd55d7,
https://www.indeed.com/viewjob?jk=b8efe45befcda536,
https://www.linkedin.com/jobs/view/4463598699,
https://www.linkedin.com/jobs/view/4462573495,
https://www.indeed.com/viewjob?jk=5a8d57d1ebb94b6e,
https://www.indeed.com/viewjob?jk=4c36da4a45a15cf9,
https://www.indeed.com/viewjob?jk=42ccf78531fd37ad,
https://www.linkedin.com/jobs/view/4462552648,
https://www.indeed.com/viewjob?jk=cc084d0951d098cf,
https://www.indeed.com/viewjob?jk=de5ae699b02110f4,
https://www.linkedin.com/jobs/view/4455796107,
https://www.indeed.com/viewjob?jk=efbc6e37bc35b3e6,
https://www.indeed.com/viewjob?jk=8d70fef4aeef3f3f,
https://www.linkedin.com/jobs/view/4428041325,
https://www.linkedin.com/jobs/view/4463866565,
https://www.indeed.com/viewjob?jk=89361b04ef63b831,
https://www.linkedin.com/jobs/view/4454792313,
https://www.linkedin.com/jobs/view/4465009247,
https://www.indeed.com/viewjob?jk=ebce3ef5b8da36a2,
https://www.indeed.com/viewjob?jk=925d5b8cce80eff2,
https://www.indeed.com/viewjob?jk=4c8216119d2aff04,
https://www.linkedin.com/jobs/view/4465041016,
https://www.linkedin.com/jobs/view/4455920328,
https://www.linkedin.com/jobs/view/4463876545,
https://www.indeed.com/viewjob?jk=46126d6f4852b55b,
https://www.linkedin.com/jobs/view/4443632249,
https://www.linkedin.com/jobs/view/4455935852,
https://www.linkedin.com/jobs/view/4455746741,
https://www.indeed.com/viewjob?jk=062813ae7fece6cc,
https://www.indeed.com/viewjob?jk=ff73b05fbb605594,
https://www.indeed.com/viewjob?jk=1d8f6a7f93e13a44,
https://www.linkedin.com/jobs/view/4465026806,
https://www.indeed.com/viewjob?jk=75747ac7d11f2326,
https://www.linkedin.com/jobs/view/4462303438,
https://www.indeed.com/viewjob?jk=bbb121217e7b5481,
https://www.indeed.com/viewjob?jk=637fc4974e5efcc6,
https://www.indeed.com/viewjob?jk=84ddc4bfb0c918d8,
https://www.linkedin.com/jobs/view/4463585434,
https://www.indeed.com/viewjob?jk=a584df2bfc643678,
https://www.indeed.com/viewjob?jk=122594830624fd0d,
https://www.indeed.com/viewjob?jk=323421d19484e92c,
https://www.indeed.com/viewjob?jk=586e2d6fd1ef7fe6,
https://www.indeed.com/viewjob?jk=6afce5a25be847b6,
https://www.indeed.com/viewjob?jk=c053ed62fae6c045,
https://www.linkedin.com/jobs/view/4464990521,
https://www.indeed.com/viewjob?jk=bd0ab38b57d75426,
https://www.linkedin.com/jobs/view/4464927882,
https://www.indeed.com/viewjob?jk=af9ff46a6bc60d86,
https://www.indeed.com/viewjob?jk=f7411fd783e8f799,
https://www.linkedin.com/jobs/view/4462564415,
https://www.linkedin.com/jobs/view/4455914382,
https://www.indeed.com/viewjob?jk=6c1392813f5967a0,
https://www.linkedin.com/jobs/view/4465037298,
https://www.indeed.com/viewjob?jk=0e23e2340b88145b,
https://www.linkedin.com/jobs/view/4452173578,
https://www.linkedin.com/jobs/view/4464963769,
https://www.linkedin.com/jobs/view/4465066010,
https://www.indeed.com/viewjob?jk=e6cce2bdc34f8007,
https://www.indeed.com/viewjob?jk=0994bfe0f090c666,
https://www.linkedin.com/jobs/view/4464901199,
https://www.indeed.com/viewjob?jk=c039ac6b4e7a008d,
https://www.indeed.com/viewjob?jk=3a22280cd592fe71,
https://www.linkedin.com/jobs/view/4455942545,
https://www.indeed.com/viewjob?jk=f85c275011c1ccba,
https://www.linkedin.com/jobs/view/4462535831,
https://www.indeed.com/viewjob?jk=f5481dccf62eaec5,
https://www.indeed.com/viewjob?jk=8a196f30ac7e947b,
https://www.indeed.com/viewjob?jk=3556aa124d221b0b,
https://www.indeed.com/viewjob?jk=6f809e5698a68829,
https://www.indeed.com/viewjob?jk=d381908bfe0de9f1,
https://www.indeed.com/viewjob?jk=bed2aaa9496d9b80,
https://www.indeed.com/viewjob?jk=3380404f9b207cf0,
https://www.indeed.com/viewjob?jk=58eeeb551db694e1,
https://www.linkedin.com/jobs/view/4463041722,
https://www.linkedin.com/jobs/view/4452517104,
https://www.indeed.com/viewjob?jk=3e437da30d80f4eb,
https://www.indeed.com/viewjob?jk=ee744ab361115d91,
https://www.indeed.com/viewjob?jk=3c4aa5e49b8ce7a6,
https://www.indeed.com/viewjob?jk=d1edc2bd1623efda,
https://www.linkedin.com/jobs/view/4462540274,
https://www.indeed.com/viewjob?jk=fd9dd44938413a51,
https://www.indeed.com/viewjob?jk=e8ce2e04364489da,
https://www.linkedin.com/jobs/view/4446393561,
https://www.linkedin.com/jobs/view/4463516668,
https://www.linkedin.com/jobs/view/4464941151,
https://www.indeed.com/viewjob?jk=cf4acbddb56f6017,
https://www.linkedin.com/jobs/view/4454791294,
https://www.indeed.com/viewjob?jk=57e8aee4f00beb11,
https://www.linkedin.com/jobs/view/4465015267,
https://www.indeed.com/viewjob?jk=8b658a100c25874f,
https://www.indeed.com/viewjob?jk=c81c0a6a6d641262,
https://www.indeed.com/viewjob?jk=5b539e05af4ef779,
https://www.indeed.com/viewjob?jk=f83c442c746741de,
https://www.indeed.com/viewjob?jk=13f938ef09dc5020,
https://www.linkedin.com/jobs/view/4455927684,
https://www.indeed.com/viewjob?jk=5d3f059bcf6a788f,
https://www.linkedin.com/jobs/view/4464913659,
https://www.linkedin.com/jobs/view/4463585140,
https://www.indeed.com/viewjob?jk=5a586d52addedbf8,
https://www.indeed.com/viewjob?jk=2812e16c4addc294,
https://www.linkedin.com/jobs/view/4463865501,
https://www.linkedin.com/jobs/view/4464995398,
https://www.indeed.com/viewjob?jk=e5cdb0feebfc7682,
https://www.indeed.com/viewjob?jk=1830390a2595b495,
https://www.linkedin.com/jobs/view/4464965308,
https://www.indeed.com/viewjob?jk=3a5089ed769fadb3,
https://www.linkedin.com/jobs/view/4463563947,
https://www.linkedin.com/jobs/view/4462599453,
https://www.indeed.com/viewjob?jk=7a3054f595bff4b0,
https://www.indeed.com/viewjob?jk=f95c997124821470,
https://www.indeed.com/viewjob?jk=182b9c55f06dc489,
https://www.indeed.com/viewjob?jk=e6fd77d3147bb584,
https://www.indeed.com/viewjob?jk=6a43e6ef0a11e4e4,
https://www.linkedin.com/jobs/view/4387965654,
https://www.indeed.com/viewjob?jk=55403eea23236e5f,
https://www.linkedin.com/jobs/view/4463555319,
https://www.indeed.com/viewjob?jk=4b56ca0911465faa,
https://www.indeed.com/viewjob?jk=b485dc2ae09ca883,
https://www.indeed.com/viewjob?jk=9630301c9c09b5b5,
https://www.linkedin.com/jobs/view/4465046311,
https://www.indeed.com/viewjob?jk=a248cc86b7146709,
https://www.indeed.com/viewjob?jk=f051c1bcb6c9d4f8,
https://www.indeed.com/viewjob?jk=4216db81f0017269,
https://www.indeed.com/viewjob?jk=8d255e8e42915e26,
https://www.linkedin.com/jobs/view/4452294815,
https://www.linkedin.com/jobs/view/4462284606,
https://www.linkedin.com/jobs/view/4455955250,
https://www.linkedin.com/jobs/view/4463535509,
https://www.indeed.com/viewjob?jk=f3e12b3e12e85024,
https://www.linkedin.com/jobs/view/4463574796,
https://www.linkedin.com/jobs/view/4464950387,
https://www.indeed.com/viewjob?jk=b62d1365425e46c2,
https://www.indeed.com/viewjob?jk=1bb5efd98fe72562,
https://www.indeed.com/viewjob?jk=71eebf075d862a8e,
https://www.linkedin.com/jobs/view/4463016552,
https://www.indeed.com/viewjob?jk=431f06f6ea4d427c,
https://www.indeed.com/viewjob?jk=65545dfbbe3a94d9,
https://www.linkedin.com/jobs/view/4342231906,
https://www.indeed.com/viewjob?jk=77ef785c83a464f6,
https://www.indeed.com/viewjob?jk=c52b9772ed0190d6,
https://www.indeed.com/viewjob?jk=dfd640c4cefeb939,
https://www.indeed.com/viewjob?jk=2d99eeeda632fb22,
https://www.indeed.com/viewjob?jk=0b0083a2dd7034d4,
https://www.indeed.com/viewjob?jk=d18f4c97268095db,
https://www.indeed.com/viewjob?jk=b5b821f02e22138c,
https://www.indeed.com/viewjob?jk=4d178da8a7a19f47,
https://www.indeed.com/viewjob?jk=751e8d27f5e38496,
https://www.linkedin.com/jobs/view/4355101947,
https://www.indeed.com/viewjob?jk=e3d64daef85e6d63,
https://www.linkedin.com/jobs/view/4462560442,
https://www.indeed.com/viewjob?jk=0468517be367aba7,
https://www.linkedin.com/jobs/view/4463006257,
https://www.linkedin.com/jobs/view/4464626176,
https://www.indeed.com/viewjob?jk=df0617c841be3ee8,
https://www.indeed.com/viewjob?jk=49cb4dcea6087c13,
https://www.linkedin.com/jobs/view/4443210113,
https://www.indeed.com/viewjob?jk=476a10ea5cda1111,
https://www.indeed.com/viewjob?jk=68f1bbf1f9067ab4,
https://www.indeed.com/viewjob?jk=e9b1ceec36eb47ac,
https://www.indeed.com/viewjob?jk=c2c5806533eb6b6d,
https://www.linkedin.com/jobs/view/4456112415,
https://www.indeed.com/viewjob?jk=399382a7bbf11053,
https://www.linkedin.com/jobs/view/4464631716,
https://www.linkedin.com/jobs/view/4464647624,
https://www.linkedin.com/jobs/view/4464933495,
https://www.indeed.com/viewjob?jk=1accc8e39ec8fd62,
https://www.linkedin.com/jobs/view/4465020235,
https://www.linkedin.com/jobs/view/4463031753,
https://www.linkedin.com/jobs/view/4462730963,
https://www.indeed.com/viewjob?jk=3d8c8896fa09a253,
https://www.indeed.com/viewjob?jk=db31650baa172812,
https://www.indeed.com/viewjob?jk=82b4637b9370dc17,
https://www.indeed.com/viewjob?jk=3df15d4f7f8070a9,
https://www.indeed.com/viewjob?jk=f65357f7bb3293d5,
https://www.linkedin.com/jobs/view/4464533561,
https://www.linkedin.com/jobs/view/4465081650,
https://www.linkedin.com/jobs/view/4463078460,
https://www.indeed.com/viewjob?jk=120821677a7bd42b,
https://www.indeed.com/viewjob?jk=7e0b8120182fc387,
https://www.indeed.com/viewjob?jk=7a46528dde68ccad,
https://www.indeed.com/viewjob?jk=76ba6b55b2800ba1,
https://www.linkedin.com/jobs/view/4445786098,
https://www.linkedin.com/jobs/view/4463069279,
https://www.indeed.com/viewjob?jk=514e83935662e3b8,
https://www.linkedin.com/jobs/view/4463087798,
https://www.indeed.com/viewjob?jk=8d0cedcee2d47478,
https://www.linkedin.com/jobs/view/4463048979,
https://www.linkedin.com/jobs/view/4464529195,
https://www.indeed.com/viewjob?jk=47bdbdf9d457dad8,
https://www.linkedin.com/jobs/view/4465334446,
https://www.linkedin.com/jobs/view/4460687377,
https://www.linkedin.com/jobs/view/4463472472,
https://www.linkedin.com/jobs/view/4463068899,
https://www.indeed.com/viewjob?jk=7af643e19bec128b,
https://www.linkedin.com/jobs/view/4465380393,
https://www.linkedin.com/jobs/view/4465679881,
https://www.indeed.com/viewjob?jk=efb1b538e2fef388,
https://www.linkedin.com/jobs/view/4464102265,
https://www.linkedin.com/jobs/view/4446518947,
https://www.indeed.com/viewjob?jk=8bcd55526151ee08,
https://www.indeed.com/viewjob?jk=b8275c43418bff4b,
https://www.linkedin.com/jobs/view/4463899866,
https://www.linkedin.com/jobs/view/4400503956,
https://www.indeed.com/viewjob?jk=810edb4c86d8c79a,
https://www.linkedin.com/jobs/view/4463075456,
https://www.linkedin.com/jobs/view/4465337772,
https://www.linkedin.com/jobs/view/4464112565,
https://www.linkedin.com/jobs/view/4463898923,
https://www.linkedin.com/jobs/view/4463062389,
https://www.linkedin.com/jobs/view/4464132006,
https://www.indeed.com/viewjob?jk=431233e9eb298cd1,
https://www.linkedin.com/jobs/view/4463086156,
https://www.linkedin.com/jobs/view/4465342026,
https://www.indeed.com/viewjob?jk=233d36787605ee0d,
https://www.indeed.com/viewjob?jk=63c084ecfcee2147,
https://www.linkedin.com/jobs/view/4443688590,
https://www.indeed.com/viewjob?jk=3fb61b9be56fbef4,
https://www.indeed.com/viewjob?jk=d2c050d1d19ee8e2,
https://www.linkedin.com/jobs/view/4465816037,
https://www.linkedin.com/jobs/view/4465642458,
https://www.indeed.com/viewjob?jk=3c9c6041e8551828,
https://www.indeed.com/viewjob?jk=e0f6f9d1d3c63020,
https://www.indeed.com/viewjob?jk=d80239d873b06566,
https://www.indeed.com/viewjob?jk=800c653aaffca822,
https://www.indeed.com/viewjob?jk=10b62918f1c92de5,
https://www.linkedin.com/jobs/view/4453489583,
https://www.linkedin.com/jobs/view/4464133081,
https://www.linkedin.com/jobs/view/4463051240,
https://www.linkedin.com/jobs/view/4465332515,
https://www.linkedin.com/jobs/view/4463894901,
https://www.linkedin.com/jobs/view/4461537763,
https://www.linkedin.com/jobs/view/4464530223,
https://www.linkedin.com/jobs/view/4463073356,
https://www.linkedin.com/jobs/view/4465698135,
https://www.indeed.com/viewjob?jk=5f282f7edcffc9e5,
https://www.linkedin.com/jobs/view/4456333982,
https://www.indeed.com/viewjob?jk=e253cd7e3464412b,
https://www.linkedin.com/jobs/view/4456359058,
https://www.indeed.com/viewjob?jk=2a8c8273a77ac881,
https://www.indeed.com/viewjob?jk=684586a28f3e2777,
https://www.linkedin.com/jobs/view/4463049988,
https://www.linkedin.com/jobs/view/4465652396,
https://www.indeed.com/viewjob?jk=c02b346d34732e72,
https://www.linkedin.com/jobs/view/4465321336,
https://www.linkedin.com/jobs/view/4464183513,
https://www.linkedin.com/jobs/view/4463054134,
https://www.indeed.com/viewjob?jk=f273a45c27e4d2f4,
https://www.linkedin.com/jobs/view/4464122083,
https://www.indeed.com/viewjob?jk=045165e19ec95298,
https://www.linkedin.com/jobs/view/4460421437,
https://www.indeed.com/viewjob?jk=326b17efe6dd0277,
https://www.indeed.com/viewjob?jk=5137d31394a59862,
https://www.indeed.com/viewjob?jk=352d162c1e152caa,
https://www.indeed.com/viewjob?jk=5711426ba616125f,
https://www.linkedin.com/jobs/view/4461298286,
https://www.indeed.com/viewjob?jk=c32167388c9c880e,
https://www.indeed.com/viewjob?jk=55a78d6565cbb615,
https://www.linkedin.com/jobs/view/4465630653,
https://www.indeed.com/viewjob?jk=2757d5d36d714b72,
https://www.linkedin.com/jobs/view/4464160040,
https://www.indeed.com/viewjob?jk=efd5c1fd41e4de74,
https://www.indeed.com/viewjob?jk=3a37c56987450926,
https://www.indeed.com/viewjob?jk=8e789c4882a18182,
https://www.indeed.com/viewjob?jk=2a7f354a6448cb2e,
https://www.indeed.com/viewjob?jk=1e1264405e809a98,
https://www.indeed.com/viewjob?jk=6a92ac326614b8de,
https://www.indeed.com/viewjob?jk=bd668a08442ac37b,
https://www.indeed.com/viewjob?jk=a57e9e0ea8106172,
https://www.indeed.com/viewjob?jk=bc36c97a6fcf7be8,
https://www.indeed.com/viewjob?jk=af7b1172ee996410,
https://www.indeed.com/viewjob?jk=18b7a69a7868c146,
https://www.indeed.com/viewjob?jk=5fb1926e7c21d973,
https://www.linkedin.com/jobs/view/4460593328,
https://www.linkedin.com/jobs/view/4456426241,
https://www.linkedin.com/jobs/view/4449814789,
https://www.linkedin.com/jobs/view/4465347803,
https://www.linkedin.com/jobs/view/4465644311,
https://www.indeed.com/viewjob?jk=bf827c50f564441f,
https://www.linkedin.com/jobs/view/4463093752,
https://www.indeed.com/viewjob?jk=b80e91d5f871e467,
https://www.indeed.com/viewjob?jk=71205ae0f656ee04,
https://www.indeed.com/viewjob?jk=55cb301e916e154e,
https://www.linkedin.com/jobs/view/4464133090,
https://www.linkedin.com/jobs/view/4446502238,
https://www.linkedin.com/jobs/view/4453492991,
https://www.indeed.com/viewjob?jk=cbe8940947e17e32,
https://www.linkedin.com/jobs/view/4455922185,
https://www.linkedin.com/jobs/view/4463084869,
https://www.linkedin.com/jobs/view/4459977613,
https://www.indeed.com/viewjob?jk=e517e0aa84aa79f8,
https://www.indeed.com/viewjob?jk=4cfae802d2c93517,
https://www.indeed.com/viewjob?jk=13fa3695558fcae8,
https://www.linkedin.com/jobs/view/4464116125,
https://www.linkedin.com/jobs/view/4463083519,
https://www.indeed.com/viewjob?jk=f32cc0c4bc3c80cb,
https://www.indeed.com/viewjob?jk=a1707a694636d506,
https://www.indeed.com/viewjob?jk=cda9288932d508fb,
https://www.linkedin.com/jobs/view/4463068062,
https://www.linkedin.com/jobs/view/4464568073,
https://www.linkedin.com/jobs/view/4465087543,
https://www.indeed.com/viewjob?jk=f845a0a6bb600aaa,
https://www.indeed.com/viewjob?jk=24a3b1165003e20e,
https://www.linkedin.com/jobs/view/4463039992,
https://www.linkedin.com/jobs/view/4465601751,
https://www.linkedin.com/jobs/view/4464130030,
https://www.indeed.com/viewjob?jk=cb455255cc3fc315,
https://www.linkedin.com/jobs/view/4463071428,
https://www.indeed.com/viewjob?jk=f358caeb298e73e0,
https://www.linkedin.com/jobs/view/4446516923,
https://www.linkedin.com/jobs/view/4465689724,
https://www.indeed.com/viewjob?jk=199a21af2dec10cd,
https://www.linkedin.com/jobs/view/4465385359,
https://www.indeed.com/viewjob?jk=edbca52089045bb7,
https://www.indeed.com/viewjob?jk=d93a3e924a82a9c7,
https://www.indeed.com/viewjob?jk=f72c449c5b78478d,
https://www.indeed.com/viewjob?jk=0e8f6396469a0916,
https://www.indeed.com/viewjob?jk=6ae2b3889a3a40f8,
https://www.linkedin.com/jobs/view/4450534068,
https://www.indeed.com/viewjob?jk=dbe95dddadc7f4fa,
https://www.indeed.com/viewjob?jk=a5cd9930c7661d60,
https://www.indeed.com/viewjob?jk=a381982c6000d8ae,
https://www.linkedin.com/jobs/view/4463898631,
https://www.indeed.com/viewjob?jk=f94ab9ab10753225,
https://www.indeed.com/viewjob?jk=49e62999b05dd2e1,
https://www.indeed.com/viewjob?jk=83dd0ca2802a6e78,
https://www.linkedin.com/jobs/view/4463077685,
https://www.indeed.com/viewjob?jk=83bfdd2bb9848461,
https://www.indeed.com/viewjob?jk=4376398d076dda30,
https://www.indeed.com/viewjob?jk=3e937d3d05bd147f,
https://www.linkedin.com/jobs/view/4465391365,
https://www.indeed.com/viewjob?jk=4851f4dda578fe0c,
https://www.indeed.com/viewjob?jk=5a34ddd20c06a28e,
https://www.indeed.com/viewjob?jk=182f22a270b41520,
https://www.indeed.com/viewjob?jk=b23464409ba49692,
https://www.indeed.com/viewjob?jk=e30a6f22ef30b2da,
https://www.linkedin.com/jobs/view/4464191836,
https://www.linkedin.com/jobs/view/4465083770,
https://www.linkedin.com/jobs/view/4465324322,
https://www.indeed.com/viewjob?jk=9e33826889d261a3,
https://www.linkedin.com/jobs/view/4464515070,
https://www.indeed.com/viewjob?jk=dfa1c6eadc8e08f9,
https://www.linkedin.com/jobs/view/4463083520,
https://www.linkedin.com/jobs/view/4465362108,
https://www.indeed.com/viewjob?jk=74d5a8b377187312,
https://www.linkedin.com/jobs/view/4464146008,
https://www.linkedin.com/jobs/view/4362755206,
https://www.linkedin.com/jobs/view/4463406800,
https://www.linkedin.com/jobs/view/4465090143,
https://www.linkedin.com/jobs/view/4465071843,
https://www.indeed.com/viewjob?jk=7c537f41938c3e8b,
https://www.linkedin.com/jobs/view/4465361113,
https://www.linkedin.com/jobs/view/4464106091,
https://www.linkedin.com/jobs/view/4465692919,
https://www.linkedin.com/jobs/view/4464128838,
https://www.indeed.com/viewjob?jk=bc18819f2f87ae3a,
https://www.linkedin.com/jobs/view/4463072723,
https://www.indeed.com/viewjob?jk=ff544e31370e4a36,
https://www.linkedin.com/jobs/view/4463064915,
https://www.indeed.com/viewjob?jk=666a6cf5b93a74be,
https://www.linkedin.com/jobs/view/4446505148,
https://www.linkedin.com/jobs/view/4463046500,
https://www.linkedin.com/jobs/view/4455927053,
https://www.indeed.com/viewjob?jk=13e1a2071879cc3e,
https://www.indeed.com/viewjob?jk=661bbfd913fdec26,
https://www.linkedin.com/jobs/view/4464819272,
https://www.linkedin.com/jobs/view/4465893031,
https://www.linkedin.com/jobs/view/4464806121,
https://www.linkedin.com/jobs/view/4466072885,
https://www.indeed.com/viewjob?jk=8b1fbfe86a8cc046,
https://www.indeed.com/viewjob?jk=6958b7f2631c81a9,
https://www.linkedin.com/jobs/view/4466032240,
https://www.linkedin.com/jobs/view/4463915678,
https://www.linkedin.com/jobs/view/4464814317,
https://www.linkedin.com/jobs/view/4464598892,
https://www.indeed.com/viewjob?jk=c0f498314ed2a94c,
https://www.indeed.com/viewjob?jk=5eed611293373861,
https://www.linkedin.com/jobs/view/4464838185,
https://www.linkedin.com/jobs/view/4418507113,
https://www.indeed.com/viewjob?jk=f592b449604a16b1,
https://www.indeed.com/viewjob?jk=bbb7eace6005f5ad,
https://www.linkedin.com/jobs/view/4465874891,
https://www.indeed.com/viewjob?jk=9c13434961804bd5,
https://www.linkedin.com/jobs/view/4466090188,
https://www.indeed.com/viewjob?jk=534c5766644d5bed,
https://www.linkedin.com/jobs/view/4429710356,
https://www.indeed.com/viewjob?jk=72a0e8ac9eb1efd2,
https://www.indeed.com/viewjob?jk=9298d5b3665ff159,
https://www.linkedin.com/jobs/view/4466345604,
https://www.linkedin.com/jobs/view/4400134238,
https://www.linkedin.com/jobs/view/4466092926,
https://www.linkedin.com/jobs/view/4465877424,
https://www.linkedin.com/jobs/view/4466089302,
https://www.linkedin.com/jobs/view/4465882413,
https://www.indeed.com/viewjob?jk=6bc5fb76d3075d20,
https://www.indeed.com/viewjob?jk=7e77646a392f0be1,
https://www.linkedin.com/jobs/view/4454649204,
https://www.indeed.com/viewjob?jk=f087766842b0f157,
https://www.linkedin.com/jobs/view/4465875421,
https://www.indeed.com/viewjob?jk=3171097ee028b65c,
https://www.indeed.com/viewjob?jk=148a8cf3a817b4a6,
https://www.indeed.com/viewjob?jk=baa3a90ed505152d,
https://www.linkedin.com/jobs/view/4463611434,
https://www.indeed.com/viewjob?jk=78e7c32a67da16af,
https://www.indeed.com/viewjob?jk=bf5e156bb32487b7,
https://www.indeed.com/viewjob?jk=25f17976417da382,
https://www.indeed.com/viewjob?jk=caaa55290c990ef2,
https://www.linkedin.com/jobs/view/4463936096,
https://www.linkedin.com/jobs/view/4465866157,
https://www.indeed.com/viewjob?jk=69a846fc4d987065,
https://www.indeed.com/viewjob?jk=4f9adf3f1fe5340c,
https://www.indeed.com/viewjob?jk=747b33b9295c15cc,
https://www.indeed.com/viewjob?jk=03fa83b3a3437aa2,
https://www.linkedin.com/jobs/view/4465828926,
https://www.linkedin.com/jobs/view/4466012172,
https://www.linkedin.com/jobs/view/4463917124,
https://www.indeed.com/viewjob?jk=589f8985114fda9a,
https://www.indeed.com/viewjob?jk=5fd523dcee5c41dc,
https://www.linkedin.com/jobs/view/4466358222,
https://www.indeed.com/viewjob?jk=3abe080b27d674a1,
https://www.indeed.com/viewjob?jk=1c79b7fa43feb1f7,
https://www.linkedin.com/jobs/view/4466360538,
https://www.indeed.com/viewjob?jk=47e1088f1fd5549d,
https://www.indeed.com/viewjob?jk=76ba23701e3059fa,
https://www.indeed.com/viewjob?jk=de47dc37971ea369,
https://www.linkedin.com/jobs/view/4463932513,
https://www.linkedin.com/jobs/view/4466003972,
https://www.indeed.com/viewjob?jk=e07cfd7810155188,
https://www.indeed.com/viewjob?jk=91cfa81fd0b298b8,
https://www.indeed.com/viewjob?jk=856903ddd726eabf,
https://www.linkedin.com/jobs/view/4466303886,
https://www.linkedin.com/jobs/view/4464879106,
https://www.indeed.com/viewjob?jk=73c9e4fcc4bee57c,
https://www.linkedin.com/jobs/view/4444163840,
https://www.indeed.com/viewjob?jk=e3af0a6bd048fbbf,
https://www.linkedin.com/jobs/view/4465859569,
https://www.linkedin.com/jobs/view/4465127572,
https://www.indeed.com/viewjob?jk=bb6bee6dcde836f8,
https://www.indeed.com/viewjob?jk=5b433264160b2860,
https://www.linkedin.com/jobs/view/4463948373,
https://www.indeed.com/viewjob?jk=bdd7b315e8aaae2e,
https://www.linkedin.com/jobs/view/4466322776,
https://www.indeed.com/viewjob?jk=5d98cb22b03f6cbe,
https://www.indeed.com/viewjob?jk=ec8b37287fa447c9,
https://www.linkedin.com/jobs/view/4465122050,
https://www.indeed.com/viewjob?jk=ff4f981edee4de60,
https://www.indeed.com/viewjob?jk=ab115b583adab400,
https://www.linkedin.com/jobs/view/4465899729,
https://www.linkedin.com/jobs/view/4462457490,
https://www.indeed.com/viewjob?jk=4e0c6de2796f5cbf,
https://www.linkedin.com/jobs/view/4466357860,
https://www.linkedin.com/jobs/view/4464841392,
https://www.indeed.com/viewjob?jk=bb3010c7b2b2f203,
https://www.linkedin.com/jobs/view/4466087625,
https://www.linkedin.com/jobs/view/4463964320,
https://www.linkedin.com/jobs/view/4466325754,
https://www.linkedin.com/jobs/view/4438544918,
https://www.linkedin.com/jobs/view/4456096607,
https://www.indeed.com/viewjob?jk=67af593f575ef480,
https://www.linkedin.com/jobs/view/4410752026,
https://www.linkedin.com/jobs/view/4463179394,
https://www.indeed.com/viewjob?jk=9e9e87645b13b51b,
https://www.linkedin.com/jobs/view/4464551026,
https://www.linkedin.com/jobs/view/4465102176,
https://www.linkedin.com/jobs/view/4466353023,
https://www.linkedin.com/jobs/view/4466009945,
https://www.indeed.com/viewjob?jk=d994a21889a7328a,
https://www.linkedin.com/jobs/view/4466308828,
https://www.linkedin.com/jobs/view/4464890498,
https://www.linkedin.com/jobs/view/4465862240,
https://www.linkedin.com/jobs/view/4463499013,
https://www.indeed.com/viewjob?jk=82819436d76c4ae8,
https://www.linkedin.com/jobs/view/4465810162,
https://www.indeed.com/viewjob?jk=c4d2be70deca0af6,
https://www.indeed.com/viewjob?jk=b827a676602e22b3,
https://www.indeed.com/viewjob?jk=b11fd6e7c4c52897,
https://www.linkedin.com/jobs/view/4465881879,
https://www.linkedin.com/jobs/view/4464567949,
https://www.linkedin.com/jobs/view/4465857935,
https://www.indeed.com/viewjob?jk=ad402b739452faea,
https://www.indeed.com/viewjob?jk=1830866d2f0c47de,
https://www.indeed.com/viewjob?jk=419bb23113185b4e,
https://www.linkedin.com/jobs/view/4466013794,
https://www.indeed.com/viewjob?jk=8a98aeba4938b4a1,
https://www.indeed.com/viewjob?jk=e90187cd0394791d,
https://www.indeed.com/viewjob?jk=63e2bd884d74d8eb,
https://www.linkedin.com/jobs/view/4465850942,
https://www.linkedin.com/jobs/view/4446840939,
https://www.indeed.com/viewjob?jk=177dddedc2fe5517,
https://www.indeed.com/viewjob?jk=c9a2dc5a7ed26832,
https://www.linkedin.com/jobs/view/4466321618,
https://www.linkedin.com/jobs/view/4464819282,
https://www.indeed.com/viewjob?jk=0e26a39d27f89d42,
https://www.linkedin.com/jobs/view/4466351062,
https://www.linkedin.com/jobs/view/4437373808,
https://www.linkedin.com/jobs/view/4466305883,
https://www.indeed.com/viewjob?jk=cf6e070c84ca270c,
https://www.indeed.com/viewjob?jk=21d320d0e96c3ede,
https://www.linkedin.com/jobs/view/4466356813,
https://www.indeed.com/viewjob?jk=359fa9c97ec1e8e8,
https://www.linkedin.com/jobs/view/4456045846,
https://www.linkedin.com/jobs/view/4466329733,
https://www.indeed.com/viewjob?jk=3e44df5e25febbbf,
https://www.indeed.com/viewjob?jk=b832427d863caafd,
https://www.linkedin.com/jobs/view/4465870067,
https://www.indeed.com/viewjob?jk=9f21902ffbdad920,
https://www.indeed.com/viewjob?jk=74f6c723027fddc1,
https://www.indeed.com/viewjob?jk=c76f580bb0f349ab,
https://www.linkedin.com/jobs/view/4464216348,
https://www.indeed.com/viewjob?jk=937902d46c480cd6,
https://www.indeed.com/viewjob?jk=2346784493e1a5ab,
https://www.linkedin.com/jobs/view/4464594077,
https://www.linkedin.com/jobs/view/4464595872,
https://www.indeed.com/viewjob?jk=8880ce854caa2b29,
https://www.linkedin.com/jobs/view/4464843387,
https://www.indeed.com/viewjob?jk=e2da1f6a03c0643a,
https://www.linkedin.com/jobs/view/4464883170,
https://www.indeed.com/viewjob?jk=365dee3a35f49af5,
https://www.indeed.com/viewjob?jk=25c3e9500c1a35f4,
https://www.indeed.com/viewjob?jk=d9e690296bfc45f3,
https://www.indeed.com/viewjob?jk=3de9ab6cc20fcc36,
https://www.indeed.com/viewjob?jk=24cbec20b84d6633,
https://www.linkedin.com/jobs/view/4463922676,
https://www.linkedin.com/jobs/view/4464895050,
https://www.linkedin.com/jobs/view/4465120075,
https://www.linkedin.com/jobs/view/4466348215,
https://www.linkedin.com/jobs/view/4438116335,
https://www.linkedin.com/jobs/view/4466352688,
https://www.linkedin.com/jobs/view/4463952345,
https://www.linkedin.com/jobs/view/4432296248,
https://www.indeed.com/viewjob?jk=4567388e414519f0,
https://www.indeed.com/viewjob?jk=e39fb0d25ef3d40e,
https://www.linkedin.com/jobs/view/4466328520,
https://www.indeed.com/viewjob?jk=28918e9f0080ee4d,
https://www.linkedin.com/jobs/view/4464585842,
https://www.linkedin.com/jobs/view/4456036080,
https://www.indeed.com/viewjob?jk=243010698b015aef,
https://www.indeed.com/viewjob?jk=495ee0e95494ca54,
https://www.linkedin.com/jobs/view/4445233534,
https://www.linkedin.com/jobs/view/4464847354,
https://www.indeed.com/viewjob?jk=79dacc41bedf52f6,
https://www.linkedin.com/jobs/view/4456763885,
https://www.linkedin.com/jobs/view/4457018005,
https://www.indeed.com/viewjob?jk=71205382a7d3b9c4,
https://www.indeed.com/viewjob?jk=d47c385dabeb4223,
https://www.indeed.com/viewjob?jk=dcad0d77d6ee343b,
https://www.indeed.com/viewjob?jk=579ae74b13cba4e1,
https://www.indeed.com/viewjob?jk=b624387c3020e654,
https://www.indeed.com/viewjob?jk=685116284f12a3d7,
https://www.indeed.com/viewjob?jk=0e879a175539f6e7,
https://www.indeed.com/viewjob?jk=6a9fcb98a88ae8b9,
https://www.indeed.com/viewjob?jk=ac79840c63a9d424,
https://www.indeed.com/viewjob?jk=0dfc8aa3f0fde54a,
https://www.indeed.com/viewjob?jk=df6f22333b155559,
https://www.indeed.com/viewjob?jk=656ec53aff8cf3e1,
https://www.indeed.com/viewjob?jk=d1a97bdbebe66185,
https://www.indeed.com/viewjob?jk=11cf7db7bde12b62,
https://www.indeed.com/viewjob?jk=69cced466437ea60,
https://www.indeed.com/viewjob?jk=aaa48ef0cc2fc904,
https://www.indeed.com/viewjob?jk=7ac4ebbdce318c35,
https://www.indeed.com/viewjob?jk=279e3eaf30948ca3,
https://www.indeed.com/viewjob?jk=4383986a61ba64ec,
https://www.indeed.com/viewjob?jk=fe887e8e12749e86,
https://www.indeed.com/viewjob?jk=c64006fc10589c38,
https://www.indeed.com/viewjob?jk=107ce0d1712fdb71,
https://www.indeed.com/viewjob?jk=cd0ae79f41673296,
https://www.indeed.com/viewjob?jk=55bf0ed41f373e0c,
https://www.indeed.com/viewjob?jk=dea61f715f2c35ff,
https://www.linkedin.com/jobs/view/4466313820,
https://www.indeed.com/viewjob?jk=a4df30da39af8dca,
https://www.linkedin.com/jobs/view/4427384888,
https://www.indeed.com/viewjob?jk=cedebdf631b7f0d9,
https://www.linkedin.com/jobs/view/4298052072,
https://www.linkedin.com/jobs/view/4466344186,
https://www.linkedin.com/jobs/view/4465807649,
https://www.linkedin.com/jobs/view/4460521921,
https://www.indeed.com/viewjob?jk=20b1a91a3ddb6209,
https://www.linkedin.com/jobs/view/4466362644,
https://www.linkedin.com/jobs/view/4456099756,
https://www.linkedin.com/jobs/view/4464828091,
https://www.indeed.com/viewjob?jk=1f2bfa0dddfc4761,
https://www.linkedin.com/jobs/view/4466053075,
https://www.linkedin.com/jobs/view/4456005318,
https://www.linkedin.com/jobs/view/4464568718,
https://www.linkedin.com/jobs/view/4466041274,
https://www.linkedin.com/jobs/view/4463934520,
https://www.linkedin.com/jobs/view/4465865323,
https://www.linkedin.com/jobs/view/4464231884,
https://www.indeed.com/viewjob?jk=cf0b970732c77a05,
https://www.linkedin.com/jobs/view/4465848835,
https://www.linkedin.com/jobs/view/4455417484,
https://www.linkedin.com/jobs/view/4466380251,
https://www.linkedin.com/jobs/view/4466014799,
https://www.linkedin.com/jobs/view/4462045852,
https://www.linkedin.com/jobs/view/4454173828,
https://www.indeed.com/viewjob?jk=55f877a93e81d606,
https://www.linkedin.com/jobs/view/4429595298,
https://www.indeed.com/viewjob?jk=5724d5575e9fd969,
https://www.indeed.com/viewjob?jk=55a9779648b4a8ad,
https://www.linkedin.com/jobs/view/4466351199,
https://www.indeed.com/viewjob?jk=264f74d0157a3341,
https://www.indeed.com/viewjob?jk=c5e1c4ce0e4ecd0e,
https://www.linkedin.com/jobs/view/4464816034,
https://www.linkedin.com/jobs/view/4466330721,
https://www.linkedin.com/jobs/view/4444197824,
https://www.linkedin.com/jobs/view/4465857880,
https://www.indeed.com/viewjob?jk=79988df71c281cd7,
https://www.linkedin.com/jobs/view/4466077267,
https://www.linkedin.com/jobs/view/4456065209,
https://www.linkedin.com/jobs/view/4464885357,
https://www.linkedin.com/jobs/view/4427379897,
https://www.indeed.com/viewjob?jk=5e9c3882f0661d45,
https://www.linkedin.com/jobs/view/4447259004,
https://www.indeed.com/viewjob?jk=e5ba659dfccdc9a6,
https://www.linkedin.com/jobs/view/4438120135,
https://www.linkedin.com/jobs/view/4464864845,
https://www.indeed.com/viewjob?jk=35db437b92899b74,
https://www.linkedin.com/jobs/view/4446065516,
https://www.indeed.com/viewjob?jk=92dd206b9a105758,
https://www.indeed.com/viewjob?jk=79ced172cdfeab2a,
https://www.linkedin.com/jobs/view/4464805912,
https://www.linkedin.com/jobs/view/4466087066,
https://www.indeed.com/viewjob?jk=6aed702e564f4d29,
https://www.linkedin.com/jobs/view/4464824987,
https://www.linkedin.com/jobs/view/4466346280,
https://www.indeed.com/viewjob?jk=8d98561fccabae0e,
https://www.linkedin.com/jobs/view/4465855057,
https://www.linkedin.com/jobs/view/4466313054,
https://www.indeed.com/viewjob?jk=1d1bba560f429919,
https://www.linkedin.com/jobs/view/4456015410,
https://www.linkedin.com/jobs/view/4464237500,
https://www.linkedin.com/jobs/view/4464595077,
https://www.indeed.com/viewjob?jk=79338af76ca3d30c,
https://www.indeed.com/viewjob?jk=533c4d2f4d0c327a,
https://www.linkedin.com/jobs/view/4430139793,
https://www.indeed.com/viewjob?jk=9ec5dc995e1f0153,
https://www.indeed.com/viewjob?jk=03fe67aa3e0d9edc,
https://www.indeed.com/viewjob?jk=f73c77bae7345fcf,
https://www.indeed.com/viewjob?jk=6d961d13e373c423,
https://www.indeed.com/viewjob?jk=47a4437dc03aa907,
https://www.linkedin.com/jobs/view/4457095244,
https://www.indeed.com/viewjob?jk=3c87f360dcb21d66,
https://www.linkedin.com/jobs/view/4438669163,
https://www.indeed.com/viewjob?jk=8692db6785198d05,
https://www.linkedin.com/jobs/view/4429561037,
https://www.indeed.com/viewjob?jk=57cb74be2be9a2aa,
https://www.indeed.com/viewjob?jk=3096f0cb2d108af7,
https://www.linkedin.com/jobs/view/4466369017,
https://www.linkedin.com/jobs/view/4465876104,
https://www.linkedin.com/jobs/view/4465108808,
https://www.indeed.com/viewjob?jk=4b4b284efd3d63ba,
https://www.indeed.com/viewjob?jk=2fd7a62fe3a1be0a,
https://www.linkedin.com/jobs/view/4464836008,
https://www.linkedin.com/jobs/view/4457312725,
https://www.linkedin.com/jobs/view/4450635266,
https://www.linkedin.com/jobs/view/4466090699,
https://www.linkedin.com/jobs/view/4466350371,
https://www.linkedin.com/jobs/view/4438501461,
https://www.linkedin.com/jobs/view/4465831646,
https://www.linkedin.com/jobs/view/4466098233,
https://www.indeed.com/viewjob?jk=909739db1d834e98,
https://www.indeed.com/viewjob?jk=81045ea51eccd8d0,
https://www.linkedin.com/jobs/view/4466333101,
https://www.linkedin.com/jobs/view/4466038597,
https://www.linkedin.com/jobs/view/4465885378,
https://www.indeed.com/viewjob?jk=e5a90a86e49a7174,
https://www.indeed.com/viewjob?jk=7d9aa58b33f432f2,
https://www.linkedin.com/jobs/view/4464874424,
https://www.linkedin.com/jobs/view/4464206339,
https://www.linkedin.com/jobs/view/4463918118,
https://www.linkedin.com/jobs/view/4443083675,
https://www.indeed.com/viewjob?jk=48a2692b393a6b81,
https://www.linkedin.com/jobs/view/4465879496,
https://www.linkedin.com/jobs/view/4457014523,
https://www.indeed.com/viewjob?jk=90e349f22116e399,
https://www.linkedin.com/jobs/view/4464582166,
https://www.indeed.com/viewjob?jk=d19e1d6541901624,
https://www.indeed.com/viewjob?jk=e2e9cf5a59400e7d,
https://www.linkedin.com/jobs/view/4463488946,
https://www.indeed.com/viewjob?jk=eb6d1177acd780c5,
https://www.linkedin.com/jobs/view/4466374304,
https://www.linkedin.com/jobs/view/4464591301,
https://www.linkedin.com/jobs/view/4456214006,
https://www.linkedin.com/jobs/view/4453337829,
https://www.linkedin.com/jobs/view/4457033279,
https://www.linkedin.com/jobs/view/4464217509,
https://www.linkedin.com/jobs/view/4466075651,
https://www.indeed.com/viewjob?jk=fee5fa8994d418d6,
https://www.indeed.com/viewjob?jk=38309bfccc5f2e4b,
https://www.indeed.com/viewjob?jk=3049986fe0768d38,
https://www.indeed.com/viewjob?jk=cc02cca076620c6c,
https://www.indeed.com/viewjob?jk=2287b88612c5880a,
https://www.indeed.com/viewjob?jk=00f2bfa924466cd9,
https://www.indeed.com/viewjob?jk=3619d77c519e6b3a,
https://www.indeed.com/viewjob?jk=91cc993f3189ef3f,
https://www.indeed.com/viewjob?jk=0273c0037775fd85,
https://www.linkedin.com/jobs/view/4464236199,
https://www.indeed.com/viewjob?jk=0810de94a45f3a4e,
https://www.indeed.com/viewjob?jk=ccc7865563fc1e70,
https://www.linkedin.com/jobs/view/4463947289,
https://www.linkedin.com/jobs/view/4463499951,
https://www.linkedin.com/jobs/view/4464865428,
https://www.linkedin.com/jobs/view/4465681755,
https://www.linkedin.com/jobs/view/4457087108,
https://www.linkedin.com/jobs/view/4466005138,
https://www.linkedin.com/jobs/view/4466351588,
https://www.linkedin.com/jobs/view/4466024888,
https://www.linkedin.com/jobs/view/4464227096,
https://www.linkedin.com/jobs/view/4456024396,
https://www.indeed.com/viewjob?jk=5ffc954d39fb4c95,
https://www.linkedin.com/jobs/view/4454117646,
https://www.linkedin.com/jobs/view/4464862553,
https://www.linkedin.com/jobs/view/4465110248,
https://www.linkedin.com/jobs/view/4466017033,
https://www.linkedin.com/jobs/view/4465105295,
https://www.indeed.com/viewjob?jk=8c6b936fc4aaed9a,
https://www.linkedin.com/jobs/view/4466003983,
https://www.indeed.com/viewjob?jk=9cd63abe455c8abf,
https://www.indeed.com/viewjob?jk=9e5f10e26d6f6df6,
https://www.indeed.com/viewjob?jk=d1c7c451f7df74d9,
https://www.linkedin.com/jobs/view/4465110926,
https://www.indeed.com/viewjob?jk=7f3478ad3d6f3278,
https://www.linkedin.com/jobs/view/4466075376,
https://www.indeed.com/viewjob?jk=28b55c5f4144af1c,
https://www.indeed.com/viewjob?jk=9312d3b6d07cb0db,
https://www.linkedin.com/jobs/view/4464884252,
https://www.linkedin.com/jobs/view/4456522137,
https://www.indeed.com/viewjob?jk=c8905b9a738049ac,
https://www.linkedin.com/jobs/view/4466354597,
https://www.indeed.com/viewjob?jk=d2cfdeee9ff3fb95,
https://www.linkedin.com/jobs/view/4456047896,
https://www.indeed.com/viewjob?jk=95b0a3dd6c979697,
https://www.linkedin.com/jobs/view/4457343409,
https://www.linkedin.com/jobs/view/4464588535,
https://www.linkedin.com/jobs/view/4456757716,
https://www.linkedin.com/jobs/view/4466304914,
https://www.linkedin.com/jobs/view/4464808163,
https://www.linkedin.com/jobs/view/4465887397,
https://www.linkedin.com/jobs/view/4456793734,
https://www.linkedin.com/jobs/view/4463932526,
https://www.indeed.com/viewjob?jk=a9795aaa42fd7fed,
https://www.linkedin.com/jobs/view/4464886732,
https://www.linkedin.com/jobs/view/4464875950,
https://www.linkedin.com/jobs/view/4465842915,
https://www.indeed.com/viewjob?jk=ad089a734536b0f0,
https://www.linkedin.com/jobs/view/4464822360,
https://www.indeed.com/viewjob?jk=a30243cafe4fd04a,
https://www.linkedin.com/jobs/view/4466311018,
https://www.indeed.com/viewjob?jk=b43ac8862366a152,
https://www.indeed.com/viewjob?jk=9bbcebc52539b641,
https://www.linkedin.com/jobs/view/4465106003,
https://www.linkedin.com/jobs/view/4438556199,
https://www.linkedin.com/jobs/view/4464860305,
https://www.linkedin.com/jobs/view/4464884384,
https://www.indeed.com/viewjob?jk=849cb8584487ddba,
https://www.linkedin.com/jobs/view/4464101354,
https://www.linkedin.com/jobs/view/4464844196,
https://www.linkedin.com/jobs/view/4466029345,
https://www.linkedin.com/jobs/view/4465102455,
https://www.linkedin.com/jobs/view/4437556650,
https://www.indeed.com/viewjob?jk=c1e5ce1e9c63a419,
https://www.indeed.com/viewjob?jk=e242b6a9e40dcea1,
https://www.indeed.com/viewjob?jk=ad099df9dc93c3dd,
https://www.indeed.com/viewjob?jk=d595e8b326d39cb3,
https://www.linkedin.com/jobs/view/4464584950,
https://www.linkedin.com/jobs/view/4460525766,
https://www.linkedin.com/jobs/view/4463942689,
https://www.indeed.com/viewjob?jk=90b1fc1d7e9e2fc0,
https://www.indeed.com/viewjob?jk=08bfc0b17226c9ff,
https://www.linkedin.com/jobs/view/4444546563,
https://www.linkedin.com/jobs/view/4346362562,
https://www.indeed.com/viewjob?jk=533da2e6be0e2b09,
https://www.indeed.com/viewjob?jk=dfd57ae5a12a0980,
https://www.linkedin.com/jobs/view/4456004702,
https://www.linkedin.com/jobs/view/4457041204,
https://www.indeed.com/viewjob?jk=58a0e15a7190933e,
https://www.linkedin.com/jobs/view/4436854249,
https://www.linkedin.com/jobs/view/4464231390,
https://www.linkedin.com/jobs/view/4466012067,
https://www.linkedin.com/jobs/view/4446812728,
https://www.linkedin.com/jobs/view/4456036238,
https://www.indeed.com/viewjob?jk=10b5235e5ac08a41,
https://www.indeed.com/viewjob?jk=3172759d1069d7ae,
https://www.indeed.com/viewjob?jk=81d131be30fb9d3b,
https://www.linkedin.com/jobs/view/4465852415,
https://www.linkedin.com/jobs/view/4466320009,
https://www.linkedin.com/jobs/view/4463515249,
https://www.indeed.com/viewjob?jk=740ee355cbad764f,
https://www.linkedin.com/jobs/view/4465857929,
https://www.linkedin.com/jobs/view/4463926015,
https://www.indeed.com/viewjob?jk=27b3eccfd963e1b1,
https://www.indeed.com/viewjob?jk=7b3ccde0e0770328,
https://www.linkedin.com/jobs/view/4466012439,
https://www.indeed.com/viewjob?jk=2e100d61db461f14,
https://www.linkedin.com/jobs/view/4466322275,
https://www.linkedin.com/jobs/view/4465889773,
https://www.linkedin.com/jobs/view/4465134136,
https://www.linkedin.com/jobs/view/4464585841,
https://www.indeed.com/viewjob?jk=e13bde957e898dd5,
https://www.indeed.com/viewjob?jk=926c281b6137e8f7,
https://www.linkedin.com/jobs/view/4464805748,
https://www.linkedin.com/jobs/view/4429955580,
https://www.indeed.com/viewjob?jk=37b6fe18c24f21fa,
https://www.linkedin.com/jobs/view/4464231614,
https://www.linkedin.com/jobs/view/4464832112,
https://www.indeed.com/viewjob?jk=3ec76d86da884e5b,
https://www.linkedin.com/jobs/view/4466327630,
https://www.linkedin.com/jobs/view/4463935526,
https://www.indeed.com/viewjob?jk=b9539317a37d0364,
https://www.indeed.com/viewjob?jk=dc2cbd80e977af75,
https://www.indeed.com/viewjob?jk=dd3dc1f6150aff96,
https://www.indeed.com/viewjob?jk=2bbb8e7c9e4d9cdf,
https://www.linkedin.com/jobs/view/4464861976,
https://www.indeed.com/viewjob?jk=f8a4820d9227b8a4,
https://www.indeed.com/viewjob?jk=603285faa718ecf4,
https://www.indeed.com/viewjob?jk=28d8c1b2d6ccb2d3,
https://www.linkedin.com/jobs/view/4466363626,
https://www.linkedin.com/jobs/view/4465854946,
https://www.indeed.com/viewjob?jk=900221fc1bc6e853,
https://www.indeed.com/viewjob?jk=9ebded79030f5ade,
https://www.linkedin.com/jobs/view/4454670836,
https://www.indeed.com/viewjob?jk=c614a7b6c46fd4f9,
https://www.indeed.com/viewjob?jk=1dbb21d35c1bbb12,
https://www.linkedin.com/jobs/view/4466433375,
https://www.indeed.com/viewjob?jk=2c7a1871f90352dd,
https://www.indeed.com/viewjob?jk=f3b9dabf35245d35,
https://www.indeed.com/viewjob?jk=4a19d7099004499e,
https://www.indeed.com/viewjob?jk=2a26b9f46b39c5ef,
https://www.linkedin.com/jobs/view/4437934358,
https://www.indeed.com/viewjob?jk=40d2ce5496ac31ae,
https://www.linkedin.com/jobs/view/4465193212,
https://www.linkedin.com/jobs/view/4454669700,
https://www.indeed.com/viewjob?jk=286a43da7806b29d,
https://www.indeed.com/viewjob?jk=e4fc7aaa7b842f62,
https://www.linkedin.com/jobs/view/4466483147,
https://www.indeed.com/viewjob?jk=cea1eddf34bcb537,
https://www.indeed.com/viewjob?jk=f3fdf561798dcecc,
https://www.indeed.com/viewjob?jk=791baf312b8df1dd,
https://www.indeed.com/viewjob?jk=d1eee52dfc6a5428,
https://www.indeed.com/viewjob?jk=79c13c68251c619e,
https://www.indeed.com/viewjob?jk=c9a59999a94e8557,
https://www.indeed.com/viewjob?jk=18fc8916ccb0ae04,
https://www.indeed.com/viewjob?jk=4a71a4a114887257,
https://www.indeed.com/viewjob?jk=dd59ea82cfcc01bd,
https://www.indeed.com/viewjob?jk=ae2902e36bceb6a5,
https://www.linkedin.com/jobs/view/4430102296,
https://www.linkedin.com/jobs/view/4465147267,
https://www.indeed.com/viewjob?jk=bf674610d10f7035,
https://www.linkedin.com/jobs/view/4464250800,
https://www.indeed.com/viewjob?jk=ece2e70603e0cdc9,
https://www.indeed.com/viewjob?jk=09eb823ee3406fcc,
https://www.indeed.com/viewjob?jk=effd078a471ca5d5,
https://www.indeed.com/viewjob?jk=2c29f52d600872ad,
https://www.linkedin.com/jobs/view/4464247346,
https://www.indeed.com/viewjob?jk=029b914914e4f3a8,
https://www.linkedin.com/jobs/view/4465148240,
https://www.indeed.com/viewjob?jk=b8375be145de72e1,
https://www.indeed.com/viewjob?jk=8534bf7d457c3726,
https://www.linkedin.com/jobs/view/4429910708,
https://www.linkedin.com/jobs/view/4466462433,
https://www.indeed.com/viewjob?jk=6cf45e3850b34d19,
https://www.indeed.com/viewjob?jk=9cb9ff58091fdb30,
https://www.linkedin.com/jobs/view/4466397752,
https://www.indeed.com/viewjob?jk=30b5e54dc44a9611,
https://www.indeed.com/viewjob?jk=54cfa4c751ffb7f3,
https://www.linkedin.com/jobs/view/4466380552,
https://www.linkedin.com/jobs/view/4457390126,
https://www.linkedin.com/jobs/view/4466397439,
https://www.linkedin.com/jobs/view/4457371871,
https://www.linkedin.com/jobs/view/4466429642,
https://www.linkedin.com/jobs/view/4457086605,
https://www.linkedin.com/jobs/view/4466480849,
https://www.linkedin.com/jobs/view/4466391141,
https://www.indeed.com/viewjob?jk=9e5f64bb1304864c,
https://www.indeed.com/viewjob?jk=9b70074709466144,
https://www.indeed.com/viewjob?jk=58e61645ca2b0706,
https://www.indeed.com/viewjob?jk=acf74166294b0847,
https://www.indeed.com/viewjob?jk=ba12039d5a7865d3,
https://www.linkedin.com/jobs/view/4454659121,
https://www.linkedin.com/jobs/view/4455628330,
https://www.linkedin.com/jobs/view/4465153523,
https://www.indeed.com/viewjob?jk=a199600c0ca17813,
https://www.indeed.com/viewjob?jk=f374490f1110fe24,
https://www.indeed.com/viewjob?jk=c72d4d43e14b145f,
https://www.indeed.com/viewjob?jk=994b6d83d765ef01,
https://www.linkedin.com/jobs/view/4466478239,
https://www.linkedin.com/jobs/view/4466466370,
https://www.indeed.com/viewjob?jk=4310341f8f96d8f1,
https://www.indeed.com/viewjob?jk=47c7ff8e64886678,
https://www.linkedin.com/jobs/view/4466394437,
https://www.linkedin.com/jobs/view/4464856778,
https://www.indeed.com/viewjob?jk=e1394f368b0ebdbc,
https://www.linkedin.com/jobs/view/4464248491,
https://www.linkedin.com/jobs/view/4454650742,
https://www.linkedin.com/jobs/view/4464271832,
https://www.indeed.com/viewjob?jk=98ab629881495bab,
https://www.linkedin.com/jobs/view/4454167917,
https://www.linkedin.com/jobs/view/4465419573,
https://www.linkedin.com/jobs/view/4465198367,
https://www.linkedin.com/jobs/view/4466466965,
https://www.linkedin.com/jobs/view/4466460657,
https://www.linkedin.com/jobs/view/4465152578,
https://www.indeed.com/viewjob?jk=73133b2eb52034af,
https://www.indeed.com/viewjob?jk=fdb27ee829295f02,
https://www.indeed.com/viewjob?jk=5e2783da1dbeff29,
https://www.indeed.com/viewjob?jk=4f33fe6b4c8f2b22,
https://www.linkedin.com/jobs/view/4465167233,
https://www.indeed.com/viewjob?jk=6a6bd96b9fb2e0dc,
https://www.linkedin.com/jobs/view/4456617295,
https://www.linkedin.com/jobs/view/4456253780,
https://www.linkedin.com/jobs/view/4466382789,
https://www.linkedin.com/jobs/view/4465184239,
https://www.linkedin.com/jobs/view/4409701319,
https://www.indeed.com/viewjob?jk=d494850e32bc5ee5,
https://www.indeed.com/viewjob?jk=8a21d422e08524dd,
https://www.linkedin.com/jobs/view/4466343557,
https://www.linkedin.com/jobs/view/4466380850,
https://www.indeed.com/viewjob?jk=a57c8a346709ebce,
https://www.indeed.com/viewjob?jk=3accdad9b052edea,
https://www.linkedin.com/jobs/view/4465194841,
https://www.indeed.com/viewjob?jk=6a96275b64cfe573,
https://www.linkedin.com/jobs/view/4466389780,
https://www.linkedin.com/jobs/view/4464220642,
https://www.linkedin.com/jobs/view/4465172001,
https://www.linkedin.com/jobs/view/4466417085,
https://www.indeed.com/viewjob?jk=5307a00bb4225381,
https://www.indeed.com/viewjob?jk=22b32f84178e6513,
https://www.indeed.com/viewjob?jk=5f1d52170b7d4930,
https://www.indeed.com/viewjob?jk=dda6e2f7b10101eb,
https://www.indeed.com/viewjob?jk=be79a15709db106c,
https://www.linkedin.com/jobs/view/4438679491,
https://www.linkedin.com/jobs/view/4466413837,
https://www.linkedin.com/jobs/view/4464243227,
https://www.indeed.com/viewjob?jk=85438eabbb868656,
https://www.linkedin.com/jobs/view/4465170259,
https://www.indeed.com/viewjob?jk=efb560a4495bc159,
https://www.indeed.com/viewjob?jk=7454bb2e2ac1f7c1,
https://www.indeed.com/viewjob?jk=fb73104f663bf86f,
https://www.indeed.com/viewjob?jk=e71d3716bb0004a6,
https://www.indeed.com/viewjob?jk=3969ede647f06a52,
https://www.linkedin.com/jobs/view/4456607317,
https://www.indeed.com/viewjob?jk=3a59d05037c44d88,
https://www.linkedin.com/jobs/view/4447228813,
https://www.linkedin.com/jobs/view/4463891827,
https://www.indeed.com/viewjob?jk=9ce6528f770da650,
https://www.linkedin.com/jobs/view/4459191853,
https://www.linkedin.com/jobs/view/4463085354,
https://www.linkedin.com/jobs/view/4466383814,
https://www.linkedin.com/jobs/view/4437574081,
https://www.indeed.com/viewjob?jk=98e1a7a06f4f9c07,
https://www.indeed.com/viewjob?jk=eda6aed954669976,
https://www.linkedin.com/jobs/view/4465124699,
https://www.linkedin.com/jobs/view/4462546904,
https://www.indeed.com/viewjob?jk=c3f2d99b8f6f1137,
https://www.linkedin.com/jobs/view/4454664668,
https://www.linkedin.com/jobs/view/4465162236,
https://www.linkedin.com/jobs/view/4465153581,
https://www.indeed.com/viewjob?jk=d06de5dde0c81d37,
https://www.indeed.com/viewjob?jk=2bdc72367bfea4db,
https://www.indeed.com/viewjob?jk=f0319195594b6a92,
https://www.indeed.com/viewjob?jk=f6f5590459625203,
https://www.indeed.com/viewjob?jk=df95eabd6003fcb5,
https://www.indeed.com/viewjob?jk=53e2d97304b1bc07,
https://www.linkedin.com/jobs/view/4465164342,
https://www.linkedin.com/jobs/view/4464298299,
https://www.linkedin.com/jobs/view/4466401432,
https://www.indeed.com/viewjob?jk=10b2130c3abbeb3b,
https://www.linkedin.com/jobs/view/4465135089,
https://www.linkedin.com/jobs/view/4466393541,
https://www.linkedin.com/jobs/view/4406094214,
https://www.linkedin.com/jobs/view/4447216847,
https://www.linkedin.com/jobs/view/4466391672,
https://www.linkedin.com/jobs/view/4456270256,
https://www.indeed.com/viewjob?jk=bb0412991e1d158c,
https://www.linkedin.com/jobs/view/4466383890,
https://www.linkedin.com/jobs/view/4438246068,
https://www.linkedin.com/jobs/view/4460755893,
https://www.linkedin.com/jobs/view/4466367221,
https://www.indeed.com/viewjob?jk=f620a83cccdbac1b,
https://www.indeed.com/viewjob?jk=e46278c3a0359c3e,
https://www.indeed.com/viewjob?jk=4d98c293f5d2e8fb,
https://www.linkedin.com/jobs/view/4466373937,
https://www.indeed.com/viewjob?jk=e3dc59154a62ffba,
https://www.linkedin.com/jobs/view/4465413646,
https://www.indeed.com/viewjob?jk=6bf9cc1b0d5b5316,
https://www.indeed.com/viewjob?jk=c02f4a650a875139,
https://www.indeed.com/viewjob?jk=f9f6d3782711d8d0,
https://www.indeed.com/viewjob?jk=dd682fc041634bf2,
https://www.indeed.com/viewjob?jk=a6feb5a1bfd4e1cc,
https://www.linkedin.com/jobs/view/4466429499,
https://www.indeed.com/viewjob?jk=b3ed62ba1608ec56,
https://www.linkedin.com/jobs/view/4464258290,
https://www.linkedin.com/jobs/view/4464248902,
https://www.indeed.com/viewjob?jk=e36490764af4aa86,
https://www.indeed.com/viewjob?jk=3c6289320e9f1691,
https://www.linkedin.com/jobs/view/4464898693,
https://www.indeed.com/viewjob?jk=cf721a71b325ef45,
https://www.linkedin.com/jobs/view/4456284275,
https://www.linkedin.com/jobs/view/4465163773,
https://www.indeed.com/viewjob?jk=4fb437606c18e62a,
https://www.linkedin.com/jobs/view/4466495136,
https://www.indeed.com/viewjob?jk=d3759018c5fc4a4f,
https://www.linkedin.com/jobs/view/4447159388,
https://www.indeed.com/viewjob?jk=9ed37b1d3aa1dda1,
https://www.indeed.com/viewjob?jk=3110543e7d6f14b5,
https://www.indeed.com/viewjob?jk=6051c6aa18e734c0,
https://www.linkedin.com/jobs/view/4466334409,
https://www.indeed.com/viewjob?jk=0be1e6c30c66c31b,
https://www.linkedin.com/jobs/view/4466370813,
https://www.indeed.com/viewjob?jk=584de87a4adaa4a3,
https://www.indeed.com/viewjob?jk=5e135e5434ef658d,
https://www.linkedin.com/jobs/view/4466495563,
https://www.indeed.com/viewjob?jk=c7e609c58bc27dd8,
https://www.linkedin.com/jobs/view/4457064019,
https://www.linkedin.com/jobs/view/4438852236,
https://www.linkedin.com/jobs/view/4368289841,
https://www.linkedin.com/jobs/view/4466484281,
https://www.linkedin.com/jobs/view/4446418072,
https://www.indeed.com/viewjob?jk=20cf8fce017b9f87,
https://www.indeed.com/viewjob?jk=b0283e2dffa31c49,
https://www.linkedin.com/jobs/view/4464245838,
https://www.linkedin.com/jobs/view/4466423327,
https://www.indeed.com/viewjob?jk=d3e21a5a9ff7d2cf,
https://www.indeed.com/viewjob?jk=bd115190b74fc777,
https://www.linkedin.com/jobs/view/4465112217,
https://www.indeed.com/viewjob?jk=1646a64eca615da0,
https://www.indeed.com/viewjob?jk=5a169fa9b9856266,
https://www.linkedin.com/jobs/view/4466359408,
https://www.linkedin.com/jobs/view/4446520823,
https://www.linkedin.com/jobs/view/4445239184,
https://www.indeed.com/viewjob?jk=9084a813d20c8d6c,
https://www.indeed.com/viewjob?jk=c076500177db7cf0,
https://www.linkedin.com/jobs/view/4464245697,
https://www.linkedin.com/jobs/view/4438809037,
https://www.linkedin.com/jobs/view/4464226600,
https://www.indeed.com/viewjob?jk=d5e4382f195d07da,
https://www.linkedin.com/jobs/view/4457022655,
https://www.indeed.com/viewjob?jk=b3ae96a3de0d0d38,
https://www.indeed.com/viewjob?jk=9dd83cd834104d57,
https://www.linkedin.com/jobs/view/4466411386,
https://www.indeed.com/viewjob?jk=7d5d25b884311a84,
https://www.indeed.com/viewjob?jk=a12470d86713cafe,
https://www.linkedin.com/jobs/view/4462474725,
https://www.indeed.com/viewjob?jk=cdcd0ac897ba7004,
https://www.linkedin.com/jobs/view/4419018022,
https://www.indeed.com/viewjob?jk=99a56a153862e600,
https://www.linkedin.com/jobs/view/4466426765,
https://www.indeed.com/viewjob?jk=3b3c8e8718be064b,
https://www.linkedin.com/jobs/view/4466493729,
https://www.indeed.com/viewjob?jk=ced75d962690092d,
https://www.linkedin.com/jobs/view/4465168770,
https://www.indeed.com/viewjob?jk=ee2f3082be81b369,
https://www.indeed.com/viewjob?jk=1f649a393c3bc2fd,
https://www.indeed.com/viewjob?jk=56878c4f187d86d5,
https://www.linkedin.com/jobs/view/4464823337,
https://www.indeed.com/viewjob?jk=03cb930b9cd9f584,
https://www.indeed.com/viewjob?jk=dd4f03628c597e39,
https://www.linkedin.com/jobs/view/4466446132,
https://www.indeed.com/viewjob?jk=82a3a4359dd5a8cd,
https://www.indeed.com/viewjob?jk=cabed07b94edec45,
https://www.indeed.com/viewjob?jk=031801b0e7f6b2d2,
https://www.linkedin.com/jobs/view/4464292060,
https://www.indeed.com/viewjob?jk=baad693768398f24,
https://www.linkedin.com/jobs/view/4454171844,
https://www.linkedin.com/jobs/view/4464175323,
https://www.indeed.com/viewjob?jk=eb14f6e6589e73d6,
https://www.indeed.com/viewjob?jk=9f16af799ff179bc,
https://www.linkedin.com/jobs/view/4466703409,
https://www.indeed.com/viewjob?jk=f15aa6a23bcc94c0,
https://www.indeed.com/viewjob?jk=b683d56d1d6fabba,
https://www.indeed.com/viewjob?jk=470c643deb221914,
https://www.indeed.com/viewjob?jk=a3abeaebf82a3d88,
https://www.linkedin.com/jobs/view/4466486048,
https://www.linkedin.com/jobs/view/4464247550,
https://www.linkedin.com/jobs/view/4465417353,
https://www.indeed.com/viewjob?jk=8a7d498d83bf1fbb,
https://www.indeed.com/viewjob?jk=fb43696d966f6d74,
https://www.linkedin.com/jobs/view/4416853274,
https://www.indeed.com/viewjob?jk=1cca3416382206dd,
https://www.indeed.com/viewjob?jk=39b53989c8302401,
https://www.indeed.com/viewjob?jk=fb9d08281671e64c,
https://www.indeed.com/viewjob?jk=81799341d8209fd2,
https://www.linkedin.com/jobs/view/4457395023,
https://www.linkedin.com/jobs/view/4462066138,
https://www.indeed.com/viewjob?jk=96a6deae7e3b2b74,
https://www.linkedin.com/jobs/view/4447567053,
https://www.indeed.com/viewjob?jk=a26c54dddec98857,
https://www.linkedin.com/jobs/view/4446976709,
https://www.indeed.com/viewjob?jk=38cb2febdf03a35a,
https://www.indeed.com/viewjob?jk=53a8409224a80811,
https://www.indeed.com/viewjob?jk=77ccb729ddd8a490,
https://www.indeed.com/viewjob?jk=c873d146366d4349,
https://www.linkedin.com/jobs/view/4466389464,
https://www.indeed.com/viewjob?jk=1d2d2ed5c2c60bce,
https://www.linkedin.com/jobs/view/4420668477,
https://www.linkedin.com/jobs/view/4464255286,
https://www.indeed.com/viewjob?jk=2ffa27ccb4691690,
https://www.linkedin.com/jobs/view/4454651786,
https://www.indeed.com/viewjob?jk=1360749aedfffd57,
https://www.linkedin.com/jobs/view/4466425642,
https://www.linkedin.com/jobs/view/4465169580,
https://www.linkedin.com/jobs/view/4465404409,
https://www.linkedin.com/jobs/view/4465178957,
https://www.indeed.com/viewjob?jk=7b6b16b474ebc6c4,
https://www.linkedin.com/jobs/view/4466494786,
https://www.indeed.com/viewjob?jk=41e14f904a2a685b,
https://www.linkedin.com/jobs/view/4466372125,
https://www.linkedin.com/jobs/view/4438282346,
https://www.linkedin.com/jobs/view/4465400750,
https://www.linkedin.com/jobs/view/4466390039,
https://www.linkedin.com/jobs/view/4457512394,
https://www.indeed.com/viewjob?jk=90efaa471ca1b917,
https://www.linkedin.com/jobs/view/4457343704,
https://www.indeed.com/viewjob?jk=72ebc0184eaf514f,
https://www.indeed.com/viewjob?jk=91f45e891a388734,
https://www.indeed.com/viewjob?jk=313759a9685c49ce,
https://www.linkedin.com/jobs/view/4466433395,
https://www.indeed.com/viewjob?jk=bb6a1a6f658e07dc,
https://www.linkedin.com/jobs/view/4466325664,
https://www.indeed.com/viewjob?jk=f8b7abd83c99758c,
https://www.linkedin.com/jobs/view/4466356307,
https://www.indeed.com/viewjob?jk=c341e814c41e23d5,
https://www.linkedin.com/jobs/view/4466703088,
https://www.indeed.com/viewjob?jk=07e81d1f8d55c801,
https://www.linkedin.com/jobs/view/4466392061,
https://www.indeed.com/viewjob?jk=8d8fe35950018dc2,
https://www.linkedin.com/jobs/view/4466478892,
https://www.linkedin.com/jobs/view/4456779092,
https://www.linkedin.com/jobs/view/4457361958,
https://www.linkedin.com/jobs/view/4401507210,
https://www.linkedin.com/jobs/view/4457507057,
https://www.indeed.com/viewjob?jk=4007353c85f18424,
https://www.linkedin.com/jobs/view/4435927365,
https://www.linkedin.com/jobs/view/4457304962,
https://www.linkedin.com/jobs/view/4466377949,
https://www.indeed.com/viewjob?jk=ff23880948dd40f5,
https://www.indeed.com/viewjob?jk=5df30f2e770362c9,
https://www.linkedin.com/jobs/view/4465188859,
https://www.linkedin.com/jobs/view/4466460930,
https://www.indeed.com/viewjob?jk=a369d2bc6fc7752b,
https://www.indeed.com/viewjob?jk=977e658fa2f71d96,
https://www.indeed.com/viewjob?jk=f1201956c77bb14e,
https://www.linkedin.com/jobs/view/4466353824,
https://www.indeed.com/viewjob?jk=a9dfb90ae156da2e,
https://www.linkedin.com/jobs/view/4466363587,
https://www.indeed.com/viewjob?jk=e1551ccf7674f0cd,
https://www.linkedin.com/jobs/view/4430494311,
https://www.linkedin.com/jobs/view/4466414380,
https://www.indeed.com/viewjob?jk=dc42cc6df10eab0f,
https://www.indeed.com/viewjob?jk=8df797bef078d568,
https://www.linkedin.com/jobs/view/4466451075,
https://www.indeed.com/viewjob?jk=cd2afeeda67818d6,
https://www.indeed.com/viewjob?jk=9cc8590ad4a14de3,
https://www.linkedin.com/jobs/view/4466436337,
https://www.indeed.com/viewjob?jk=bc755d29c9bad4a0,
https://www.indeed.com/viewjob?jk=d8383b317a7302cb,
https://www.indeed.com/viewjob?jk=27d6a7a472a4fe00,
https://www.indeed.com/viewjob?jk=baf2b0c160f8b1a9,
https://www.linkedin.com/jobs/view/4466434213,
https://www.indeed.com/viewjob?jk=26633e481defb97b,
https://www.indeed.com/viewjob?jk=01c167a53d1b4181,
https://www.indeed.com/viewjob?jk=7a26f138eb13bfbf,
https://www.linkedin.com/jobs/view/4456286467,
https://www.linkedin.com/jobs/view/4456619271,
https://www.linkedin.com/jobs/view/4465117642,
https://www.indeed.com/viewjob?jk=02edd6cf49d4f4c0,
https://www.indeed.com/viewjob?jk=3f816c5b6445789c,
https://www.linkedin.com/jobs/view/4466366154,
https://www.linkedin.com/jobs/view/4464244213,
https://www.linkedin.com/jobs/view/4457351906,
https://www.linkedin.com/jobs/view/4465178829,
https://www.linkedin.com/jobs/view/4466367974,
https://www.linkedin.com/jobs/view/4464242360,
https://www.indeed.com/viewjob?jk=9cf38355d7342f3c,
https://www.indeed.com/viewjob?jk=94fcc474fe7cf135,
https://www.linkedin.com/jobs/view/4457353486,
https://www.indeed.com/viewjob?jk=8976a7a07e782e16,
https://www.indeed.com/viewjob?jk=be26940243d715de,
https://www.linkedin.com/jobs/view/4465416207,
https://www.linkedin.com/jobs/view/4438252746,
https://www.indeed.com/viewjob?jk=23df71603b582226,
https://www.indeed.com/viewjob?jk=6ddfd2c556949f0f,
https://www.indeed.com/viewjob?jk=97d43addd1a34f9d,
https://www.indeed.com/viewjob?jk=5e7a1d68547fe36f,
https://www.indeed.com/viewjob?jk=73f654d727a771d4,
https://www.linkedin.com/jobs/view/4465151534,
https://www.linkedin.com/jobs/view/4427372931,
https://www.indeed.com/viewjob?jk=5ab4ecd4d3c4e739,
https://www.linkedin.com/jobs/view/4466492367,
https://www.linkedin.com/jobs/view/4464237000,
https://www.indeed.com/viewjob?jk=02ce6e427142f340,
https://www.indeed.com/viewjob?jk=3bcdb1b605205464,
https://www.indeed.com/viewjob?jk=cf51c0cce3c7c674,
https://www.linkedin.com/jobs/view/4447188602,
https://www.linkedin.com/jobs/view/4421235260,
https://www.linkedin.com/jobs/view/4445510708,
https://www.linkedin.com/jobs/view/4464717044,
https://www.linkedin.com/jobs/view/4439321927,
https://www.linkedin.com/jobs/view/4466719050,
https://www.linkedin.com/jobs/view/4408889839,
https://www.linkedin.com/jobs/view/4464718930,
https://www.linkedin.com/jobs/view/4379940249,
https://www.linkedin.com/jobs/view/4445544138,
https://www.linkedin.com/jobs/view/4465454931,
https://www.linkedin.com/jobs/view/4465472768,
https://www.linkedin.com/jobs/view/4464291735,
https://www.indeed.com/viewjob?jk=d7fc3c566f362eaa,
https://www.linkedin.com/jobs/view/4430757894,
https://www.linkedin.com/jobs/view/4457560604,
https://www.linkedin.com/jobs/view/4466784222,
https://www.linkedin.com/jobs/view/4456603702,
https://www.linkedin.com/jobs/view/4436620100,
https://www.linkedin.com/jobs/view/4466777062,
https://www.linkedin.com/jobs/view/4447562781,
https://www.linkedin.com/jobs/view/4464286687,
https://www.linkedin.com/jobs/view/4465454110,
https://www.linkedin.com/jobs/view/4465427243,
https://www.indeed.com/viewjob?jk=d69b24eb9546bc51,
https://www.linkedin.com/jobs/view/4466472918,
https://www.linkedin.com/jobs/view/4439338992,
https://www.indeed.com/viewjob?jk=4a1467c57ace314e,
https://www.linkedin.com/jobs/view/4465459836,
https://www.linkedin.com/jobs/view/4438873135,
https://www.linkedin.com/jobs/view/4445082979,
https://www.indeed.com/viewjob?jk=720f376fb3665973,
https://www.indeed.com/viewjob?jk=acf3f45262e21bbd,
https://www.indeed.com/viewjob?jk=b8b7ae0c892e725e,
https://www.indeed.com/viewjob?jk=fa8dcb8adf5cf05a,
https://www.linkedin.com/jobs/view/4464736445,
https://www.linkedin.com/jobs/view/4457815029,
https://www.linkedin.com/jobs/view/4464728838,
https://www.linkedin.com/jobs/view/4465199925,
https://www.linkedin.com/jobs/view/4466762056,
https://www.linkedin.com/jobs/view/4447186584,
https://www.linkedin.com/jobs/view/4466747689,
https://www.linkedin.com/jobs/view/4438847506,
https://www.linkedin.com/jobs/view/4464731134,
https://www.linkedin.com/jobs/view/4466783258,
https://www.linkedin.com/jobs/view/4430733599,
https://www.linkedin.com/jobs/view/4466740336,
https://www.linkedin.com/jobs/view/4439332601,
https://www.linkedin.com/jobs/view/4464711911,
https://www.linkedin.com/jobs/view/4464704548,
https://www.linkedin.com/jobs/view/4465421933,
https://www.linkedin.com/jobs/view/4439507735,
https://www.linkedin.com/jobs/view/4465430035,
https://www.indeed.com/viewjob?jk=d324ba70e171ab3f,
https://www.linkedin.com/jobs/view/4465382056,
https://www.linkedin.com/jobs/view/4417909411,
https://www.indeed.com/viewjob?jk=6bd1d30168ad3258,
https://www.linkedin.com/jobs/view/4428740318,
https://www.linkedin.com/jobs/view/4417915321,
https://www.linkedin.com/jobs/view/4457512374,
https://www.indeed.com/viewjob?jk=d53ae512c0fb15a1,
https://www.linkedin.com/jobs/view/4399659430,
https://www.linkedin.com/jobs/view/4466725327,
https://www.linkedin.com/jobs/view/4439362404,
https://www.indeed.com/viewjob?jk=7146a6812e898c50,
https://www.linkedin.com/jobs/view/4466761050,
https://www.linkedin.com/jobs/view/4466721123,
https://www.indeed.com/viewjob?jk=222046962feffb5f,
https://www.linkedin.com/jobs/view/4447716814,
https://www.indeed.com/viewjob?jk=453905d3b180d894,
https://www.linkedin.com/jobs/view/4466762511,
https://www.linkedin.com/jobs/view/4418870029,
https://www.linkedin.com/jobs/view/4437908775,
https://www.linkedin.com/jobs/view/4436602885,
https://www.linkedin.com/jobs/view/4466715293,
https://www.linkedin.com/jobs/view/4427383855,
https://www.linkedin.com/jobs/view/4421289848,
https://www.linkedin.com/jobs/view/4466707994,
https://www.linkedin.com/jobs/view/4464732863,
https://www.indeed.com/viewjob?jk=709c01798b545c5c,
https://www.indeed.com/viewjob?jk=7bb28c1993b42d98,
https://www.linkedin.com/jobs/view/4465472360,
https://www.indeed.com/viewjob?jk=fa30b5a27f37eb5e,
https://www.linkedin.com/jobs/view/4447193443,
https://www.indeed.com/viewjob?jk=f801180a940dfd82,
https://www.indeed.com/viewjob?jk=21426124723d2169,
https://www.linkedin.com/jobs/view/4465475598,
https://www.linkedin.com/jobs/view/4418856606,
https://www.linkedin.com/jobs/view/4447549713,
https://www.linkedin.com/jobs/view/4464755364,
https://www.linkedin.com/jobs/view/4427880383,
https://www.linkedin.com/jobs/view/4379198449,
https://www.indeed.com/viewjob?jk=1ebb15b1ea6bb070,
https://www.indeed.com/viewjob?jk=6133400dd8a88a97,
https://www.linkedin.com/jobs/view/4465469854,
https://www.linkedin.com/jobs/view/4389298972,
https://www.linkedin.com/jobs/view/4436635546,
https://www.indeed.com/viewjob?jk=f507e9cebcae98c9,
https://www.linkedin.com/jobs/view/4465478827,
https://www.indeed.com/viewjob?jk=b7a3fae088622f43,
https://www.linkedin.com/jobs/view/4438369000,
https://www.linkedin.com/jobs/view/4465426335,
https://www.linkedin.com/jobs/view/4466790034,
https://www.linkedin.com/jobs/view/4417270121,
https://www.linkedin.com/jobs/view/4465477219,
https://www.linkedin.com/jobs/view/4465432111,
https://www.linkedin.com/jobs/view/4436635508,
https://www.linkedin.com/jobs/view/4464614129,
https://www.linkedin.com/jobs/view/4466773944,
https://www.linkedin.com/jobs/view/4466709437,
https://www.linkedin.com/jobs/view/4466773573,
https://www.indeed.com/viewjob?jk=c7eb9092b8a374da,
https://www.linkedin.com/jobs/view/4430953980,
https://www.indeed.com/viewjob?jk=3d398e58f6813d80,
https://www.linkedin.com/jobs/view/4457815517,
https://www.linkedin.com/jobs/view/4445518478,
https://www.linkedin.com/jobs/view/4409521219,
https://www.linkedin.com/jobs/view/4447722430,
https://www.indeed.com/viewjob?jk=9d8a456e12089c14,
https://www.indeed.com/viewjob?jk=6777e0ddba0f2294,
https://www.linkedin.com/jobs/view/4465473847,
https://www.linkedin.com/jobs/view/4462486348,
https://www.linkedin.com/jobs/view/4371274950,
https://www.linkedin.com/jobs/view/4447178763,
https://www.linkedin.com/jobs/view/4447716483,
https://www.linkedin.com/jobs/view/4466705982,
https://www.linkedin.com/jobs/view/4421234549,
https://www.linkedin.com/jobs/view/4464716175,
https://www.indeed.com/viewjob?jk=0f1503d0cd6bf40f,
https://www.linkedin.com/jobs/view/4438852377,
https://www.indeed.com/viewjob?jk=b5c56d5aec39e5cf,
https://www.indeed.com/viewjob?jk=a11d737080f022e2,
https://www.linkedin.com/jobs/view/4418509805,
https://www.linkedin.com/jobs/view/4399674329,
https://www.linkedin.com/jobs/view/4456217773,
https://www.linkedin.com/jobs/view/4445552158,
https://www.linkedin.com/jobs/view/4457804110,
https://www.indeed.com/viewjob?jk=c28114d248c92a5f,
https://www.indeed.com/viewjob?jk=61b807eda2e3b82b,
https://www.linkedin.com/jobs/view/4454696628,
https://www.linkedin.com/jobs/view/4429965219,
https://www.linkedin.com/jobs/view/4434799191,
https://www.indeed.com/viewjob?jk=598fe9788346322f,
https://www.linkedin.com/jobs/view/4401394837,
https://www.indeed.com/viewjob?jk=555644e6af818a22,
https://www.linkedin.com/jobs/view/4465470821,
https://www.linkedin.com/jobs/view/4436282410,
https://www.linkedin.com/jobs/view/4436632923,
https://www.linkedin.com/jobs/view/4429358720,
https://www.linkedin.com/jobs/view/4466737042,
https://www.linkedin.com/jobs/view/4465351986,
https://www.indeed.com/viewjob?jk=2dbe834b4705a675,
https://www.indeed.com/viewjob?jk=cf45fa4d649cbf5a,
https://www.linkedin.com/jobs/view/4457356828,
https://www.linkedin.com/jobs/view/4466767709,
https://www.linkedin.com/jobs/view/4464750393,
https://www.linkedin.com/jobs/view/4461880019,
https://www.linkedin.com/jobs/view/4439031121,
https://www.indeed.com/viewjob?jk=b9faff45d5db0734,
https://www.linkedin.com/jobs/view/4447584788,
https://www.linkedin.com/jobs/view/4447192463,
https://www.linkedin.com/jobs/view/4428773403,
https://www.indeed.com/viewjob?jk=076c01c80ffeba4d,
https://www.linkedin.com/jobs/view/4447192849,
https://www.indeed.com/viewjob?jk=097ba45193e4abce,
https://www.linkedin.com/jobs/view/4465477879,
https://www.linkedin.com/jobs/view/4454695598,
https://www.indeed.com/viewjob?jk=21fbab32c39df958,
https://www.linkedin.com/jobs/view/4466775493,
https://www.linkedin.com/jobs/view/4465468644,
https://www.indeed.com/viewjob?jk=db73fda11e0431c7,
https://www.linkedin.com/jobs/view/4465468694,
https://www.indeed.com/viewjob?jk=eafeb22c0157ac3c,
https://www.linkedin.com/jobs/view/4445558226,
https://www.linkedin.com/jobs/view/4465467882,
https://www.linkedin.com/jobs/view/4409266569,
https://www.indeed.com/viewjob?jk=7858bc82c12c48f7,
https://www.linkedin.com/jobs/view/4400792488,
https://www.linkedin.com/jobs/view/4465461834,
https://www.linkedin.com/jobs/view/4465407987,
https://www.linkedin.com/jobs/view/4465478796,
https://www.linkedin.com/jobs/view/4466765071,
https://www.linkedin.com/jobs/view/4438953058,
https://www.indeed.com/viewjob?jk=6f4b5ea23ac0afd4,
https://www.linkedin.com/jobs/view/4445554502,
https://www.linkedin.com/jobs/view/4419967954,
https://www.indeed.com/viewjob?jk=a060e527bba91f3b,
https://www.indeed.com/viewjob?jk=69ef753edffb24ff,
https://www.indeed.com/viewjob?jk=9096a95ea8706f01,
https://www.linkedin.com/jobs/view/4466721060,
https://www.linkedin.com/jobs/view/4465426240,
https://www.indeed.com/viewjob?jk=55887cb3920642d1,
https://www.indeed.com/viewjob?jk=d1c25fbe6f63b686,
https://www.linkedin.com/jobs/view/4457525206,
https://www.linkedin.com/jobs/view/4419908310,
https://www.linkedin.com/jobs/view/4466721140,
https://www.indeed.com/viewjob?jk=d7737d5048ab1d58,
https://www.linkedin.com/jobs/view/4464749418,
https://www.linkedin.com/jobs/view/4465444010,
https://www.indeed.com/viewjob?jk=3a310165d324c978,
https://www.linkedin.com/jobs/view/4378556617,
https://www.linkedin.com/jobs/view/4465470609,
https://www.linkedin.com/jobs/view/4457511567,
https://www.linkedin.com/jobs/view/4465466865,
https://www.indeed.com/viewjob?jk=2d3d3fd263669964,
https://www.linkedin.com/jobs/view/4465434230,
https://www.indeed.com/viewjob?jk=4b27f93d496f1f9b,
https://www.indeed.com/viewjob?jk=14ac1f4fd25c3e90,
https://www.indeed.com/viewjob?jk=6cc6a406939209ef,
https://www.linkedin.com/jobs/view/4447196392,
https://www.linkedin.com/jobs/view/4418884930,
https://www.linkedin.com/jobs/view/4464741295,
https://www.linkedin.com/jobs/view/4456299491,
https://www.linkedin.com/jobs/view/4417677997,
https://www.linkedin.com/jobs/view/4445146999,
https://www.linkedin.com/jobs/view/4465469083,
https://www.linkedin.com/jobs/view/4438821778,
https://www.linkedin.com/jobs/view/4464756238,
https://www.indeed.com/viewjob?jk=2b9adaecd447ff05,
https://www.indeed.com/viewjob?jk=3a94aadc2d542dd5,
https://www.linkedin.com/jobs/view/4465435074,
https://www.linkedin.com/jobs/view/4454754440,
https://www.indeed.com/viewjob?jk=206fd0cc9dd73a82,
https://www.linkedin.com/jobs/view/4464720741,
https://www.linkedin.com/jobs/view/4465478069,
https://www.linkedin.com/jobs/view/4437957408,
https://www.linkedin.com/jobs/view/4421222776,
https://www.linkedin.com/jobs/view/4466772707,
https://www.indeed.com/viewjob?jk=cb214252ec2b23ad,
https://www.linkedin.com/jobs/view/4402218973,
https://www.linkedin.com/jobs/view/4465443005,
https://www.indeed.com/viewjob?jk=ee9c4ee8a5672298,
https://www.indeed.com/viewjob?jk=822e887cb5f9a8a5,
https://www.linkedin.com/jobs/view/4465414973,
https://www.linkedin.com/jobs/view/4437577814,
https://www.indeed.com/viewjob?jk=7a7cbdc6bbd71cd7,
https://www.indeed.com/viewjob?jk=e543291d2dc72c1c,
https://www.indeed.com/viewjob?jk=cf35e85fb43151fc,
https://www.linkedin.com/jobs/view/4454536407,
https://www.linkedin.com/jobs/view/4466718420,
https://www.linkedin.com/jobs/view/4460399014,
https://www.linkedin.com/jobs/view/4465471878,
https://www.indeed.com/viewjob?jk=2b2692fe122b22d4,
https://www.linkedin.com/jobs/view/4418820627,
https://www.indeed.com/viewjob?jk=77d509adaa9d28dc,
https://www.linkedin.com/jobs/view/4411473326,
https://www.linkedin.com/jobs/view/4409905321,
https://www.indeed.com/viewjob?jk=88c53fa34eb2d782,
https://www.linkedin.com/jobs/view/4465475828,
https://www.indeed.com/viewjob?jk=2f83684964157bee,
https://www.linkedin.com/jobs/view/4455083596,
https://www.linkedin.com/jobs/view/4457597883,
https://www.linkedin.com/jobs/view/4466764191,
https://www.linkedin.com/jobs/view/4464719624,
https://www.linkedin.com/jobs/view/4465435183,
https://www.indeed.com/viewjob?jk=5a8c40c826c84a39,
https://www.indeed.com/viewjob?jk=19bee30a15f2ae50,
https://www.linkedin.com/jobs/view/4454662502,
https://www.indeed.com/viewjob?jk=ea4e32eb67c54f6b,
https://www.linkedin.com/jobs/view/4464755336,
https://www.linkedin.com/jobs/view/4438920075,
https://www.indeed.com/viewjob?jk=3a11803a108b73b1,
https://www.linkedin.com/jobs/view/4454542347,
https://www.linkedin.com/jobs/view/4445196914,
https://www.indeed.com/viewjob?jk=89009db4acd8968b,
https://www.linkedin.com/jobs/view/4439085338,
https://www.linkedin.com/jobs/view/4420236685,
https://www.linkedin.com/jobs/view/4466716022,
https://www.linkedin.com/jobs/view/4466726340,
https://www.linkedin.com/jobs/view/4466766579,
https://www.indeed.com/viewjob?jk=f46a4e7645a86afe,
https://www.linkedin.com/jobs/view/4431140535,
https://www.indeed.com/viewjob?jk=5636ed55c5e171aa,
https://www.indeed.com/viewjob?jk=fa18c9fcb35f93f4,
https://www.linkedin.com/jobs/view/4445503998,
https://www.linkedin.com/jobs/view/4438269521,
https://www.indeed.com/viewjob?jk=214e363012457600,
https://www.linkedin.com/jobs/view/4455456428,
https://www.indeed.com/viewjob?jk=5f4a3cbf74157a21,
https://www.linkedin.com/jobs/view/4467218751,
https://www.linkedin.com/jobs/view/4465205168,
https://www.linkedin.com/jobs/view/4465783520,
https://www.indeed.com/viewjob?jk=62febe6a27965b6a,
https://www.linkedin.com/jobs/view/4467219556,
https://www.indeed.com/viewjob?jk=b1acc46662bcae1a,
https://www.indeed.com/viewjob?jk=6e1021cbf9c10bf9,
https://www.linkedin.com/jobs/view/4455287709,
https://www.linkedin.com/jobs/view/4466103391,
https://www.indeed.com/viewjob?jk=c5ae2fca3d39bf75,
https://www.linkedin.com/jobs/view/4465223995,
https://www.linkedin.com/jobs/view/4467204967,
https://www.linkedin.com/jobs/view/4465782667,
https://www.linkedin.com/jobs/view/4467026984,
https://www.linkedin.com/jobs/view/4467045386,
https://www.linkedin.com/jobs/view/4467079049,
https://www.indeed.com/viewjob?jk=45feac30b572ce28,
https://www.indeed.com/viewjob?jk=90d0c1cb0be92bae,
https://www.linkedin.com/jobs/view/4465735534,
https://www.linkedin.com/jobs/view/4467002243,
https://www.linkedin.com/jobs/view/4467231271,
https://www.indeed.com/viewjob?jk=75ed9539d2912a6b,
https://www.indeed.com/viewjob?jk=3551d09034025ec1,
https://www.linkedin.com/jobs/view/4465791116,
https://www.indeed.com/viewjob?jk=61f0cd070ef10eb7,
https://www.indeed.com/viewjob?jk=e28b4e7d5c89aef2,
https://www.indeed.com/viewjob?jk=3cd434c8eebc3843,
https://www.linkedin.com/jobs/view/4362163346,
https://www.linkedin.com/jobs/view/4467205613,
https://www.linkedin.com/jobs/view/4467028129,
https://www.linkedin.com/jobs/view/4439378702,
https://www.linkedin.com/jobs/view/4455291648,
https://www.linkedin.com/jobs/view/4464771909,
https://www.indeed.com/viewjob?jk=736aa54da648d3ab,
https://www.indeed.com/viewjob?jk=7f87dcc2fc702f10,
https://www.linkedin.com/jobs/view/4465076733,
https://www.indeed.com/viewjob?jk=fd07b80a649ac848,
https://www.indeed.com/viewjob?jk=2f0491a4757b1026,
https://www.linkedin.com/jobs/view/4464264360,
https://www.linkedin.com/jobs/view/4447182663,
https://www.linkedin.com/jobs/view/4438366292,
https://www.indeed.com/viewjob?jk=7d2b59ce41f899f3,
https://www.linkedin.com/jobs/view/4464793960,
https://www.linkedin.com/jobs/view/4465317020,
https://www.linkedin.com/jobs/view/4465790395,
https://www.linkedin.com/jobs/view/4465480173,
https://www.linkedin.com/jobs/view/4456503702,
https://www.linkedin.com/jobs/view/4467204519,
https://www.linkedin.com/jobs/view/4467038533,
https://www.linkedin.com/jobs/view/4439917312,
https://www.linkedin.com/jobs/view/4447877834,
https://www.linkedin.com/jobs/view/4465214487,
https://www.indeed.com/viewjob?jk=75a03ce4cd2a0c95,
https://www.linkedin.com/jobs/view/4467054254,
https://www.linkedin.com/jobs/view/4465792483,
https://www.linkedin.com/jobs/view/4467203324,
https://www.indeed.com/viewjob?jk=940d7b05c12af4e7,
https://www.linkedin.com/jobs/view/4431131771,
https://www.linkedin.com/jobs/view/4462769120,
https://www.linkedin.com/jobs/view/4467228168,
https://www.linkedin.com/jobs/view/4465779612,
https://www.indeed.com/viewjob?jk=4b851b37eb916a18,
https://www.linkedin.com/jobs/view/4465711580,
https://www.linkedin.com/jobs/view/4463397605,
https://www.linkedin.com/jobs/view/4467213861,
https://www.linkedin.com/jobs/view/4467066509,
https://www.indeed.com/viewjob?jk=bdb9fd9eca9b78f2,
https://www.linkedin.com/jobs/view/4420489596,
https://www.indeed.com/viewjob?jk=3f8b2af4a7989d54,
https://www.linkedin.com/jobs/view/4465479619,
https://www.indeed.com/viewjob?jk=6f9e6ad73cc1776f,
https://www.indeed.com/viewjob?jk=9e3a3e2b179d621e,
https://www.indeed.com/viewjob?jk=4a2994ce31e8ed40,
https://www.indeed.com/viewjob?jk=9ba1af764a506ad8,
https://www.linkedin.com/jobs/view/4465774827,
https://www.linkedin.com/jobs/view/4465480228,
https://www.linkedin.com/jobs/view/4447491667,
https://www.indeed.com/viewjob?jk=1002895ba9660e06,
https://www.linkedin.com/jobs/view/4428289362,
https://www.linkedin.com/jobs/view/4447182664,
https://www.indeed.com/viewjob?jk=ce1cc312ab977394,
https://www.linkedin.com/jobs/view/4464768912,
https://www.linkedin.com/jobs/view/4391166511,
https://www.linkedin.com/jobs/view/4467081910,
https://www.indeed.com/viewjob?jk=2b46b84b74a965fd,
https://www.indeed.com/viewjob?jk=10d0dd199ead8739,
https://www.linkedin.com/jobs/view/4464771864,
https://www.indeed.com/viewjob?jk=fa9d22dd95af5df2,
https://www.indeed.com/viewjob?jk=7a215a8c20a33b52,
https://www.indeed.com/viewjob?jk=cb7e5055fd88510c,
https://www.linkedin.com/jobs/view/4465482197,
https://www.linkedin.com/jobs/view/4465219663,
https://www.indeed.com/viewjob?jk=2961af164ea81a2c,
https://www.linkedin.com/jobs/view/4465788548,
https://www.linkedin.com/jobs/view/4465780832,
https://www.linkedin.com/jobs/view/4453799421,
https://www.linkedin.com/jobs/view/4456952988,
https://www.indeed.com/viewjob?jk=13d7bcebf54272e5,
https://www.indeed.com/viewjob?jk=6998f2ca37017340,
https://www.linkedin.com/jobs/view/4467042091,
https://www.indeed.com/viewjob?jk=2a9fbe0a37638d52,
https://www.indeed.com/viewjob?jk=fd9cfb5e5b720b41,
https://www.indeed.com/viewjob?jk=7177e5db18427e08,
https://www.indeed.com/viewjob?jk=74fc524869ac9897,
https://www.indeed.com/viewjob?jk=5d3ec0b07c912e58,
https://www.linkedin.com/jobs/view/4465713566,
https://www.linkedin.com/jobs/view/4465770880,
https://www.linkedin.com/jobs/view/4467214266,
https://www.indeed.com/viewjob?jk=2dbd1290a8eb2953,
https://www.linkedin.com/jobs/view/4467220154,
https://www.indeed.com/viewjob?jk=015a5eb6d99d42e0,
https://www.linkedin.com/jobs/view/4465495845,
https://www.linkedin.com/jobs/view/4467220435,
https://www.linkedin.com/jobs/view/4464777348,
https://www.linkedin.com/jobs/view/4465205278,
https://www.linkedin.com/jobs/view/4467090254,
https://www.linkedin.com/jobs/view/4467096467,
https://www.indeed.com/viewjob?jk=317ecbb8d4341c09,
https://www.indeed.com/viewjob?jk=2227ce8386707b95,
https://www.indeed.com/viewjob?jk=b9f2eccff06efba5,
https://www.linkedin.com/jobs/view/4467066957,
https://www.linkedin.com/jobs/view/4464741524,
https://www.linkedin.com/jobs/view/4467207823,
https://www.indeed.com/viewjob?jk=0ee4972284a61a5d,
https://www.indeed.com/viewjob?jk=a2e4d3130ad1851c,
https://www.linkedin.com/jobs/view/4467094144,
https://www.indeed.com/viewjob?jk=82b3afab44f118ae,
https://www.linkedin.com/jobs/view/4421242737,
https://www.indeed.com/viewjob?jk=72bb72f5f7cd929f,
https://www.indeed.com/viewjob?jk=c5a4159fc07f833c,
https://www.linkedin.com/jobs/view/4467206709,
https://www.linkedin.com/jobs/view/4467094170,
https://www.indeed.com/viewjob?jk=533f01daae69bbf9,
https://www.indeed.com/viewjob?jk=9d99eb241ae39e59,
https://www.linkedin.com/jobs/view/4465729331,
https://www.indeed.com/viewjob?jk=3bb99ffae284f6ba,
https://www.indeed.com/viewjob?jk=a06a058219b4ce99,
https://www.linkedin.com/jobs/view/4391163449,
https://www.indeed.com/viewjob?jk=cb15690392b768f6,
https://www.indeed.com/viewjob?jk=412547cfa3cce230,
https://www.linkedin.com/jobs/view/4465797279,
https://www.linkedin.com/jobs/view/4447071335,
https://www.linkedin.com/jobs/view/4467230274,
https://www.indeed.com/viewjob?jk=2eb067392a7e44e9,
https://www.indeed.com/viewjob?jk=9f4b3dc49a55f452,
https://www.linkedin.com/jobs/view/4465493159,
https://www.linkedin.com/jobs/view/4409908267,
https://www.linkedin.com/jobs/view/4417666351,
https://www.indeed.com/viewjob?jk=564e58aeb2a9a8ff,
https://www.indeed.com/viewjob?jk=bf62e0182cd1de87,
https://www.linkedin.com/jobs/view/4336678291,
https://www.indeed.com/viewjob?jk=e1ac949b1c2650bb,
https://www.indeed.com/viewjob?jk=872b1d52f379b58f,
https://www.indeed.com/viewjob?jk=ed127d74794161d9,
https://www.linkedin.com/jobs/view/4465787439,
https://www.linkedin.com/jobs/view/4454540408,
https://www.linkedin.com/jobs/view/4464747817,
https://www.linkedin.com/jobs/view/4409973699,
https://www.linkedin.com/jobs/view/4465790146,
https://www.linkedin.com/jobs/view/4466788398,
https://www.linkedin.com/jobs/view/4465797460,
https://www.linkedin.com/jobs/view/4465742182,
https://www.linkedin.com/jobs/view/4467088052,
https://www.linkedin.com/jobs/view/4465238015,
https://www.indeed.com/viewjob?jk=a02ef81b54cf4e28,
https://www.linkedin.com/jobs/view/4465783284,
https://www.indeed.com/viewjob?jk=0360df0e909132e8,
https://www.indeed.com/viewjob?jk=38d5482473e29e65,
https://www.indeed.com/viewjob?jk=06f190bf9dfa221a,
https://www.indeed.com/viewjob?jk=f77aaf9f28240be4,
https://www.linkedin.com/jobs/view/4465792107,
https://www.indeed.com/viewjob?jk=7d5838ee6c18401a,
https://www.linkedin.com/jobs/view/4439356080,
https://www.linkedin.com/jobs/view/4459573791,
https://www.indeed.com/viewjob?jk=0b651dabf9ba3591,
https://www.indeed.com/viewjob?jk=d1328c16cb138ea5,
https://www.linkedin.com/jobs/view/4465776627,
https://www.linkedin.com/jobs/view/4465791584,
https://www.indeed.com/viewjob?jk=6c9bb82e2a9e6891,
https://www.linkedin.com/jobs/view/4467045080,
https://www.linkedin.com/jobs/view/4464772348,
https://www.linkedin.com/jobs/view/4462430497,
https://www.indeed.com/viewjob?jk=35235cd3466f7165,
https://www.linkedin.com/jobs/view/4464767630,
https://www.linkedin.com/jobs/view/4403119865,
https://www.linkedin.com/jobs/view/4464782905,
https://www.indeed.com/viewjob?jk=bb40c4898fd54869,
https://www.linkedin.com/jobs/view/4420658811,
https://www.linkedin.com/jobs/view/4464793210,
https://www.indeed.com/viewjob?jk=028a7a9b6188c634,
https://www.linkedin.com/jobs/view/4465795290,
https://www.linkedin.com/jobs/view/4431122598,
https://www.linkedin.com/jobs/view/4467030112,
https://www.linkedin.com/jobs/view/4466100137,
https://www.linkedin.com/jobs/view/4464780460,
https://www.linkedin.com/jobs/view/4429380330,
https://www.linkedin.com/jobs/view/4467200819,
https://www.linkedin.com/jobs/view/4467096673,
https://www.indeed.com/viewjob?jk=572f39f060e5fea0,
https://www.indeed.com/viewjob?jk=d8af03cf7a53103e,
https://www.indeed.com/viewjob?jk=1cedb09f4d8f22e9,
https://www.linkedin.com/jobs/view/4411769398,
https://www.linkedin.com/jobs/view/4436633112,
https://www.indeed.com/viewjob?jk=0c17cacc59370766,
https://www.linkedin.com/jobs/view/4464777960,
https://www.linkedin.com/jobs/view/4447893270,
https://www.linkedin.com/jobs/view/4422033726,
https://www.linkedin.com/jobs/view/4465767954,
https://www.linkedin.com/jobs/view/4467036899,
https://www.indeed.com/viewjob?jk=5ca1a4c27cdba58b,
https://www.linkedin.com/jobs/view/4467033087,
https://www.indeed.com/viewjob?jk=d1781446f7d00c2e,
https://www.indeed.com/viewjob?jk=59ed4134a6a7d15f,
https://www.linkedin.com/jobs/view/4465789416,
https://www.linkedin.com/jobs/view/4464775759,
https://www.indeed.com/viewjob?jk=fed3d77dc689427e,
https://www.linkedin.com/jobs/view/4452809385,
https://www.linkedin.com/jobs/view/4467202373,
https://www.linkedin.com/jobs/view/4464765781,
https://www.indeed.com/viewjob?jk=997a287e8106d908,
https://www.indeed.com/viewjob?jk=1160af0fdce25668,
https://www.linkedin.com/jobs/view/4465211773,
https://www.linkedin.com/jobs/view/4467094468,
https://www.linkedin.com/jobs/view/4429605667,
https://www.linkedin.com/jobs/view/4465881336,
https://www.linkedin.com/jobs/view/4465220161,
https://www.indeed.com/viewjob?jk=b4daf098843b8428,
https://www.indeed.com/viewjob?jk=009547d2f617223e,
https://www.indeed.com/viewjob?jk=29998c161d6d89c6,
https://www.linkedin.com/jobs/view/4465768536,
https://www.linkedin.com/jobs/view/4458220665,
https://www.linkedin.com/jobs/view/4467087106,
https://www.linkedin.com/jobs/view/4466109072,
https://www.linkedin.com/jobs/view/4467220349,
https://www.linkedin.com/jobs/view/4455366510,
https://www.linkedin.com/jobs/view/4467222534,
https://www.indeed.com/viewjob?jk=95ba087962bedc51,
https://www.linkedin.com/jobs/view/4465794305,
https://www.linkedin.com/jobs/view/4466790958,
https://www.indeed.com/viewjob?jk=3c2729f244143fde,
https://www.linkedin.com/jobs/view/4464826065,
https://www.indeed.com/viewjob?jk=3aaa123cebf8dddf,
https://www.indeed.com/viewjob?jk=71342e47a745b3aa,
https://www.linkedin.com/jobs/view/4420676799,
https://www.linkedin.com/jobs/view/4465224475,
https://www.linkedin.com/jobs/view/4465783195,
https://www.linkedin.com/jobs/view/4467207724,
https://www.indeed.com/viewjob?jk=8b4a9e007e3bc14a,
https://www.linkedin.com/jobs/view/4467053569,
https://www.indeed.com/viewjob?jk=812db81f53a00ca0,
https://www.linkedin.com/jobs/view/4464798720,
https://www.linkedin.com/jobs/view/4465223848,
https://www.indeed.com/viewjob?jk=1a11adbd369f3af4,
https://www.indeed.com/viewjob?jk=caec283047aa743c,
https://www.linkedin.com/jobs/view/4465797606,
https://www.linkedin.com/jobs/view/4467213862,
https://www.linkedin.com/jobs/view/4459005777,
https://www.indeed.com/viewjob?jk=5f886782355a33f0,
https://www.linkedin.com/jobs/view/4465218640,
https://www.linkedin.com/jobs/view/4410816629,
https://www.linkedin.com/jobs/view/4464793231,
https://www.indeed.com/viewjob?jk=4d1b2fd2d4eaf535,
https://www.linkedin.com/jobs/view/4467221277,
https://www.linkedin.com/jobs/view/4465229343,
https://www.linkedin.com/jobs/view/4467237190,
https://www.linkedin.com/jobs/view/4465212714,
https://www.linkedin.com/jobs/view/4436644148,
https://www.linkedin.com/jobs/view/4467032169,
https://www.linkedin.com/jobs/view/4455849209,
https://www.indeed.com/viewjob?jk=15c6692a4fc16a99,
https://www.linkedin.com/jobs/view/4465795267,
https://www.indeed.com/viewjob?jk=63190823a5d1f45b,
https://www.indeed.com/viewjob?jk=15604d8c7d88af61,
https://www.linkedin.com/jobs/view/4467211700,
https://www.indeed.com/viewjob?jk=cc99311dc68f3125,
https://www.linkedin.com/jobs/view/4430782077,
https://www.linkedin.com/jobs/view/4465789087,
https://www.linkedin.com/jobs/view/4467098104,
https://www.linkedin.com/jobs/view/4467031142,
https://www.linkedin.com/jobs/view/4465203501,
https://www.linkedin.com/jobs/view/4465218697,
https://www.linkedin.com/jobs/view/4465778909,
https://www.linkedin.com/jobs/view/4467096901,
https://www.indeed.com/viewjob?jk=71b9f9ec155ceb75,
https://www.linkedin.com/jobs/view/4465215903,
https://www.indeed.com/viewjob?jk=1e007411cc5bc3a2,
https://www.indeed.com/viewjob?jk=fda9baa9fb4d544f,
https://www.indeed.com/viewjob?jk=36f5121bd99dbbc3,
https://www.indeed.com/viewjob?jk=7e05c6c9d4c71aaa,
https://www.linkedin.com/jobs/view/4467089330,
https://www.indeed.com/viewjob?jk=15e9ca0bf17b5585,
https://www.indeed.com/viewjob?jk=3bcca5913571ddd7,
https://www.linkedin.com/jobs/view/4467099729,
https://www.linkedin.com/jobs/view/4430747358,
https://www.linkedin.com/jobs/view/4466782980,
https://www.linkedin.com/jobs/view/4467040279,
https://www.linkedin.com/jobs/view/4436631719,
https://www.indeed.com/viewjob?jk=c0404181329dda90,
https://www.linkedin.com/jobs/view/4465215993,
https://www.indeed.com/viewjob?jk=f9d8ecbedde1e046,
https://www.linkedin.com/jobs/view/4409627038,
https://www.linkedin.com/jobs/view/4467056035,
https://www.indeed.com/viewjob?jk=fa737bbcf90d7500,
https://www.indeed.com/viewjob?jk=dfa31bc6e0791b3f,
https://www.linkedin.com/jobs/view/4465496413,
https://www.linkedin.com/jobs/view/4465204210,
https://www.linkedin.com/jobs/view/4467036127,
https://www.linkedin.com/jobs/view/4467057989,
https://www.linkedin.com/jobs/view/4467203594,
https://www.indeed.com/viewjob?jk=6cdb764d82e4bcdf,
https://www.indeed.com/viewjob?jk=ca441000374c90fa,
https://www.linkedin.com/jobs/view/4466108395,
https://www.indeed.com/viewjob?jk=c948aa453e950d7a,
https://www.linkedin.com/jobs/view/4465795716,
https://www.linkedin.com/jobs/view/4466100177,
https://www.linkedin.com/jobs/view/4465798183,
https://www.linkedin.com/jobs/view/4465779273,
https://www.linkedin.com/jobs/view/4465765267,
https://www.linkedin.com/jobs/view/4466110333,
https://www.indeed.com/viewjob?jk=bd850fdbbaeb7862,
https://www.indeed.com/viewjob?jk=e6cc4ffb71038ee3,
https://www.indeed.com/viewjob?jk=fa0a84b2e796ef3c,
https://www.linkedin.com/jobs/view/4467203074,
https://www.indeed.com/viewjob?jk=4e977973742d5535,
https://www.linkedin.com/jobs/view/4464752659,
https://www.indeed.com/viewjob?jk=e2f4b2d20560f30e,
https://www.linkedin.com/jobs/view/4419956234,
https://www.linkedin.com/jobs/view/4439915357,
https://www.linkedin.com/jobs/view/4467027101,
https://www.linkedin.com/jobs/view/4464736848,
https://www.linkedin.com/jobs/view/4467098388,
https://www.linkedin.com/jobs/view/4420635040,
https://www.linkedin.com/jobs/view/4466797485,
https://www.indeed.com/viewjob?jk=028fe1107096cfc1,
https://www.indeed.com/viewjob?jk=87c257b826e770c2,
https://www.linkedin.com/jobs/view/4467095641,
https://www.indeed.com/viewjob?jk=d51cb739904b8c59,
https://www.linkedin.com/jobs/view/4467026137,
https://www.linkedin.com/jobs/view/4465716641,
https://www.linkedin.com/jobs/view/4467203988,
https://www.linkedin.com/jobs/view/4443208089,
https://www.linkedin.com/jobs/view/4421217806,
https://www.linkedin.com/jobs/view/4465222529,
https://www.linkedin.com/jobs/view/4447184605,
https://www.indeed.com/viewjob?jk=d63bfa26cf209ba9,
https://www.indeed.com/viewjob?jk=d01447b207d6055e,
https://www.linkedin.com/jobs/view/4465791165,
https://www.linkedin.com/jobs/view/4464789732,
https://www.linkedin.com/jobs/view/4464768580,
https://www.linkedin.com/jobs/view/4467067989,
https://www.linkedin.com/jobs/view/4467216849,
https://www.linkedin.com/jobs/view/4465762913,
https://www.linkedin.com/jobs/view/4466147857,
https://www.indeed.com/viewjob?jk=b2ec1714c139103c,
https://www.linkedin.com/jobs/view/4466141919,
https://www.linkedin.com/jobs/view/4467262462,
https://www.linkedin.com/jobs/view/4467495896,
https://www.linkedin.com/jobs/view/4458534853,
https://www.linkedin.com/jobs/view/4466119548,
https://www.linkedin.com/jobs/view/4467232697,
https://www.linkedin.com/jobs/view/4466148216,
https://www.linkedin.com/jobs/view/4467444865,
https://www.indeed.com/viewjob?jk=1a46a296e76464e4,
https://www.indeed.com/viewjob?jk=5dfb9762b17a9464,
https://www.indeed.com/viewjob?jk=bdd2787a0ee3a9f3,
https://www.linkedin.com/jobs/view/4466128779,
https://www.linkedin.com/jobs/view/4448633419,
https://www.indeed.com/viewjob?jk=69bf26dda565b949,
https://www.indeed.com/viewjob?jk=5cd20f8425a17ed2,
https://www.linkedin.com/jobs/view/4467441855,
https://www.linkedin.com/jobs/view/4466154319,
https://www.linkedin.com/jobs/view/4467729068,
https://www.indeed.com/viewjob?jk=8a29736fe2268db4,
https://www.linkedin.com/jobs/view/4465237744,
https://www.indeed.com/viewjob?jk=49725ca6ddb26808,
https://www.indeed.com/viewjob?jk=a4bd11875af5ce30,
https://www.linkedin.com/jobs/view/4453248805,
https://www.linkedin.com/jobs/view/4466124015,
https://www.linkedin.com/jobs/view/4465521516,
https://www.linkedin.com/jobs/view/4443387627,
https://www.indeed.com/viewjob?jk=b8bcc59ad55cf58a,
https://www.linkedin.com/jobs/view/4467746346,
https://www.linkedin.com/jobs/view/4467401365,
https://www.indeed.com/viewjob?jk=b54fd409ab760616,
https://www.linkedin.com/jobs/view/4467495312,
https://www.linkedin.com/jobs/view/4459641390,
https://www.linkedin.com/jobs/view/4425873669,
https://www.linkedin.com/jobs/view/4467239723,
https://www.linkedin.com/jobs/view/4456879777,
https://www.linkedin.com/jobs/view/4465557244,
https://www.indeed.com/viewjob?jk=f92c9194db5e581a,
https://www.linkedin.com/jobs/view/4448644152,
https://www.linkedin.com/jobs/view/4466510365,
https://www.linkedin.com/jobs/view/4458293755,
https://www.linkedin.com/jobs/view/4466534584,
https://www.linkedin.com/jobs/view/4465564955,
https://www.indeed.com/viewjob?jk=d583425874fec632,
https://www.linkedin.com/jobs/view/4466156999,
https://www.indeed.com/viewjob?jk=d92e07a9d3f2ec1a,
https://www.linkedin.com/jobs/view/4466133232,
https://www.linkedin.com/jobs/view/4466134510,
https://www.linkedin.com/jobs/view/4467445123,
https://www.linkedin.com/jobs/view/4465255179,
https://www.linkedin.com/jobs/view/4467258132,
https://www.linkedin.com/jobs/view/4467257427,
https://www.linkedin.com/jobs/view/4466172170,
https://www.linkedin.com/jobs/view/4460673430,
https://www.linkedin.com/jobs/view/4466530499,
https://www.linkedin.com/jobs/view/4467271464,
https://www.linkedin.com/jobs/view/4454544392,
https://www.indeed.com/viewjob?jk=85e020a89007da67,
https://www.linkedin.com/jobs/view/4465512758,
https://www.linkedin.com/jobs/view/4458308310,
https://www.linkedin.com/jobs/view/4466535115,
https://www.linkedin.com/jobs/view/4465233812,
https://www.linkedin.com/jobs/view/4467428719,
https://www.linkedin.com/jobs/view/4467254417,
https://www.linkedin.com/jobs/view/4466105800,
https://www.indeed.com/viewjob?jk=7e7e9844190eb0fb,
https://www.linkedin.com/jobs/view/4466529760,
https://www.linkedin.com/jobs/view/4458291436,
https://www.linkedin.com/jobs/view/4465795816,
https://www.linkedin.com/jobs/view/4465568721,
https://www.indeed.com/viewjob?jk=30a4cbabf92e417d,
https://www.indeed.com/viewjob?jk=f77eed508e9244a6,
https://www.linkedin.com/jobs/view/4467280121,
https://www.linkedin.com/jobs/view/4465236208,
https://www.linkedin.com/jobs/view/4457178723,
https://www.linkedin.com/jobs/view/4448851137,
https://www.linkedin.com/jobs/view/4467299189,
https://www.linkedin.com/jobs/view/4431213429,
https://www.linkedin.com/jobs/view/4466532675,
https://www.linkedin.com/jobs/view/4458558282,
https://www.indeed.com/viewjob?jk=95cbc36525d6512e,
https://www.indeed.com/viewjob?jk=b4af53fe6e6e727b,
https://www.indeed.com/viewjob?jk=5997aabc0b7a9d3e,
https://www.indeed.com/viewjob?jk=56970318fee817fa,
https://www.indeed.com/viewjob?jk=63b531804dd9f738,
https://www.linkedin.com/jobs/view/4465250160,
https://www.linkedin.com/jobs/view/4465594110,
https://www.linkedin.com/jobs/view/4465545369,
https://www.linkedin.com/jobs/view/4466197215,
https://www.linkedin.com/jobs/view/4466148211,
https://www.indeed.com/viewjob?jk=4a2ec8c856ca4e65,
https://www.indeed.com/viewjob?jk=354e340efea2801b,
https://www.linkedin.com/jobs/view/4465245269,
https://www.linkedin.com/jobs/view/4465244657,
https://www.indeed.com/viewjob?jk=97d57a3e0d1d23e3,
https://www.linkedin.com/jobs/view/4466191346,
https://www.indeed.com/viewjob?jk=0f8fa8241d2839d0,
https://www.indeed.com/viewjob?jk=c36dcf65ba132beb,
https://www.indeed.com/viewjob?jk=febd8c756248922c,
https://www.indeed.com/viewjob?jk=6ccb5278826da306,
https://www.indeed.com/viewjob?jk=0d157926c7fc23c1,
https://www.linkedin.com/jobs/view/4466554297,
https://www.linkedin.com/jobs/view/4466532933,
https://www.indeed.com/viewjob?jk=06c140445091e5d5,
https://www.indeed.com/viewjob?jk=045b05dbf40c615a,
https://www.linkedin.com/jobs/view/4465901200,
https://www.indeed.com/viewjob?jk=8dd747e1215982ba,
https://www.linkedin.com/jobs/view/4466554270,
https://www.indeed.com/viewjob?jk=27cfab3fb01bed5e,
https://www.linkedin.com/jobs/view/4467232479,
https://www.linkedin.com/jobs/view/4458589885,
https://www.linkedin.com/jobs/view/4448317971,
https://www.linkedin.com/jobs/view/4466538222,
https://www.linkedin.com/jobs/view/4467719653,
https://www.linkedin.com/jobs/view/4438356986,
https://www.linkedin.com/jobs/view/4466133700,
https://www.linkedin.com/jobs/view/4467247525,
https://www.indeed.com/viewjob?jk=79b4413d93eec9c3,
https://www.linkedin.com/jobs/view/4466155525,
https://www.linkedin.com/jobs/view/4437879176,
https://www.indeed.com/viewjob?jk=fe266d645848b20b,
https://www.linkedin.com/jobs/view/4466529653,
https://www.indeed.com/viewjob?jk=372a159536bc2222,
https://www.linkedin.com/jobs/view/4463988943,
https://www.linkedin.com/jobs/view/4466523387,
https://www.indeed.com/viewjob?jk=596101ba17deb9f5,
https://www.indeed.com/viewjob?jk=50ba608cc6ec77aa,
https://www.indeed.com/viewjob?jk=df130f3d73bb96b1,
https://www.linkedin.com/jobs/view/4467458006,
https://www.linkedin.com/jobs/view/4467728050,
https://www.linkedin.com/jobs/view/4465796924,
https://www.indeed.com/viewjob?jk=b8754b3b5a4cda7c,
https://www.indeed.com/viewjob?jk=05575cfab62c9034,
https://www.indeed.com/viewjob?jk=9b7d8dfbca97a6fc,
https://www.linkedin.com/jobs/view/4458280377,
https://www.indeed.com/viewjob?jk=463decb68e0c7a8c,
https://www.indeed.com/viewjob?jk=702cd86d43bf9382,
https://www.linkedin.com/jobs/view/4467249483,
https://www.indeed.com/viewjob?jk=8882714c2b1ef3f1,
https://www.linkedin.com/jobs/view/4466104682,
https://www.linkedin.com/jobs/view/4465567888,
https://www.indeed.com/viewjob?jk=a9dbda3ca3ee099c,
https://www.indeed.com/viewjob?jk=6b255e44781307bb,
https://www.indeed.com/viewjob?jk=2f2172829e7c0cd3,
https://www.indeed.com/viewjob?jk=50cd3a749a65dfe8,
https://www.linkedin.com/jobs/view/4467437124,
https://www.indeed.com/viewjob?jk=bb2d51586e6340dc,
https://www.linkedin.com/jobs/view/4467405242,
https://www.linkedin.com/jobs/view/4467740987,
https://www.linkedin.com/jobs/view/4467733051,
https://www.indeed.com/viewjob?jk=7cc0f848f37e6d08,
https://www.linkedin.com/jobs/view/4467288305,
https://www.linkedin.com/jobs/view/4465500012,
https://www.linkedin.com/jobs/view/4467715953,
https://www.linkedin.com/jobs/view/4466521892,
https://www.linkedin.com/jobs/view/4453108428,
https://www.linkedin.com/jobs/view/4466182317,
https://www.indeed.com/viewjob?jk=468b1ba1bdbb3dab,
https://www.indeed.com/viewjob?jk=2535d36a7b86fa38,
https://www.linkedin.com/jobs/view/4466523928,
https://www.linkedin.com/jobs/view/4467277783,
https://www.indeed.com/viewjob?jk=00914554b8241b55,
https://www.linkedin.com/jobs/view/4448633570,
https://www.linkedin.com/jobs/view/4466520356,
https://www.indeed.com/viewjob?jk=c1c97c3db9800262,
https://www.linkedin.com/jobs/view/4448876811,
https://www.linkedin.com/jobs/view/4465591309,
https://www.indeed.com/viewjob?jk=04f0f91f8e2b75a7,
https://www.indeed.com/viewjob?jk=a55cc47f9e1e2e5f,
https://www.indeed.com/viewjob?jk=1c0f1fef447fdd22,
https://www.indeed.com/viewjob?jk=74d2e432330bcd30,
https://www.indeed.com/viewjob?jk=3fe30c3f66fbe102,
https://www.indeed.com/viewjob?jk=e04762dd86c98925,
https://www.indeed.com/viewjob?jk=a101d32731146259,
https://www.linkedin.com/jobs/view/4466135960,
https://www.linkedin.com/jobs/view/4467245907,
https://www.indeed.com/viewjob?jk=61d5722213037a3a,
https://www.indeed.com/viewjob?jk=bf486f219f1766b8,
https://www.linkedin.com/jobs/view/4456065676,
https://www.linkedin.com/jobs/view/4467714176,
https://www.linkedin.com/jobs/view/4467425319,
https://www.indeed.com/viewjob?jk=1ec46c7fc05c0584,
https://www.linkedin.com/jobs/view/4467750468,
https://www.linkedin.com/jobs/view/4467409533,
https://www.linkedin.com/jobs/view/4466531199,
https://www.indeed.com/viewjob?jk=1cf10bfb5e05fc6b,
https://www.indeed.com/viewjob?jk=f2fba5f86468c06d,
https://www.linkedin.com/jobs/view/4467460061,
https://www.indeed.com/viewjob?jk=930bc12b342be118,
https://www.indeed.com/viewjob?jk=42490be9dd9cc8ad,
https://www.indeed.com/viewjob?jk=2b01a424a59cf816,
https://www.linkedin.com/jobs/view/4466556091,
https://www.linkedin.com/jobs/view/4466168251,
https://www.linkedin.com/jobs/view/4450640985,
https://www.linkedin.com/jobs/view/4465539857,
https://www.linkedin.com/jobs/view/4467445124,
https://www.linkedin.com/jobs/view/4467485198,
https://www.indeed.com/viewjob?jk=249574dd16724bee,
https://www.linkedin.com/jobs/view/4465562275,
https://www.indeed.com/viewjob?jk=d564e3ca86c421c8,
https://www.indeed.com/viewjob?jk=7528be81c233f441,
https://www.linkedin.com/jobs/view/4440326162,
https://www.indeed.com/viewjob?jk=501232181d5a0e8a,
https://www.linkedin.com/jobs/view/4467240977,
https://www.indeed.com/viewjob?jk=21fcf44661aa9ddb,
https://www.linkedin.com/jobs/view/4463084614,
https://www.linkedin.com/jobs/view/4467241965,
https://www.linkedin.com/jobs/view/4427225502,
https://www.indeed.com/viewjob?jk=ce9e6b8782e131e4,
https://www.linkedin.com/jobs/view/4466157107,
https://www.indeed.com/viewjob?jk=954a1a1b034f35da,
https://www.linkedin.com/jobs/view/4467265070,
https://www.linkedin.com/jobs/view/4457971502,
https://www.linkedin.com/jobs/view/4411763531,
https://www.linkedin.com/jobs/view/4467255079,
https://www.indeed.com/viewjob?jk=8bbe49cc508ba00c,
https://www.linkedin.com/jobs/view/4465539310,
https://www.linkedin.com/jobs/view/4466176294,
https://www.indeed.com/viewjob?jk=c1774ad442bff290,
https://www.linkedin.com/jobs/view/4466541005,
https://www.linkedin.com/jobs/view/4465248408,
https://www.indeed.com/viewjob?jk=f2266850b8e7577e,
https://www.linkedin.com/jobs/view/4465570609,
https://www.indeed.com/viewjob?jk=7d7948079b14462a,
https://www.linkedin.com/jobs/view/4412410096,
https://www.linkedin.com/jobs/view/4465256593,
https://www.linkedin.com/jobs/view/4466547261,
https://www.linkedin.com/jobs/view/4466528949,
https://www.linkedin.com/jobs/view/4466179295,
https://www.linkedin.com/jobs/view/4467290965,
https://www.linkedin.com/jobs/view/4467414126,
https://www.linkedin.com/jobs/view/4467272315,
https://www.indeed.com/viewjob?jk=28f0179e87b677f3,
https://www.indeed.com/viewjob?jk=3b1531f962f004f3,
https://www.indeed.com/viewjob?jk=8b9771f44f747538,
https://www.linkedin.com/jobs/view/4459006258,
https://www.linkedin.com/jobs/view/4467265840,
https://www.linkedin.com/jobs/view/4467455841,
https://www.linkedin.com/jobs/view/4466196612,
https://www.indeed.com/viewjob?jk=a4b800ae20436870,
https://www.indeed.com/viewjob?jk=0eba24c766d45e9f,
https://www.indeed.com/viewjob?jk=252e7ebffdc84a0f,
https://www.linkedin.com/jobs/view/4465278129,
https://www.linkedin.com/jobs/view/4465246604,
https://www.linkedin.com/jobs/view/4467269182,
https://www.linkedin.com/jobs/view/4467295420,
https://www.indeed.com/viewjob?jk=e9b7b0a291e82069,
https://www.linkedin.com/jobs/view/4467281947,
https://www.indeed.com/viewjob?jk=0e3153afbe48dd77,
https://www.indeed.com/viewjob?jk=ae5f3ba1d2caaeef,
https://www.indeed.com/viewjob?jk=3133ed7284f29d29,
https://www.linkedin.com/jobs/view/4464423422,
https://www.linkedin.com/jobs/view/4465255815,
https://www.indeed.com/viewjob?jk=be3e215a5f4f1421,
https://www.linkedin.com/jobs/view/4466150099,
https://www.linkedin.com/jobs/view/4465240434,
https://www.linkedin.com/jobs/view/4458294602,
https://www.indeed.com/viewjob?jk=78d89f49b31c846d,
https://www.linkedin.com/jobs/view/4467260282,
https://www.indeed.com/viewjob?jk=57760836dde72a97,
https://www.linkedin.com/jobs/view/4467407477,
https://www.indeed.com/viewjob?jk=99cc9b6cfe30061b,
https://www.linkedin.com/jobs/view/4467271848,
https://www.indeed.com/viewjob?jk=ac76fe4c589bedbe,
https://www.indeed.com/viewjob?jk=658b01dc368a9d49,
https://www.linkedin.com/jobs/view/4466530736,
https://www.indeed.com/viewjob?jk=5d2e1fc58ab3af1c,
https://www.linkedin.com/jobs/view/4465296009,
https://www.linkedin.com/jobs/view/4467281018,
https://www.linkedin.com/jobs/view/4466179969,
https://www.linkedin.com/jobs/view/4467734478,
https://www.indeed.com/viewjob?jk=b980c8a21b5a4144,
https://www.indeed.com/viewjob?jk=c27adc1a951b0172,
https://www.indeed.com/viewjob?jk=5a93027fa67f3db2,
https://www.linkedin.com/jobs/view/4465240273,
https://www.indeed.com/viewjob?jk=c7a44d15c9b97f9e,
https://www.indeed.com/viewjob?jk=cce5aca3307e7b11,
https://www.linkedin.com/jobs/view/4465258413,
https://www.linkedin.com/jobs/view/4439463456,
https://www.indeed.com/viewjob?jk=7538d8a07770e406,
https://www.indeed.com/viewjob?jk=788ac1b60fb1c032,
https://www.linkedin.com/jobs/view/4466517718,
https://www.linkedin.com/jobs/view/4467269576,
https://www.indeed.com/viewjob?jk=bddcbb44f0a9a488,
https://www.linkedin.com/jobs/view/4466144168,
https://www.linkedin.com/jobs/view/4466540178,
https://www.linkedin.com/jobs/view/4442921290,
https://www.indeed.com/viewjob?jk=e4e1837c36379b49,
https://www.indeed.com/viewjob?jk=980f247dad0e3e0a,
https://www.linkedin.com/jobs/view/4467742393,
https://www.linkedin.com/jobs/view/4465572745,
https://www.linkedin.com/jobs/view/4466109814,
https://www.linkedin.com/jobs/view/4457449408,
https://www.indeed.com/viewjob?jk=fe174f1e06b4ccc5,
https://www.indeed.com/viewjob?jk=ea003f5e8b24736e,
https://www.indeed.com/viewjob?jk=068dc216013d5584,
https://www.linkedin.com/jobs/view/4467281473,
https://www.indeed.com/viewjob?jk=4d9346663556f5f8,
https://www.linkedin.com/jobs/view/4467413314,
https://www.linkedin.com/jobs/view/4466538151,
https://www.indeed.com/viewjob?jk=93a2d1485962d7fe,
https://www.indeed.com/viewjob?jk=732cf0185aeca663,
https://www.linkedin.com/jobs/view/4465550999,
https://www.indeed.com/viewjob?jk=c90215ed5ff841b5,
https://www.indeed.com/viewjob?jk=0abd6f82a4d6eb1d,
https://www.linkedin.com/jobs/view/4466146393,
https://www.indeed.com/viewjob?jk=bb3a9dd7bf4dd40f,
https://www.indeed.com/viewjob?jk=aeae6833b8a73d48,
https://www.indeed.com/viewjob?jk=b76ce10157115b2c,
https://www.linkedin.com/jobs/view/4402826397,
https://www.indeed.com/viewjob?jk=3a7528aa69fcff6f,
https://www.linkedin.com/jobs/view/4465900154,
https://www.linkedin.com/jobs/view/4466179344,
https://www.linkedin.com/jobs/view/4466517052,
https://www.indeed.com/viewjob?jk=f84f3f796d521966,
https://www.indeed.com/viewjob?jk=2d785ca29bbd5fd7,
https://www.linkedin.com/jobs/view/4458260866,
https://www.linkedin.com/jobs/view/4440518584,
https://www.indeed.com/viewjob?jk=2627e149fdb2fd3f,
https://www.indeed.com/viewjob?jk=1c8f8c4f4bc89bf4,
https://www.indeed.com/viewjob?jk=aa95165621082c81,
https://www.indeed.com/viewjob?jk=c8d484ee7b5e2f42,
https://www.linkedin.com/jobs/view/4467420721,
https://www.linkedin.com/jobs/view/4467268209,
https://www.indeed.com/viewjob?jk=86e5a391e31de4c1,
https://www.indeed.com/viewjob?jk=0ead9673683bcf9f,
https://www.linkedin.com/jobs/view/4466524842,
https://www.linkedin.com/jobs/view/4465573589,
https://www.linkedin.com/jobs/view/4465582090,
https://www.linkedin.com/jobs/view/4466167653,
https://www.linkedin.com/jobs/view/4466154473,
https://www.linkedin.com/jobs/view/4465241448,
https://www.linkedin.com/jobs/view/4466146461,
https://www.linkedin.com/jobs/view/4465511893,
https://www.linkedin.com/jobs/view/4466121430,
https://www.indeed.com/viewjob?jk=a4c6995ae49b865a,
https://www.linkedin.com/jobs/view/4459868237,
https://www.indeed.com/viewjob?jk=3e56b4d222f85ed4,
https://www.linkedin.com/jobs/view/4448337456,
https://www.linkedin.com/jobs/view/4457177610,
https://www.linkedin.com/jobs/view/4465240875,
https://www.linkedin.com/jobs/view/4466501867,
https://www.linkedin.com/jobs/view/4309903738,
https://www.indeed.com/viewjob?jk=0d36a0f247ee4dc5,
https://www.linkedin.com/jobs/view/4466188363,
https://www.indeed.com/viewjob?jk=9d991bb961d6252f,
https://www.indeed.com/viewjob?jk=320e67643ea75a24,
https://www.indeed.com/viewjob?jk=2d3a4804ab93c23d,
https://www.indeed.com/viewjob?jk=bf10c394117ca22c,
https://www.indeed.com/viewjob?jk=a9080186c8fb5d59,
https://www.linkedin.com/jobs/view/4467297193,
https://www.indeed.com/viewjob?jk=11cffba81da92278,
https://www.linkedin.com/jobs/view/4467761118,
https://www.linkedin.com/jobs/view/4466552290,
https://www.linkedin.com/jobs/view/4454545365,
https://www.indeed.com/viewjob?jk=694074b515c52085,
https://www.linkedin.com/jobs/view/4467271125,
https://www.indeed.com/viewjob?jk=adc527824f790b50,
https://www.linkedin.com/jobs/view/4467743764,
https://www.indeed.com/viewjob?jk=c68a297e7f5093ed,
https://www.linkedin.com/jobs/view/4467772333,
https://www.indeed.com/viewjob?jk=3adb8405c4356773,
https://www.linkedin.com/jobs/view/4467794327,
https://www.indeed.com/viewjob?jk=e70e47840e2d2535,
https://www.linkedin.com/jobs/view/4459866243,
https://www.linkedin.com/jobs/view/4466540895,
https://www.indeed.com/viewjob?jk=810d4d22336ab3b9,
https://www.linkedin.com/jobs/view/4467918814,
https://www.linkedin.com/jobs/view/4434135811,
https://www.linkedin.com/jobs/view/4448626756,
https://www.linkedin.com/jobs/view/4468244015,
https://www.linkedin.com/jobs/view/4466567424,
https://www.linkedin.com/jobs/view/4467936664,
https://www.indeed.com/viewjob?jk=c71136a2f997270b,
https://www.indeed.com/viewjob?jk=d3ef845881440f40,
https://www.linkedin.com/jobs/view/4467922825,
https://www.linkedin.com/jobs/view/4465923008,
https://www.linkedin.com/jobs/view/4458995140,
https://www.indeed.com/viewjob?jk=153f36ec95f48376,
https://www.indeed.com/viewjob?jk=c714e42b18784bd4,
https://www.linkedin.com/jobs/view/4468205571,
https://www.indeed.com/viewjob?jk=0810c47a3fa551b3,
https://www.indeed.com/viewjob?jk=aa047773822209b1,
https://www.linkedin.com/jobs/view/4467769369,
https://www.linkedin.com/jobs/view/4459044657,
https://www.indeed.com/viewjob?jk=36adaa67d8ad87c9,
https://www.linkedin.com/jobs/view/4468248258,
https://www.linkedin.com/jobs/view/4391165411,
https://www.linkedin.com/jobs/view/4466567468,
https://www.indeed.com/viewjob?jk=4f69bc974992fdce,
https://www.indeed.com/viewjob?jk=e07aa5440c9ed90d,
https://www.indeed.com/viewjob?jk=4b65f88fcc0e4807,
https://www.indeed.com/viewjob?jk=cd1f945285c78526,
https://www.indeed.com/viewjob?jk=902aa083d3e1f2ec,
https://www.linkedin.com/jobs/view/4467779298,
https://www.linkedin.com/jobs/view/4467761719,
https://www.linkedin.com/jobs/view/4467925149,
https://www.linkedin.com/jobs/view/4467966749,
https://www.indeed.com/viewjob?jk=1e08d0d8a33a694e,
https://www.indeed.com/viewjob?jk=d251a5f5a12fb417,
https://www.indeed.com/viewjob?jk=f73ec94df28082da,
https://www.linkedin.com/jobs/view/4440374888,
https://www.indeed.com/viewjob?jk=9b630901b0d2a570,
https://www.indeed.com/viewjob?jk=e51d7ed8941afd91,
https://www.linkedin.com/jobs/view/4468215789,
https://www.linkedin.com/jobs/view/4467976580,
https://www.indeed.com/viewjob?jk=c5de1f17e168a92d,
https://www.linkedin.com/jobs/view/4465966128,
https://www.indeed.com/viewjob?jk=78b40f4eec5da657,
https://www.linkedin.com/jobs/view/4448665871,
https://www.indeed.com/viewjob?jk=3bd786e12bd4a163,
https://www.linkedin.com/jobs/view/4467983363,
https://www.linkedin.com/jobs/view/4466590517,
https://www.linkedin.com/jobs/view/4467218381,
https://www.indeed.com/viewjob?jk=3fcabfb382f8f77a,
https://www.indeed.com/viewjob?jk=046ec346f50cce5f,
https://www.linkedin.com/jobs/view/4461922653,
https://www.linkedin.com/jobs/view/4465977974,
https://www.indeed.com/viewjob?jk=f01efd8dcb6fc8b7,
https://www.indeed.com/viewjob?jk=3b2a383b376628ea,
https://www.linkedin.com/jobs/view/4467921832,
https://www.indeed.com/viewjob?jk=e4b8d6ac88b6da6d,
https://www.indeed.com/viewjob?jk=f6ebd1e9fbe53e69,
https://www.indeed.com/viewjob?jk=2d7cc38d54722827,
https://www.linkedin.com/jobs/view/4467930147,
https://www.linkedin.com/jobs/view/4467753984,
https://www.linkedin.com/jobs/view/4465956809,
https://www.indeed.com/viewjob?jk=d33e017085f3ade8,
https://www.indeed.com/viewjob?jk=6e79f10d0e3a2dcc,
https://www.linkedin.com/jobs/view/4465943281,
https://www.indeed.com/viewjob?jk=4387cf0e246d8ca1,
https://www.linkedin.com/jobs/view/4467955755,
https://www.linkedin.com/jobs/view/4467765368,
https://www.linkedin.com/jobs/view/4465915073,
https://www.linkedin.com/jobs/view/4439431477,
https://www.linkedin.com/jobs/view/4466816052,
https://www.indeed.com/viewjob?jk=9d4cf8a5e891b342,
https://www.indeed.com/viewjob?jk=7f699c5b531ee909,
https://www.indeed.com/viewjob?jk=806078b8e9fed0ec,
https://www.linkedin.com/jobs/view/4467908602,
https://www.linkedin.com/jobs/view/4466886334,
https://www.indeed.com/viewjob?jk=5265a1aab6e0e680,
https://www.indeed.com/viewjob?jk=11bbea22c50d8582,
https://www.indeed.com/viewjob?jk=f362b2ddb06320fa,
https://www.linkedin.com/jobs/view/4466858116,
https://www.linkedin.com/jobs/view/4467775730,
https://www.linkedin.com/jobs/view/4466599024,
https://www.indeed.com/viewjob?jk=0526faaedcb348a4,
https://www.indeed.com/viewjob?jk=d80f0dc23ef2564e,
https://www.indeed.com/viewjob?jk=ee5bcdc17e02f0b6,
https://www.indeed.com/viewjob?jk=28aae63db04a6fd4,
https://www.linkedin.com/jobs/view/4467961209,
https://www.indeed.com/viewjob?jk=2280075929b978e2,
https://www.indeed.com/viewjob?jk=193dbf79b86afbb0,
https://www.linkedin.com/jobs/view/4467961579,
https://www.linkedin.com/jobs/view/4465996944,
https://www.linkedin.com/jobs/view/4467910322,
https://www.indeed.com/viewjob?jk=45ee9b464c973901,
https://www.linkedin.com/jobs/view/4466545991,
https://www.linkedin.com/jobs/view/4468249774,
https://www.linkedin.com/jobs/view/4457208180,
https://www.linkedin.com/jobs/view/4466212553,
https://www.linkedin.com/jobs/view/4465951275,
https://www.linkedin.com/jobs/view/4462431608,
https://www.indeed.com/viewjob?jk=2f6d801f70f97b71,
https://www.linkedin.com/jobs/view/4457476347,
https://www.indeed.com/viewjob?jk=215a7b94f8d55a48,
https://www.linkedin.com/jobs/view/4467769411,
https://www.indeed.com/viewjob?jk=b8c2fd9ca3fae5fa,
https://www.linkedin.com/jobs/view/4466571011,
https://www.linkedin.com/jobs/view/4467768038,
https://www.linkedin.com/jobs/view/4467932433,
https://www.indeed.com/viewjob?jk=bc79a5efff27dc8a,
https://www.linkedin.com/jobs/view/4466857543,
https://www.linkedin.com/jobs/view/4467964381,
https://www.linkedin.com/jobs/view/4467920290,
https://www.indeed.com/viewjob?jk=1c7767886cfc1fe1,
https://www.linkedin.com/jobs/view/4468246489,
https://www.indeed.com/viewjob?jk=de381dcb9ddeb7fa,
https://www.linkedin.com/jobs/view/4466568583,
https://www.linkedin.com/jobs/view/4466556694,
https://www.linkedin.com/jobs/view/4465928012,
https://www.linkedin.com/jobs/view/4457673851,
https://www.linkedin.com/jobs/view/4459143845,
https://www.linkedin.com/jobs/view/4466583873,
https://www.indeed.com/viewjob?jk=9ac4a5db9ccde5a2,
https://www.indeed.com/viewjob?jk=b440fb5a82b0ead3,
https://www.linkedin.com/jobs/view/4467925769,
https://www.indeed.com/viewjob?jk=a373a318ca466b1c,
https://www.linkedin.com/jobs/view/4458153891,
https://www.linkedin.com/jobs/view/4467795591,
https://www.linkedin.com/jobs/view/4447308373,
https://www.indeed.com/viewjob?jk=7ed02309263d8aec,
https://www.linkedin.com/jobs/view/4459156800,
https://www.indeed.com/viewjob?jk=66042310e9d14248,
https://www.indeed.com/viewjob?jk=6bceafdf7867a41b,
https://www.linkedin.com/jobs/view/4465949400,
https://www.linkedin.com/jobs/view/4465991622,
https://www.linkedin.com/jobs/view/4468246307,
https://www.indeed.com/viewjob?jk=d809984d482053bc,
https://www.indeed.com/viewjob?jk=10340a06bb0a1a1c,
https://www.indeed.com/viewjob?jk=721553fbc4a91744,
https://www.linkedin.com/jobs/view/4468251390,
https://www.indeed.com/viewjob?jk=8958e2c12f433655,
https://www.indeed.com/viewjob?jk=903d4aaf7cddb64d,
https://www.indeed.com/viewjob?jk=a8f1011766fcc97e,
https://www.linkedin.com/jobs/view/4459048006,
https://www.linkedin.com/jobs/view/4462499431,
https://www.linkedin.com/jobs/view/4466883573,
https://www.linkedin.com/jobs/view/4465903183,
https://www.linkedin.com/jobs/view/4459046164,
https://www.linkedin.com/jobs/view/4466814765,
https://www.linkedin.com/jobs/view/4466586950,
https://www.linkedin.com/jobs/view/4468203517,
https://www.indeed.com/viewjob?jk=543b3f7f62fa0ecd,
https://www.indeed.com/viewjob?jk=2cd3f98d1254e262,
https://www.indeed.com/viewjob?jk=827c8adce53e1994,
https://www.indeed.com/viewjob?jk=b74ad2caedbe34a0,
https://www.linkedin.com/jobs/view/4466543878,
https://www.linkedin.com/jobs/view/4467999428,
https://www.linkedin.com/jobs/view/4465977330,
https://www.linkedin.com/jobs/view/4466565869,
https://www.indeed.com/viewjob?jk=eec921583db8d3a5,
https://www.linkedin.com/jobs/view/4467755735,
https://www.linkedin.com/jobs/view/4456280178,
https://www.linkedin.com/jobs/view/4457651884,
https://www.indeed.com/viewjob?jk=9d42ef20522e23d1,
https://www.linkedin.com/jobs/view/4465929555,
https://www.indeed.com/viewjob?jk=76e372150628c772,
https://www.indeed.com/viewjob?jk=109a77a45a819775,
https://www.linkedin.com/jobs/view/4465935715,
https://www.indeed.com/viewjob?jk=40555bbb24f6ea6e,
https://www.indeed.com/viewjob?jk=136558c8eb0cb70b,
https://www.linkedin.com/jobs/view/4467918665,
https://www.linkedin.com/jobs/view/4467926472,
https://www.linkedin.com/jobs/view/4458533136,
https://www.indeed.com/viewjob?jk=f911fddea307fd5d,
https://www.indeed.com/viewjob?jk=fb2d1b046d6256f1,
https://www.indeed.com/viewjob?jk=ba0bc63afe42fa50,
https://www.linkedin.com/jobs/view/4468201094,
https://www.linkedin.com/jobs/view/4467741906,
https://www.indeed.com/viewjob?jk=80270cd2c5a470db,
https://www.indeed.com/viewjob?jk=6c1a8913f67d8c82,
https://www.linkedin.com/jobs/view/4465949119,
https://www.indeed.com/viewjob?jk=a0cb61586b6f0a11,
https://www.indeed.com/viewjob?jk=30beb7415842bedb,
https://www.linkedin.com/jobs/view/4465944119,
https://www.linkedin.com/jobs/view/4457603604,
https://www.indeed.com/viewjob?jk=aa76747e2d7ae991,
https://www.indeed.com/viewjob?jk=2803a7a7b38c0b9c,
https://www.indeed.com/viewjob?jk=708d47ced653a504,
https://www.linkedin.com/jobs/view/4467927587,
https://www.indeed.com/viewjob?jk=82d1379aad97230d,
https://www.linkedin.com/jobs/view/4425227915,
https://www.indeed.com/viewjob?jk=08d18cca5b950a0e,
https://www.indeed.com/viewjob?jk=77df65e06ed31ee8,
https://www.indeed.com/viewjob?jk=d192af079f827c5f,
https://www.indeed.com/viewjob?jk=36950f40aa353529,
https://www.linkedin.com/jobs/view/4448912952,
https://www.indeed.com/viewjob?jk=b6b5b99266e03884,
https://www.indeed.com/viewjob?jk=5c497725f4d65a9b,
https://www.linkedin.com/jobs/view/4457671724,
https://www.linkedin.com/jobs/view/4465589667,
https://www.linkedin.com/jobs/view/4456569323,
https://www.indeed.com/viewjob?jk=3f4403df31c862ed,
https://www.indeed.com/viewjob?jk=4bddc88bceadfb20,
https://www.indeed.com/viewjob?jk=5234b22c289a0f24,
https://www.indeed.com/viewjob?jk=4c1a11ff852727fe,
https://www.indeed.com/viewjob?jk=f0acd7526275d0bb,
https://www.indeed.com/viewjob?jk=efb1a754d3e98606,
https://www.indeed.com/viewjob?jk=736f8154f38a16d2,
https://www.indeed.com/viewjob?jk=dd509e752b31be5c,
https://www.linkedin.com/jobs/view/4467792277,
https://www.indeed.com/viewjob?jk=858201b955801900,
https://www.linkedin.com/jobs/view/4458786842,
https://www.indeed.com/viewjob?jk=ed1e2cae2e3b6207,
https://www.linkedin.com/jobs/view/4467975381,
https://www.linkedin.com/jobs/view/4466859697,
https://www.linkedin.com/jobs/view/4467925889,
https://www.indeed.com/viewjob?jk=75c4c3e74d085ff5,
https://www.indeed.com/viewjob?jk=21be849457b6fe7c,
https://www.indeed.com/viewjob?jk=9d4427ebd1a2fc2e,
https://www.linkedin.com/jobs/view/4459045494,
https://www.indeed.com/viewjob?jk=e1bf2ec4a2102739,
https://www.indeed.com/viewjob?jk=aa74e5cd14b413c0,
https://www.indeed.com/viewjob?jk=d122c75bfaa35a52,
https://www.linkedin.com/jobs/view/4465946470,
https://www.linkedin.com/jobs/view/4456981058,
https://www.linkedin.com/jobs/view/4391154995,
https://www.linkedin.com/jobs/view/4468227746,
https://www.linkedin.com/jobs/view/4406253403,
https://www.linkedin.com/jobs/view/4467980099,
https://www.indeed.com/viewjob?jk=f472beaa9370a7c5,
https://www.linkedin.com/jobs/view/4465942033,
https://www.indeed.com/viewjob?jk=64ee9f49a6e23182,
https://www.linkedin.com/jobs/view/4467768539,
https://www.linkedin.com/jobs/view/4467773822,
https://www.linkedin.com/jobs/view/4467968500,
https://www.indeed.com/viewjob?jk=1c1118f566189d35,
https://www.indeed.com/viewjob?jk=f74278e7c90d823b,
https://www.linkedin.com/jobs/view/4467905575,
https://www.indeed.com/viewjob?jk=200dda60b1da3607,
https://www.linkedin.com/jobs/view/4463609289,
https://www.linkedin.com/jobs/view/4467935601,
https://www.linkedin.com/jobs/view/4467793225,
https://www.indeed.com/viewjob?jk=15cc954cd3a36570,
https://www.indeed.com/viewjob?jk=7cab7ebfd60c1fb3,
https://www.linkedin.com/jobs/view/4391938951,
https://www.linkedin.com/jobs/view/4446327601,
https://www.linkedin.com/jobs/view/4467975319,
https://www.linkedin.com/jobs/view/4465996506,
https://www.indeed.com/viewjob?jk=834de89239aedc4d,
https://www.linkedin.com/jobs/view/4467927091,
https://www.linkedin.com/jobs/view/4467908326,
https://www.linkedin.com/jobs/view/4466550757,
https://www.indeed.com/viewjob?jk=4359f78a0a269aae,
https://www.indeed.com/viewjob?jk=9531f5e1d6ae380f,
https://www.indeed.com/viewjob?jk=a67d68ada90e0229,
https://www.linkedin.com/jobs/view/4465593791,
https://www.linkedin.com/jobs/view/4465963154,
https://www.indeed.com/viewjob?jk=064ffc2fb8d9b9d5,
https://www.indeed.com/viewjob?jk=6ca4e6146ddab5ea,
https://www.indeed.com/viewjob?jk=00362b9312f491b9,
https://www.indeed.com/viewjob?jk=c1fc481b40686641,
https://www.linkedin.com/jobs/view/4467769961,
https://www.indeed.com/viewjob?jk=1c33ba8ca9858304,
https://www.linkedin.com/jobs/view/4437677152,
https://www.linkedin.com/jobs/view/4459047495,
https://www.linkedin.com/jobs/view/4465921061,
https://www.linkedin.com/jobs/view/4465914106,
https://www.indeed.com/viewjob?jk=1b6056c7f89abf22,
https://www.linkedin.com/jobs/view/4468205326,
https://www.linkedin.com/jobs/view/4467753723,
https://www.linkedin.com/jobs/view/4448923278,
https://www.linkedin.com/jobs/view/4467763876,
https://www.indeed.com/viewjob?jk=df5e448033301499,
https://www.indeed.com/viewjob?jk=b3b92ddea9262c86,
https://www.indeed.com/viewjob?jk=5a099a8432110ac5,
https://www.indeed.com/viewjob?jk=1dd8fec60cb68aa1,
https://www.linkedin.com/jobs/view/4448235856,
https://www.linkedin.com/jobs/view/4466595356,
https://www.linkedin.com/jobs/view/4456341559,
https://www.linkedin.com/jobs/view/4468230493,
https://www.linkedin.com/jobs/view/4465911500,
https://www.linkedin.com/jobs/view/4466827840,
https://www.linkedin.com/jobs/view/4444720717,
https://www.indeed.com/viewjob?jk=fdaf2ed04bcbab7b,
https://www.linkedin.com/jobs/view/4465580866,
https://www.linkedin.com/jobs/view/4466872763,
https://www.linkedin.com/jobs/view/4467795629,
https://www.linkedin.com/jobs/view/4467938452,
https://www.linkedin.com/jobs/view/4465907440,
https://www.linkedin.com/jobs/view/4467904649,
https://www.indeed.com/viewjob?jk=54e353a0951a87a8,
https://www.linkedin.com/jobs/view/4466550620,
https://www.linkedin.com/jobs/view/4467957299,
https://www.indeed.com/viewjob?jk=c7bd51d02fadda54,
https://www.linkedin.com/jobs/view/4467767978,
https://www.linkedin.com/jobs/view/4466594343,
https://www.indeed.com/viewjob?jk=5612e40ace33213b,
https://www.linkedin.com/jobs/view/4466578931,
https://www.indeed.com/viewjob?jk=c478f7b3a5dff1ca,
https://www.indeed.com/viewjob?jk=d3a0a023b9f9bf64,
https://www.linkedin.com/jobs/view/4466861493,
https://www.indeed.com/viewjob?jk=7666c7b4f77125f2,
https://www.linkedin.com/jobs/view/4455499370,
https://www.indeed.com/viewjob?jk=0db01b8d17c9a717,
https://www.linkedin.com/jobs/view/4467799547,
https://www.linkedin.com/jobs/view/4448612872,
https://www.linkedin.com/jobs/view/4466884733,
https://www.linkedin.com/jobs/view/4467754804,
https://www.indeed.com/viewjob?jk=17d30e555be903fa,
https://www.indeed.com/viewjob?jk=01997a9464536b2e,
https://www.linkedin.com/jobs/view/4466584145,
https://www.linkedin.com/jobs/view/4467788508,
https://www.linkedin.com/jobs/view/4466820085,
https://www.indeed.com/viewjob?jk=59ae05b5f6cab89a,
https://www.linkedin.com/jobs/view/4465944083,
https://www.indeed.com/viewjob?jk=b1ac6f245d0a0a4f,
https://www.indeed.com/viewjob?jk=528cc20bdd6b1c85,
https://www.indeed.com/viewjob?jk=aad0bcc39697f509,
https://www.indeed.com/viewjob?jk=909492fa72d79ed1,
https://www.linkedin.com/jobs/view/4467755911,
https://www.linkedin.com/jobs/view/4465583973,
https://www.linkedin.com/jobs/view/4465806865,
https://www.linkedin.com/jobs/view/4466035216,
https://www.indeed.com/viewjob?jk=6cde12b8e442fb53,
https://www.linkedin.com/jobs/view/4459088874,
https://www.linkedin.com/jobs/view/4467987828,
https://www.linkedin.com/jobs/view/4467792435,
https://www.linkedin.com/jobs/view/4466573351,
https://www.linkedin.com/jobs/view/4440631632,
https://www.linkedin.com/jobs/view/4447385392,
https://www.linkedin.com/jobs/view/4466869808,
https://www.indeed.com/viewjob?jk=144f06e2b754217b,
https://www.indeed.com/viewjob?jk=311296220c093005,
https://www.linkedin.com/jobs/view/4459107018,
https://www.linkedin.com/jobs/view/4467747736,
https://www.linkedin.com/jobs/view/4467792774,
https://www.linkedin.com/jobs/view/4466028293,
https://www.indeed.com/viewjob?jk=55766e009be37cd2,
https://www.indeed.com/viewjob?jk=f56695ecc8527055,
https://www.linkedin.com/jobs/view/4466566948,
https://www.indeed.com/viewjob?jk=191bcecb03fba94b,
https://www.indeed.com/viewjob?jk=d048c4d65686ce16,
https://www.indeed.com/viewjob?jk=077cb861544152ba,
https://www.linkedin.com/jobs/view/4467987961,
https://www.linkedin.com/jobs/view/4467745729,
https://www.indeed.com/viewjob?jk=3bac014064e5037e,
https://www.linkedin.com/jobs/view/4447306600,
https://www.linkedin.com/jobs/view/4468247486,
https://www.indeed.com/viewjob?jk=6e8d8fb8a0dfba17,
https://www.linkedin.com/jobs/view/4467937231,
https://www.linkedin.com/jobs/view/4467768462,
https://www.linkedin.com/jobs/view/4467900488,
https://www.indeed.com/viewjob?jk=d3591b63f0ce0b76,
https://www.indeed.com/viewjob?jk=258f2b23c1303ddc,
https://www.indeed.com/viewjob?jk=bcfb15013634eec7,
https://www.linkedin.com/jobs/view/4467907581,
https://www.linkedin.com/jobs/view/4465925010,
https://www.indeed.com/viewjob?jk=070924c34432f8ac,
https://www.indeed.com/viewjob?jk=1fb463d85a5255b1,
https://www.indeed.com/viewjob?jk=35209f98f5092e36,
https://www.linkedin.com/jobs/view/4466812639,
https://www.linkedin.com/jobs/view/4466219144,
https://www.indeed.com/viewjob?jk=8ff5745147b7809b,
https://www.linkedin.com/jobs/view/4466877138,
https://www.linkedin.com/jobs/view/4468201034,
https://www.linkedin.com/jobs/view/4465953324,
https://www.indeed.com/viewjob?jk=10f2c54210d97967,
https://www.indeed.com/viewjob?jk=ac973fad8e8dd96f,
https://www.linkedin.com/jobs/view/4466202496,
https://www.linkedin.com/jobs/view/4466843044,
https://www.linkedin.com/jobs/view/4467782026,
https://www.linkedin.com/jobs/view/4467935410,
https://www.linkedin.com/jobs/view/4468249487,
https://www.indeed.com/viewjob?jk=2fd83b87f6a5d04c,
https://www.linkedin.com/jobs/view/4467796105,
https://www.linkedin.com/jobs/view/4468227650,
https://www.linkedin.com/jobs/view/4465901422,
https://www.linkedin.com/jobs/view/4467799485,
https://www.linkedin.com/jobs/view/4459091824,
https://www.linkedin.com/jobs/view/4440394010,
https://www.indeed.com/viewjob?jk=31d6bd4b30e49143,
https://www.linkedin.com/jobs/view/4466599326,
https://www.indeed.com/viewjob?jk=8567efd558a81233,
https://www.indeed.com/viewjob?jk=3d24ac9df605806a,
https://www.linkedin.com/jobs/view/4465771829,
https://www.indeed.com/viewjob?jk=10e2ed76f0a3f998,
https://www.linkedin.com/jobs/view/4467177824,
https://www.indeed.com/viewjob?jk=d66891c7d6f0eae7,
https://www.linkedin.com/jobs/view/4467504501,
https://www.indeed.com/viewjob?jk=acae1480c68a3580,
https://www.linkedin.com/jobs/view/4457969384,
https://www.linkedin.com/jobs/view/4448069901,
https://www.indeed.com/viewjob?jk=b9ec0d2b17dcf9d6,
https://www.indeed.com/viewjob?jk=817d06ee26d6de72,
https://www.linkedin.com/jobs/view/4468319511,
https://www.linkedin.com/jobs/view/4449027149,
https://www.linkedin.com/jobs/view/4468677023,
https://www.linkedin.com/jobs/view/4466255395,
https://www.linkedin.com/jobs/view/4467955916,
https://www.linkedin.com/jobs/view/4402377403,
https://www.indeed.com/viewjob?jk=4aedde00bc45ee81,
https://www.indeed.com/viewjob?jk=5bfe5820c87cad18,
https://www.linkedin.com/jobs/view/4468308831,
https://www.linkedin.com/jobs/view/4468331883,
https://www.indeed.com/viewjob?jk=c537e31e12bf6a5e,
https://www.indeed.com/viewjob?jk=4cdb92839460d163,
https://www.indeed.com/viewjob?jk=03f4ad49250f9b82,
https://www.linkedin.com/jobs/view/4467117878,
https://www.linkedin.com/jobs/view/4468305227,
https://www.indeed.com/viewjob?jk=d898777eae6b33d6,
https://www.indeed.com/viewjob?jk=3199d0fcfbf8e8b1,
https://www.linkedin.com/jobs/view/4466276191,
https://www.linkedin.com/jobs/view/4468320544,
https://www.indeed.com/viewjob?jk=44076765bffd00ac,
https://www.linkedin.com/jobs/view/4468657740,
https://www.indeed.com/viewjob?jk=c327f233b6797460,
https://www.linkedin.com/jobs/view/4466295078,
https://www.linkedin.com/jobs/view/4468330180,
https://www.linkedin.com/jobs/view/4446313181,
https://www.linkedin.com/jobs/view/4468268433,
https://www.linkedin.com/jobs/view/4440995421,
https://www.linkedin.com/jobs/view/4466257112,
https://www.linkedin.com/jobs/view/4466226929,
https://www.linkedin.com/jobs/view/4468613715,
https://www.linkedin.com/jobs/view/4468311666,
https://www.linkedin.com/jobs/view/4468285736,
https://www.linkedin.com/jobs/view/4467141077,
https://www.linkedin.com/jobs/view/4463141949,
https://www.linkedin.com/jobs/view/4459621267,
https://www.linkedin.com/jobs/view/4468656425,
https://www.linkedin.com/jobs/view/4437614418,
https://www.linkedin.com/jobs/view/4466232454,
https://www.linkedin.com/jobs/view/4467562408,
https://www.indeed.com/viewjob?jk=3dcf6f9b97d8ff2b,
https://www.indeed.com/viewjob?jk=5eee50c57f2bc0dd,
https://www.indeed.com/viewjob?jk=85f0eb5c0871a8bc,
https://www.linkedin.com/jobs/view/4466252056,
https://www.linkedin.com/jobs/view/4468257908,
https://www.indeed.com/viewjob?jk=d036400539c1f6df,
https://www.linkedin.com/jobs/view/4468336781,
https://www.linkedin.com/jobs/view/4463670423,
https://www.indeed.com/viewjob?jk=129a138de68bf7d5,
https://www.indeed.com/viewjob?jk=5ae240dfc9177f4c,
https://www.linkedin.com/jobs/view/4467100939,
https://www.linkedin.com/jobs/view/4467502589,
https://www.linkedin.com/jobs/view/4467500235,
https://www.linkedin.com/jobs/view/4458330188,
https://www.linkedin.com/jobs/view/4466260364,
https://www.indeed.com/viewjob?jk=4b61241803de06d8,
https://www.indeed.com/viewjob?jk=270a580a3efa192c,
https://www.linkedin.com/jobs/view/4467147493,
https://www.indeed.com/viewjob?jk=d66048802b84c7bf,
https://www.linkedin.com/jobs/view/4468627875,
https://www.linkedin.com/jobs/view/4468655947,
https://www.indeed.com/viewjob?jk=e6a7d5653717de99,
https://www.indeed.com/viewjob?jk=829a6c4bffad5cbf,
https://www.linkedin.com/jobs/view/4461906385,
https://www.linkedin.com/jobs/view/4449428414,
https://www.indeed.com/viewjob?jk=51b0bcd83e49298d,
https://www.linkedin.com/jobs/view/4467146513,
https://www.indeed.com/viewjob?jk=7d09ed8079798309,
https://www.linkedin.com/jobs/view/4440984791,
https://www.indeed.com/viewjob?jk=f371e58f37b0c6d9,
https://www.linkedin.com/jobs/view/4468316795,
https://www.linkedin.com/jobs/view/4468320330,
https://www.indeed.com/viewjob?jk=bd3e61a679c303ba,
https://www.indeed.com/viewjob?jk=8f7e982cac59b952,
https://www.linkedin.com/jobs/view/4468629812,
https://www.indeed.com/viewjob?jk=ae20040940410186,
https://www.linkedin.com/jobs/view/4468662855,
https://www.indeed.com/viewjob?jk=89562eb211f61991,
https://www.indeed.com/viewjob?jk=07ea206443da7f95,
https://www.linkedin.com/jobs/view/4468324490,
https://www.linkedin.com/jobs/view/4468315775,
https://www.linkedin.com/jobs/view/4468662870,
https://www.indeed.com/viewjob?jk=0bd116323cfd83a0,
https://www.linkedin.com/jobs/view/4468309758,
https://www.indeed.com/viewjob?jk=403e05b090bf7d8e,
https://www.indeed.com/viewjob?jk=13f8cc47dcdbda6b,
https://www.indeed.com/viewjob?jk=1a0f18bf0688a5de,
https://www.linkedin.com/jobs/view/4467186963,
https://www.indeed.com/viewjob?jk=4e6f322e6c8492e6,
https://www.linkedin.com/jobs/view/4457294856,
https://www.linkedin.com/jobs/view/4440560751,
https://www.linkedin.com/jobs/view/4467106304,
https://www.linkedin.com/jobs/view/4468305812,
https://www.linkedin.com/jobs/view/4468307294,
https://www.linkedin.com/jobs/view/4468346612,
https://www.linkedin.com/jobs/view/4439878777,
https://www.linkedin.com/jobs/view/4467101885,
https://www.linkedin.com/jobs/view/4466266391,
https://www.linkedin.com/jobs/view/4468640808,
https://www.linkedin.com/jobs/view/4468265541,
https://www.indeed.com/viewjob?jk=d8a6611c3d9dfaf4,
https://www.indeed.com/viewjob?jk=572aec4ef07d5f2e,
https://www.indeed.com/viewjob?jk=54b50aea26898246,
https://www.linkedin.com/jobs/view/4439900579,
https://www.linkedin.com/jobs/view/4467191142,
https://www.linkedin.com/jobs/view/4459618541,
https://www.indeed.com/viewjob?jk=5804cde1bd4bb178,
https://www.linkedin.com/jobs/view/4468292484,
https://www.indeed.com/viewjob?jk=3928dadd17685c8e,
https://www.indeed.com/viewjob?jk=325f975289bf74d6,
https://www.indeed.com/viewjob?jk=55312b7e007a57e4,
https://www.indeed.com/viewjob?jk=8c290ad06dc74c8e,
https://www.linkedin.com/jobs/view/4466893576,
https://www.indeed.com/viewjob?jk=552bb04db3c66fe6,
https://www.indeed.com/viewjob?jk=6df2709d92fde539,
https://www.linkedin.com/jobs/view/4467119369,
https://www.linkedin.com/jobs/view/4468638935,
https://www.indeed.com/viewjob?jk=ef83ed24e942417e,
https://www.indeed.com/viewjob?jk=fa27e8e868e38b16,
https://www.indeed.com/viewjob?jk=14c25a72bd64dc8b,
https://www.linkedin.com/jobs/view/4459336858,
https://www.linkedin.com/jobs/view/4468607340,
https://www.linkedin.com/jobs/view/4468268914,
https://www.linkedin.com/jobs/view/4440845735,
https://www.indeed.com/viewjob?jk=f0a0688c93186fed,
https://www.linkedin.com/jobs/view/4459334179,
https://www.linkedin.com/jobs/view/4467191928,
https://www.indeed.com/viewjob?jk=0ac802c63252ab57,
https://www.linkedin.com/jobs/view/4467158107,
https://www.linkedin.com/jobs/view/4440825071,
https://www.linkedin.com/jobs/view/4443938646,
https://www.linkedin.com/jobs/view/4440212635,
https://www.indeed.com/viewjob?jk=3c43ea7398dd70a8,
https://www.linkedin.com/jobs/view/4468286329,
https://www.linkedin.com/jobs/view/4424754354,
https://www.indeed.com/viewjob?jk=97c6842724d9dbe1,
https://www.indeed.com/viewjob?jk=e99aabda7ccd8699,
https://www.indeed.com/viewjob?jk=8e720811a54141ea,
https://www.linkedin.com/jobs/view/4449065924,
https://www.indeed.com/viewjob?jk=653d13fcf0f1b4dc,
https://www.indeed.com/viewjob?jk=b1806707ebacf0bf,
https://www.linkedin.com/jobs/view/4467178759,
https://www.linkedin.com/jobs/view/4468275725,
https://www.indeed.com/viewjob?jk=e18858feb3a51c12,
https://www.linkedin.com/jobs/view/4467135495,
https://www.indeed.com/viewjob?jk=e4d02f6d1642d3f3,
https://www.indeed.com/viewjob?jk=84af03f0645393c0,
https://www.indeed.com/viewjob?jk=e21cc8c2ade1020f,
https://www.indeed.com/viewjob?jk=fa0775c783c37af8,
https://www.linkedin.com/jobs/view/4468379643,
https://www.linkedin.com/jobs/view/4468395550,
https://www.linkedin.com/jobs/view/4466220159,
https://www.indeed.com/viewjob?jk=261af8feb68138ca,
https://www.linkedin.com/jobs/view/4437619863,
https://www.indeed.com/viewjob?jk=f02d89dcca6ec972,
https://www.linkedin.com/jobs/view/4459334989,
https://www.linkedin.com/jobs/view/4458312428,
https://www.linkedin.com/jobs/view/4468285026,
https://www.linkedin.com/jobs/view/4449049712,
https://www.indeed.com/viewjob?jk=8fe2588915a87412,
https://www.linkedin.com/jobs/view/4468630642,
https://www.linkedin.com/jobs/view/4449921191,
https://www.indeed.com/viewjob?jk=2b094740b374a570,
https://www.indeed.com/viewjob?jk=617102d207a8631a,
https://www.linkedin.com/jobs/view/4468288871,
https://www.linkedin.com/jobs/view/4466251581,
https://www.linkedin.com/jobs/view/4468257173,
https://www.linkedin.com/jobs/view/4459388734,
https://www.linkedin.com/jobs/view/4468218753,
https://www.indeed.com/viewjob?jk=1f0a369d5511b840,
https://www.linkedin.com/jobs/view/4466243823,
https://www.linkedin.com/jobs/view/4468660697,
https://www.linkedin.com/jobs/view/4468300576,
https://www.indeed.com/viewjob?jk=7b3bf65d7754a0ca,
https://www.indeed.com/viewjob?jk=4cdb4328fadad468,
https://www.indeed.com/viewjob?jk=02f1f474d99c16ef,
https://www.linkedin.com/jobs/view/4468286064,
https://www.linkedin.com/jobs/view/4467426438,
https://www.linkedin.com/jobs/view/4468640624,
https://www.linkedin.com/jobs/view/4468261515,
https://www.linkedin.com/jobs/view/4468257891,
https://www.linkedin.com/jobs/view/4466283220,
https://www.linkedin.com/jobs/view/4467112828,
https://www.linkedin.com/jobs/view/4467578226,
https://www.indeed.com/viewjob?jk=3db682c79aee6798,
https://www.indeed.com/viewjob?jk=d5d76ab51cd1a7c7,
https://www.linkedin.com/jobs/view/4467164420,
https://www.indeed.com/viewjob?jk=e7fbeff013f1e908,
https://www.linkedin.com/jobs/view/4468661412,
https://www.indeed.com/viewjob?jk=82eae9f1752ee386,
https://www.linkedin.com/jobs/view/4468308955,
https://www.linkedin.com/jobs/view/4468332944,
https://www.linkedin.com/jobs/view/4468613148,
https://www.indeed.com/viewjob?jk=24064bdcae531b91,
https://www.linkedin.com/jobs/view/4466263432,
https://www.indeed.com/viewjob?jk=48a7c5061cfe577b,
https://www.indeed.com/viewjob?jk=939311ee9e5b8099,
https://www.linkedin.com/jobs/view/4468274407,
https://www.indeed.com/viewjob?jk=39f4c9249278e414,
https://www.linkedin.com/jobs/view/4467152631,
https://www.linkedin.com/jobs/view/4468326534,
https://www.linkedin.com/jobs/view/4467562313,
https://www.linkedin.com/jobs/view/4466563341,
https://www.indeed.com/viewjob?jk=65a896b5d76f3da9,
https://www.indeed.com/viewjob?jk=0c5f2e41438c211e,
https://www.indeed.com/viewjob?jk=435612a061bf68b3,
https://www.linkedin.com/jobs/view/4468257976,
https://www.indeed.com/viewjob?jk=a7f1123095b3a060,
https://www.indeed.com/viewjob?jk=334247b9536ccfdc,
https://www.linkedin.com/jobs/view/4468322503,
https://www.indeed.com/viewjob?jk=cb99a27b2b94f175,
https://www.linkedin.com/jobs/view/4440869742,
https://www.linkedin.com/jobs/view/4467147133,
https://www.linkedin.com/jobs/view/4467500372,
https://www.linkedin.com/jobs/view/4429477760,
https://www.linkedin.com/jobs/view/4449353923,
https://www.linkedin.com/jobs/view/4467190221,
https://www.linkedin.com/jobs/view/4467561983,
https://www.linkedin.com/jobs/view/4468302714,
https://www.linkedin.com/jobs/view/4459658653,
https://www.indeed.com/viewjob?jk=e3477f4061fe8f6c,
https://www.indeed.com/viewjob?jk=4539902603a3a281,
https://www.indeed.com/viewjob?jk=a6617e28391d5e69,
https://www.indeed.com/viewjob?jk=e6af9c6de09ea82a,
https://www.linkedin.com/jobs/view/4468381263,
https://www.indeed.com/viewjob?jk=3784c298660e5c10,
https://www.indeed.com/viewjob?jk=68beaa606706a90e,
https://www.linkedin.com/jobs/view/4467191719,
https://www.linkedin.com/jobs/view/4421850585,
https://www.linkedin.com/jobs/view/4449977535,
https://www.linkedin.com/jobs/view/4459087144,
https://www.linkedin.com/jobs/view/4449330533,
https://www.linkedin.com/jobs/view/4468667813,
https://www.linkedin.com/jobs/view/4458043547,
https://www.indeed.com/viewjob?jk=a98431992afd1033,
https://www.linkedin.com/jobs/view/4468258330,
https://www.linkedin.com/jobs/view/4468309718,
https://www.linkedin.com/jobs/view/4466223772,
https://www.linkedin.com/jobs/view/4468328863,
https://www.linkedin.com/jobs/view/4468283334,
https://www.linkedin.com/jobs/view/4466277104,
https://www.indeed.com/viewjob?jk=2d101a92747dd013,
https://www.linkedin.com/jobs/view/4468670289,
https://www.linkedin.com/jobs/view/4467440243,
https://www.indeed.com/viewjob?jk=0d90119d10eb5653,
https://www.linkedin.com/jobs/view/4468367614,
https://www.indeed.com/viewjob?jk=4527c6ef4f2448c0,
https://www.linkedin.com/jobs/view/4411764509,
https://www.linkedin.com/jobs/view/4466892990,
https://www.linkedin.com/jobs/view/4468653987,
https://www.indeed.com/viewjob?jk=365ed315d6823216,
https://www.linkedin.com/jobs/view/4468303266,
https://www.indeed.com/viewjob?jk=145664ede5aba795,
https://www.linkedin.com/jobs/view/4468325060,
https://www.indeed.com/viewjob?jk=4e10ad6cf1640cc0,
https://www.linkedin.com/jobs/view/4466290288,
https://www.indeed.com/viewjob?jk=bdadcf4f4588a22b,
https://www.indeed.com/viewjob?jk=1fc7ffa630869d07,
https://www.indeed.com/viewjob?jk=9bccb22e49d4d1dc,
https://www.linkedin.com/jobs/view/4467100608,
https://www.linkedin.com/jobs/view/4468314056,
https://www.linkedin.com/jobs/view/4465114709,
https://www.linkedin.com/jobs/view/4467581006,
https://www.linkedin.com/jobs/view/4457714493,
https://www.linkedin.com/jobs/view/4468290660,
https://www.linkedin.com/jobs/view/4417756266,
https://www.linkedin.com/jobs/view/4468261574,
https://www.linkedin.com/jobs/view/4468674202,
https://www.indeed.com/viewjob?jk=3f5c4dd04d85eae4,
https://www.indeed.com/viewjob?jk=00ae291d2f0406f4,
https://www.linkedin.com/jobs/view/4459650227,
https://www.indeed.com/viewjob?jk=30af26c14c8c70ee,
https://www.linkedin.com/jobs/view/4441261103,
https://www.indeed.com/viewjob?jk=391a836bd83e68b8,
https://www.linkedin.com/jobs/view/4459633695,
https://www.linkedin.com/jobs/view/4467553589,
https://www.indeed.com/viewjob?jk=df79775ec864e199,
https://www.indeed.com/viewjob?jk=c564b97d1a94b1cd,
https://www.linkedin.com/jobs/view/4448903182,
https://www.indeed.com/viewjob?jk=df7f25e99f888b48,
https://www.linkedin.com/jobs/view/4467133735,
https://www.linkedin.com/jobs/view/4443564669,
https://www.linkedin.com/jobs/view/4465909158,
https://www.indeed.com/viewjob?jk=9f5f9ff64d5f577a,
https://www.linkedin.com/jobs/view/4468624534,
https://www.linkedin.com/jobs/view/4468373658,
https://www.indeed.com/viewjob?jk=4bce067e36a8e441,
https://www.linkedin.com/jobs/view/4468297953,
https://www.indeed.com/viewjob?jk=b2718d869d400fe0,
https://www.linkedin.com/jobs/view/4468341311,
https://www.linkedin.com/jobs/view/4468335305,
https://www.indeed.com/viewjob?jk=14a0890b7109bbff,
https://www.indeed.com/viewjob?jk=7d34427ff12a13cd,
https://www.indeed.com/viewjob?jk=144acecb8bb03278,
https://www.linkedin.com/jobs/view/4467579091,
https://www.linkedin.com/jobs/view/4449333505,
https://www.linkedin.com/jobs/view/4459342918,
https://www.indeed.com/viewjob?jk=24b765a2bfd4de10,
https://www.linkedin.com/jobs/view/4468678041,
https://www.linkedin.com/jobs/view/4468320368,
https://www.linkedin.com/jobs/view/4467165462,
https://www.indeed.com/viewjob?jk=303c1fb10f2857f1,
https://www.linkedin.com/jobs/view/4467166284,
https://www.linkedin.com/jobs/view/4468393211,
https://www.linkedin.com/jobs/view/4417504884,
https://www.linkedin.com/jobs/view/4468651196,
https://www.linkedin.com/jobs/view/4466239357,
https://www.linkedin.com/jobs/view/4459089126,
https://www.linkedin.com/jobs/view/4467173981,
https://www.linkedin.com/jobs/view/4464354583,
https://www.linkedin.com/jobs/view/4468341277,
https://www.linkedin.com/jobs/view/4468265838,
https://www.linkedin.com/jobs/view/4467120046,
https://www.indeed.com/viewjob?jk=f888d166b2257d20,
https://www.indeed.com/viewjob?jk=9e7d500eecc230f2,
https://www.linkedin.com/jobs/view/4468288955,
https://www.linkedin.com/jobs/view/4422648016,
https://www.linkedin.com/jobs/view/4440854428,
https://www.indeed.com/viewjob?jk=e1738e1e6b2a1fd1,
https://www.linkedin.com/jobs/view/4466250314,
https://www.indeed.com/viewjob?jk=493c3a3b44bfb7c4,
https://www.linkedin.com/jobs/view/4468610738,
https://www.linkedin.com/jobs/view/4468331884,
https://www.linkedin.com/jobs/view/4468300936,
https://www.linkedin.com/jobs/view/4467133360,
https://www.linkedin.com/jobs/view/4468611168,
https://www.linkedin.com/jobs/view/4466289854,
https://www.linkedin.com/jobs/view/4468276126,
https://www.indeed.com/viewjob?jk=4a5e932b447573cf,
https://www.linkedin.com/jobs/view/4468322308,
https://www.linkedin.com/jobs/view/4454537448,
https://www.indeed.com/viewjob?jk=5b862ec31fbd0479,
https://www.linkedin.com/jobs/view/4459647794,
https://www.linkedin.com/jobs/view/4468312958,
https://www.indeed.com/viewjob?jk=ca368680f70a0db3,
https://www.indeed.com/viewjob?jk=bbb06a35d262fde1,
https://www.linkedin.com/jobs/view/4467571069,
https://www.linkedin.com/jobs/view/4459618032,
https://www.indeed.com/viewjob?jk=23d6d33d27db2e63,
https://www.linkedin.com/jobs/view/4469168634,
https://www.linkedin.com/jobs/view/4458032961,
https://www.linkedin.com/jobs/view/4467880632,
https://www.linkedin.com/jobs/view/4466626393,
https://www.indeed.com/viewjob?jk=97396001b15f36ca,
https://www.linkedin.com/jobs/view/4468687528,
https://www.indeed.com/viewjob?jk=30e34d438681a747,
https://www.linkedin.com/jobs/view/4469183253,
https://www.indeed.com/viewjob?jk=e1f5122e7c37bed6,
https://www.indeed.com/viewjob?jk=7b49184e15431e01,
https://www.indeed.com/viewjob?jk=7c6573074b52c7a1,
https://www.indeed.com/viewjob?jk=0b8607641c6bc2f1,
https://www.linkedin.com/jobs/view/4458634723,
https://www.indeed.com/viewjob?jk=cd79f933f17fc799,
https://www.linkedin.com/jobs/view/4468814752,
https://www.indeed.com/viewjob?jk=3c259af3921c0275,
https://www.linkedin.com/jobs/view/4468886066,
https://www.indeed.com/viewjob?jk=4c8fef6c7c2aadf9,
https://www.linkedin.com/jobs/view/4468815564,
https://www.linkedin.com/jobs/view/4467593900,
https://www.linkedin.com/jobs/view/4468899303,
https://www.linkedin.com/jobs/view/4469144476,
https://www.linkedin.com/jobs/view/4458681810,
https://www.indeed.com/viewjob?jk=fd4ae886545b7a5d,
https://www.linkedin.com/jobs/view/4469138729,
https://www.indeed.com/viewjob?jk=dbb9220cd80bf90b,
https://www.linkedin.com/jobs/view/4466633277,
https://www.indeed.com/viewjob?jk=707cbbb66fd42e86,
https://www.linkedin.com/jobs/view/4469139074,
https://www.linkedin.com/jobs/view/4460123421,
https://www.indeed.com/viewjob?jk=e527621d02b3e79f,
https://www.linkedin.com/jobs/view/4468696811,
https://www.linkedin.com/jobs/view/4450269423,
https://www.linkedin.com/jobs/view/4466409188,
https://www.linkedin.com/jobs/view/4449196143,
https://www.indeed.com/viewjob?jk=023388c73e4edf65,
https://www.indeed.com/viewjob?jk=942ff348ee33c5fc,
https://www.linkedin.com/jobs/view/4459088458,
https://www.linkedin.com/jobs/view/4460116913,
https://www.indeed.com/viewjob?jk=0fbe67ca0c20c5f2,
https://www.indeed.com/viewjob?jk=c464a5484b8bcb18,
https://www.linkedin.com/jobs/view/4466611206,
https://www.linkedin.com/jobs/view/4466633909,
https://www.linkedin.com/jobs/view/4469140399,
https://www.linkedin.com/jobs/view/4450019645,
https://www.indeed.com/viewjob?jk=a3a207cfd6b92f8c,
https://www.indeed.com/viewjob?jk=dba000ffe1ceeb19,
https://www.indeed.com/viewjob?jk=2308dc98e1e93879,
https://www.indeed.com/viewjob?jk=82672b1dacd73197,
https://www.linkedin.com/jobs/view/4460116447,
https://www.linkedin.com/jobs/view/4441202222,
https://www.indeed.com/viewjob?jk=f147fa3c697139f3,
https://www.linkedin.com/jobs/view/4468811654,
https://www.indeed.com/viewjob?jk=764690d83c937c95,
https://www.indeed.com/viewjob?jk=6adaeb5cce7bf251,
https://www.linkedin.com/jobs/view/4449632899,
https://www.linkedin.com/jobs/view/4468806332,
https://www.linkedin.com/jobs/view/4466693046,
https://www.linkedin.com/jobs/view/4460125848,
https://www.indeed.com/viewjob?jk=1c5de859208a19e8,
https://www.linkedin.com/jobs/view/4458041199,
https://www.indeed.com/viewjob?jk=f25a9e85b6eeae8c,
https://www.indeed.com/viewjob?jk=f6f7d56725fa7c58,
https://www.indeed.com/viewjob?jk=935f22cd5433f3c4,
https://www.indeed.com/viewjob?jk=1733773af2974326,
https://www.linkedin.com/jobs/view/4438016728,
https://www.linkedin.com/jobs/view/4448078840,
https://www.linkedin.com/jobs/view/4440884325,
https://www.indeed.com/viewjob?jk=f9aa9b48cf0766fc,
https://www.indeed.com/viewjob?jk=42579eec60542650,
https://www.linkedin.com/jobs/view/4467598146,
https://www.linkedin.com/jobs/view/4429475576,
https://www.linkedin.com/jobs/view/4468809694,
https://www.linkedin.com/jobs/view/4466632219,
https://www.linkedin.com/jobs/view/4466624497,
https://www.indeed.com/viewjob?jk=9861acf6baa98bdf,
https://www.linkedin.com/jobs/view/4468829554,
https://www.indeed.com/viewjob?jk=079302be78a43b8b,
https://www.linkedin.com/jobs/view/4467870545,
https://www.linkedin.com/jobs/view/4458680776,
https://www.linkedin.com/jobs/view/4468683964,
https://www.indeed.com/viewjob?jk=3f19355d7f366dbe,
https://www.linkedin.com/jobs/view/4467803628,
https://www.indeed.com/viewjob?jk=8ae2387c4ab8c62a,
https://www.linkedin.com/jobs/view/4467588200,
https://www.indeed.com/viewjob?jk=cae1ac5c907172c1,
https://www.linkedin.com/jobs/view/4441201166,
https://www.linkedin.com/jobs/view/4468811675,
https://www.indeed.com/viewjob?jk=bb516d8f205e5e9e,
https://www.indeed.com/viewjob?jk=3bf5279f37be2385,
https://www.indeed.com/viewjob?jk=7b1b0ab751d8756e,
https://www.linkedin.com/jobs/view/4468832508,
https://www.linkedin.com/jobs/view/4468815580,
https://www.indeed.com/viewjob?jk=4c023379b592c6ba,
https://www.linkedin.com/jobs/view/4450342644,
https://www.linkedin.com/jobs/view/4467591951,
https://www.indeed.com/viewjob?jk=9ee5488839c72244,
https://www.indeed.com/viewjob?jk=606f1b9cd20c03e1,
https://www.indeed.com/viewjob?jk=a9f4f2ca3bc1a13d,
https://www.linkedin.com/jobs/view/4468897390,
https://www.linkedin.com/jobs/view/4468696667,
https://www.indeed.com/viewjob?jk=3810845524f1c90b,
https://www.linkedin.com/jobs/view/4467845453,
https://www.linkedin.com/jobs/view/4468834587,
https://www.indeed.com/viewjob?jk=156bc8c96fc3ffe4,
https://www.indeed.com/viewjob?jk=53941d8803c9b682,
https://www.indeed.com/viewjob?jk=11340d96f177ca10,
https://www.indeed.com/viewjob?jk=422ce851ab64c23e,
https://www.linkedin.com/jobs/view/4438426597,
https://www.indeed.com/viewjob?jk=487f1496a7b81514,
https://www.indeed.com/viewjob?jk=0ce23786062a072d,
https://www.indeed.com/viewjob?jk=439eb223394b05b0,
https://www.linkedin.com/jobs/view/4468864215,
https://www.linkedin.com/jobs/view/4468674313,
https://www.linkedin.com/jobs/view/4466651802,
https://www.linkedin.com/jobs/view/4450221244,
https://www.linkedin.com/jobs/view/4466634335,
https://www.linkedin.com/jobs/view/4468802168,
https://www.linkedin.com/jobs/view/4468865088,
https://www.indeed.com/viewjob?jk=65aa75ccdfd49348,
https://www.linkedin.com/jobs/view/4469149929,
https://www.linkedin.com/jobs/view/4468817275,
https://www.indeed.com/viewjob?jk=8a4e2a0ad9f25446,
https://www.indeed.com/viewjob?jk=83447a46be8829f5,
https://www.indeed.com/viewjob?jk=5cf6beb5f59ff6ba,
https://www.indeed.com/viewjob?jk=49aa3d435dc2ffe3,
https://www.linkedin.com/jobs/view/4466408244,
https://www.indeed.com/viewjob?jk=4a204fd79338041b,
https://www.indeed.com/viewjob?jk=cf91fa2cd1c8106d,
https://www.indeed.com/viewjob?jk=2f52af5afac1f0ec,
https://www.indeed.com/viewjob?jk=d7085a1a76484bed,
https://www.linkedin.com/jobs/view/4468871072,
https://www.indeed.com/viewjob?jk=e5274529bebbc2d8,
https://www.linkedin.com/jobs/view/4449982482,
https://www.linkedin.com/jobs/view/4466638295,
https://www.indeed.com/viewjob?jk=9962b61e2a824afa,
https://www.linkedin.com/jobs/view/4468889611,
https://www.linkedin.com/jobs/view/4466606045,
https://www.linkedin.com/jobs/view/4459888976,
https://www.linkedin.com/jobs/view/4469107796,
https://www.indeed.com/viewjob?jk=1725dc03bd6b8c0d,
https://www.indeed.com/viewjob?jk=1623d3a9f4d83d7e,
https://www.linkedin.com/jobs/view/4467800580,
https://www.linkedin.com/jobs/view/4467596454,
https://www.indeed.com/viewjob?jk=9c89111a6c5c48b2,
https://www.linkedin.com/jobs/view/4469176948,
https://www.linkedin.com/jobs/view/4468809281,
https://www.indeed.com/viewjob?jk=05cad293f2933c3e,
https://www.indeed.com/viewjob?jk=591fa2008b981fbd,
https://www.linkedin.com/jobs/view/4469128832,
https://www.linkedin.com/jobs/view/4466634430,
https://www.indeed.com/viewjob?jk=f1bd764c410637b2,
https://www.linkedin.com/jobs/view/4468683544,
https://www.indeed.com/viewjob?jk=b39f1c19f5c14482,
https://www.linkedin.com/jobs/view/4468825477,
https://www.indeed.com/viewjob?jk=ff759bac86d4a0d4,
https://www.linkedin.com/jobs/view/4454844829,
https://www.linkedin.com/jobs/view/4469100441,
https://www.indeed.com/viewjob?jk=6aebcf3652e65dfd,
https://www.indeed.com/viewjob?jk=9c94841025eee8d3,
https://www.linkedin.com/jobs/view/4467800524,
https://www.linkedin.com/jobs/view/4467594547,
https://www.linkedin.com/jobs/view/4466695187,
https://www.linkedin.com/jobs/view/4469195180,
https://www.linkedin.com/jobs/view/4468680899,
https://www.indeed.com/viewjob?jk=7e7cd43491d747c0,
https://www.indeed.com/viewjob?jk=124f644918c4000b,
https://www.indeed.com/viewjob?jk=0dc1de657227d0ae,
https://www.indeed.com/viewjob?jk=674f57f2e4dec68c,
https://www.indeed.com/viewjob?jk=699c96ce9997597c,
https://www.linkedin.com/jobs/view/4468849101,
https://www.linkedin.com/jobs/view/4459629297,
https://www.indeed.com/viewjob?jk=d8a2b061a1e2326f,
https://www.linkedin.com/jobs/view/4439904999,
https://www.indeed.com/viewjob?jk=fab278c93ca81f90,
https://www.indeed.com/viewjob?jk=31d800a4c47eff25,
https://www.indeed.com/viewjob?jk=3e12ca5e8749162f,
https://www.linkedin.com/jobs/view/4466626325,
https://www.linkedin.com/jobs/view/4468822631,
https://www.linkedin.com/jobs/view/4466617471,
https://www.linkedin.com/jobs/view/4468859061,
https://www.indeed.com/viewjob?jk=e1e5e63162856c9c,
https://www.linkedin.com/jobs/view/4458025781,
https://www.linkedin.com/jobs/view/4469176278,
https://www.indeed.com/viewjob?jk=85bcfefd9ecbaaa8,
https://www.linkedin.com/jobs/view/4469174579,
https://www.linkedin.com/jobs/view/4440890588,
https://www.linkedin.com/jobs/view/4416266494,
https://www.indeed.com/viewjob?jk=05e2842aaffa375e,
https://www.linkedin.com/jobs/view/4468805169,
https://www.indeed.com/viewjob?jk=b4fb61d2272e1428,
https://www.indeed.com/viewjob?jk=2bd6e2bb7d6a8f91,
https://www.indeed.com/viewjob?jk=469e0a119336836f,
https://www.linkedin.com/jobs/view/4469143692,
https://www.indeed.com/viewjob?jk=9d98877b726b8e01,
https://www.indeed.com/viewjob?jk=fb948a420f2f3bef,
https://www.linkedin.com/jobs/view/4468886961,
https://www.indeed.com/viewjob?jk=648059b607a7863b,
https://www.linkedin.com/jobs/view/4469178013,
https://www.indeed.com/viewjob?jk=de42f0c2da067b34,
https://www.linkedin.com/jobs/view/4458003514,
https://www.indeed.com/viewjob?jk=fdeed5ffd84c9284,
https://www.linkedin.com/jobs/view/4466298758,
https://www.linkedin.com/jobs/view/4468893502,
https://www.linkedin.com/jobs/view/4456290419,
https://www.linkedin.com/jobs/view/4460126569,
https://www.indeed.com/viewjob?jk=505ec5a60a258dfe,
https://www.linkedin.com/jobs/view/4459775811,
https://www.linkedin.com/jobs/view/4468847815,
https://www.indeed.com/viewjob?jk=dc34b970fed8b667,
https://www.linkedin.com/jobs/view/4468830139,
https://www.linkedin.com/jobs/view/4439912936,
https://www.indeed.com/viewjob?jk=af29604c72d126f1,
https://www.linkedin.com/jobs/view/4467806461,
https://www.linkedin.com/jobs/view/4457180436,
https://www.linkedin.com/jobs/view/4468808971,
https://www.linkedin.com/jobs/view/4458692688,
https://www.linkedin.com/jobs/view/4448041009,
https://www.linkedin.com/jobs/view/4469116383,
https://www.linkedin.com/jobs/view/4450679427,
https://www.linkedin.com/jobs/view/4467816033,
https://www.indeed.com/viewjob?jk=55a5031b3903c954,
https://www.indeed.com/viewjob?jk=9e4b7fd60224a03f,
https://www.indeed.com/viewjob?jk=2a9566082487a8fd,
https://www.indeed.com/viewjob?jk=e5b026ac1d026bc0,
https://www.linkedin.com/jobs/view/4469103935,
https://www.linkedin.com/jobs/view/4468828749,
https://www.linkedin.com/jobs/view/4449951548,
https://www.linkedin.com/jobs/view/4468675995,
https://www.linkedin.com/jobs/view/4341245049,
https://www.linkedin.com/jobs/view/4469129714,
https://www.indeed.com/viewjob?jk=2a9c9e76ff76ab30,
https://www.indeed.com/viewjob?jk=1f64a7541647bcb1,
https://www.linkedin.com/jobs/view/4468691617,
https://www.indeed.com/viewjob?jk=4399a0c6ce9f47e1,
https://www.indeed.com/viewjob?jk=e15d34fd17d66956,
https://www.linkedin.com/jobs/view/4460111993,
https://www.linkedin.com/jobs/view/4466625523,
https://www.indeed.com/viewjob?jk=c64dadbc66743d0a,
https://www.indeed.com/viewjob?jk=e47fe33632e00385,
https://www.indeed.com/viewjob?jk=f1149635e05a06e2,
https://www.linkedin.com/jobs/view/4467884331,
https://www.linkedin.com/jobs/view/4466630469,
https://www.linkedin.com/jobs/view/4466638333,
https://www.indeed.com/viewjob?jk=9d72223754c53a82,
https://www.linkedin.com/jobs/view/4467885159,
https://www.indeed.com/viewjob?jk=e22abc05abeb8d05,
https://www.linkedin.com/jobs/view/4467833102,
https://www.linkedin.com/jobs/view/4466639684,
https://www.linkedin.com/jobs/view/4467887127,
https://www.linkedin.com/jobs/view/4459688676,
https://www.linkedin.com/jobs/view/4468865584,
https://www.indeed.com/viewjob?jk=b7efdc75562bb980,
https://www.indeed.com/viewjob?jk=6691c37a86088a33,
https://www.linkedin.com/jobs/view/4450274314,
https://www.indeed.com/viewjob?jk=e0ba4e748a07c1b6,
https://www.linkedin.com/jobs/view/4467882118,
https://www.indeed.com/viewjob?jk=6b34037d1b86e30c,
https://www.indeed.com/viewjob?jk=d9a32d42b2523196,
https://www.indeed.com/viewjob?jk=241543070003548e,
https://www.linkedin.com/jobs/view/4467806456,
https://www.linkedin.com/jobs/view/4458906211,
https://www.indeed.com/viewjob?jk=d867e2915ba74ff7,
https://www.linkedin.com/jobs/view/4449362272,
https://www.indeed.com/viewjob?jk=ba0faba1922d6363,
https://www.indeed.com/viewjob?jk=b6b19c72abf77c4e,
https://www.indeed.com/viewjob?jk=8842c4fcd17b0ece,
https://www.indeed.com/viewjob?jk=0424932a50d9e7c8,
https://www.indeed.com/viewjob?jk=91c5e62fc8166513,
https://www.linkedin.com/jobs/view/4459395727,
https://www.indeed.com/viewjob?jk=9e7688912a860151,
https://www.indeed.com/viewjob?jk=bf63062c39d6c767,
https://www.linkedin.com/jobs/view/4459891371,
https://www.linkedin.com/jobs/view/4468675264,
https://www.linkedin.com/jobs/view/4469152145,
https://www.indeed.com/viewjob?jk=d0449d6907c07f07,
https://www.linkedin.com/jobs/view/4441547977,
https://www.linkedin.com/jobs/view/4469135787,
https://www.indeed.com/viewjob?jk=75c625c0c85e03bb,
https://www.linkedin.com/jobs/view/4466564047,
https://www.linkedin.com/jobs/view/4466644048,
https://www.linkedin.com/jobs/view/4449973595,
https://www.linkedin.com/jobs/view/4458027479,
https://www.linkedin.com/jobs/view/4469173710,
https://www.indeed.com/viewjob?jk=67a14a04cf5c7eb5,
https://www.indeed.com/viewjob?jk=81521bcb0019824c,
https://www.linkedin.com/jobs/view/4449107630,
https://www.linkedin.com/jobs/view/4468804779,
https://www.indeed.com/viewjob?jk=22cb4b23ae5484d6,
https://www.indeed.com/viewjob?jk=b5930f024442d47c,
https://www.linkedin.com/jobs/view/4469169348,
https://www.indeed.com/viewjob?jk=995f976eb0052f80,
https://www.linkedin.com/jobs/view/4425245870,
https://www.linkedin.com/jobs/view/4469143025,
https://www.indeed.com/viewjob?jk=441d6ea48787530a,
https://www.linkedin.com/jobs/view/4468815291,
https://www.indeed.com/viewjob?jk=60fa5a239beb67e3,
https://www.linkedin.com/jobs/view/4467803329,
https://www.indeed.com/viewjob?jk=ebc29d403ea56212,
https://www.linkedin.com/jobs/view/4426231334,
https://www.linkedin.com/jobs/view/4469194196,
https://www.indeed.com/viewjob?jk=adac7e662fe44498,
https://www.linkedin.com/jobs/view/4391894804,
https://www.linkedin.com/jobs/view/4469169514,
https://www.linkedin.com/jobs/view/4466623834,
https://www.linkedin.com/jobs/view/4468684710,
https://www.linkedin.com/jobs/view/4466657039,
https://www.linkedin.com/jobs/view/4469135191,
https://www.linkedin.com/jobs/view/4458921053,
https://www.linkedin.com/jobs/view/4458042829,
https://www.linkedin.com/jobs/view/4467801505,
https://www.linkedin.com/jobs/view/4467851589,
https://www.indeed.com/viewjob?jk=b1e892d7aba2a685,
https://www.linkedin.com/jobs/view/4467593827,
https://www.indeed.com/viewjob?jk=cba8e4449532e756,
https://www.linkedin.com/jobs/view/4440855977,
https://www.indeed.com/viewjob?jk=90c4b7253e26f0be,
https://www.linkedin.com/jobs/view/4439466853,
https://www.linkedin.com/jobs/view/4467864214,
https://www.indeed.com/viewjob?jk=c6185807a4a590b2,
https://www.indeed.com/viewjob?jk=cacc3d5a9d2342a9,
https://www.linkedin.com/jobs/view/4469104907,
https://www.linkedin.com/jobs/view/4467870386,
https://www.indeed.com/viewjob?jk=7ef991f40461366e,
https://www.linkedin.com/jobs/view/4468825590,
https://www.linkedin.com/jobs/view/4448440491,
https://www.linkedin.com/jobs/view/4469157187,
https://www.linkedin.com/jobs/view/4468813147,
https://www.linkedin.com/jobs/view/4449367156,
https://www.linkedin.com/jobs/view/4466682837,
https://www.linkedin.com/jobs/view/4468848146,
https://www.linkedin.com/jobs/view/4458077620,
https://www.indeed.com/viewjob?jk=6e35c3161f41db81,
https://www.linkedin.com/jobs/view/4468889909,
https://www.linkedin.com/jobs/view/4468864783,
https://www.linkedin.com/jobs/view/4468698658,
https://www.linkedin.com/jobs/view/4469112223,
https://www.linkedin.com/jobs/view/4466635013,
https://www.indeed.com/viewjob?jk=21a4972e904a9996,
https://www.linkedin.com/jobs/view/4466626553,
https://www.indeed.com/viewjob?jk=05aa8bd29789ef5b,
https://www.indeed.com/viewjob?jk=177aa62e86e9fcdc,
https://www.linkedin.com/jobs/view/4469150399,
https://www.linkedin.com/jobs/view/4466694448,
https://www.linkedin.com/jobs/view/4449963176,
https://www.linkedin.com/jobs/view/4468857896,
https://www.linkedin.com/jobs/view/4467801200,
https://www.linkedin.com/jobs/view/4469113858,
https://www.linkedin.com/jobs/view/4468861761,
https://www.indeed.com/viewjob?jk=a832cf1f4fdef540,
https://www.linkedin.com/jobs/view/4450652023,
https://www.indeed.com/viewjob?jk=4d50017796701f8f,
https://www.linkedin.com/jobs/view/4468844492,
https://www.linkedin.com/jobs/view/4468664875,
https://www.indeed.com/viewjob?jk=ed2419005dc19d33,
https://www.linkedin.com/jobs/view/4468827706,
https://www.linkedin.com/jobs/view/4449133398,
https://www.linkedin.com/jobs/view/4469178939,
https://www.linkedin.com/jobs/view/4469251862,
https://www.linkedin.com/jobs/view/4468029103,
https://www.linkedin.com/jobs/view/4466929616,
https://www.linkedin.com/jobs/view/4450606016,
https://www.linkedin.com/jobs/view/4468030126,
https://www.linkedin.com/jobs/view/4469189981,
https://www.linkedin.com/jobs/view/4469200919,
https://www.linkedin.com/jobs/view/4468022233,
https://www.linkedin.com/jobs/view/4451004340,
https://www.linkedin.com/jobs/view/4429488327,
https://www.linkedin.com/jobs/view/4468045249,
https://www.linkedin.com/jobs/view/4469197407,
https://www.linkedin.com/jobs/view/4458444332,
https://www.linkedin.com/jobs/view/4468040689,
https://www.linkedin.com/jobs/view/4443050971,
https://www.linkedin.com/jobs/view/4469246740,
https://www.linkedin.com/jobs/view/4431256436,
https://www.linkedin.com/jobs/view/4466968938,
https://www.linkedin.com/jobs/view/4469202678,
https://www.linkedin.com/jobs/view/4466968009,
https://www.linkedin.com/jobs/view/4460312602,
https://www.linkedin.com/jobs/view/4468032530,
https://www.linkedin.com/jobs/view/4468042339,
https://www.linkedin.com/jobs/view/4469235131,
https://www.linkedin.com/jobs/view/4432897689,
https://www.linkedin.com/jobs/view/4448071467,
https://www.linkedin.com/jobs/view/4386941134,
https://www.linkedin.com/jobs/view/4456822863,
https://www.linkedin.com/jobs/view/4469253224,
https://www.linkedin.com/jobs/view/4464144002,
https://www.linkedin.com/jobs/view/4469517624,
https://www.linkedin.com/jobs/view/4468051155,
https://www.linkedin.com/jobs/view/4469206919,
https://www.linkedin.com/jobs/view/4449344469,
https://www.linkedin.com/jobs/view/4459443046,
https://www.linkedin.com/jobs/view/4469523365,
https://www.linkedin.com/jobs/view/4468005479,
https://www.linkedin.com/jobs/view/4432102161,
https://www.linkedin.com/jobs/view/4469212865,
https://www.linkedin.com/jobs/view/4469549280,
https://www.linkedin.com/jobs/view/4420781606,
https://www.linkedin.com/jobs/view/4469506472,
https://www.linkedin.com/jobs/view/4459427955,
https://www.linkedin.com/jobs/view/4466972626,
https://www.linkedin.com/jobs/view/4469527898,
https://www.linkedin.com/jobs/view/4466947884,
https://www.linkedin.com/jobs/view/4406682501,
https://www.linkedin.com/jobs/view/4469525797,
https://www.linkedin.com/jobs/view/4411123281,
https://www.linkedin.com/jobs/view/4420147671,
https://www.linkedin.com/jobs/view/4466916710,
https://www.linkedin.com/jobs/view/4469254695,
https://www.linkedin.com/jobs/view/4441667081,
https://www.linkedin.com/jobs/view/4469214400,
https://www.linkedin.com/jobs/view/4468005472,
https://www.linkedin.com/jobs/view/4466959133,
https://www.linkedin.com/jobs/view/4468026450,
https://www.linkedin.com/jobs/view/4468030049,
https://www.linkedin.com/jobs/view/4466924470,
https://www.linkedin.com/jobs/view/4468032130,
https://www.linkedin.com/jobs/view/4469538133,
https://www.linkedin.com/jobs/view/4469211973,
https://www.linkedin.com/jobs/view/4440266234,
https://www.linkedin.com/jobs/view/4469192541,
https://www.linkedin.com/jobs/view/4458417528,
https://www.linkedin.com/jobs/view/4458979789,
https://www.linkedin.com/jobs/view/4463673262,
https://www.linkedin.com/jobs/view/4442411551,
https://www.linkedin.com/jobs/view/4469242344,
https://www.linkedin.com/jobs/view/4441266374,
https://www.linkedin.com/jobs/view/4458415612,
https://www.linkedin.com/jobs/view/4466973265,
https://www.linkedin.com/jobs/view/4466927633,
https://www.linkedin.com/jobs/view/4469256542,
https://www.linkedin.com/jobs/view/4469298297,
https://www.linkedin.com/jobs/view/4469290527,
https://www.linkedin.com/jobs/view/4458474120,
https://www.linkedin.com/jobs/view/4448634210,
https://www.linkedin.com/jobs/view/4469551129,
https://www.linkedin.com/jobs/view/4468018443,
https://www.linkedin.com/jobs/view/4469203683,
https://www.linkedin.com/jobs/view/4468048586,
https://www.linkedin.com/jobs/view/4467895998,
https://www.linkedin.com/jobs/view/4466933521,
https://www.linkedin.com/jobs/view/4467888655,
https://www.linkedin.com/jobs/view/4469519253,
https://www.linkedin.com/jobs/view/4469246281,
https://www.linkedin.com/jobs/view/4441230089,
https://www.linkedin.com/jobs/view/4469212730,
https://www.linkedin.com/jobs/view/4469273426,
https://www.linkedin.com/jobs/view/4458981310,
https://www.linkedin.com/jobs/view/4466940275,
https://www.linkedin.com/jobs/view/4468080413,
https://www.linkedin.com/jobs/view/4466926026,
https://www.linkedin.com/jobs/view/4466983641,
https://www.linkedin.com/jobs/view/4466606887,
https://www.linkedin.com/jobs/view/4458407972,
https://www.linkedin.com/jobs/view/4469228768,
https://www.linkedin.com/jobs/view/4441665171,
https://www.linkedin.com/jobs/view/4460564623,
https://www.linkedin.com/jobs/view/4469507896,
https://www.linkedin.com/jobs/view/4458445071,
https://www.linkedin.com/jobs/view/4450659112,
https://www.linkedin.com/jobs/view/4468072294,
https://www.linkedin.com/jobs/view/4441685707,
https://www.linkedin.com/jobs/view/4404254395,
https://www.linkedin.com/jobs/view/4469511781,
https://www.linkedin.com/jobs/view/4432699784,
https://www.linkedin.com/jobs/view/4468014427,
https://www.linkedin.com/jobs/view/4457672865,
https://www.linkedin.com/jobs/view/4439811216,
https://www.linkedin.com/jobs/view/4461533664,
https://www.linkedin.com/jobs/view/4468003843,
https://www.linkedin.com/jobs/view/4467871785,
https://www.linkedin.com/jobs/view/4457714177,
https://www.linkedin.com/jobs/view/4466976213,
https://www.linkedin.com/jobs/view/4469221716,
https://www.linkedin.com/jobs/view/4449135345,
https://www.linkedin.com/jobs/view/4448453250,
https://www.linkedin.com/jobs/view/4469243946,
https://www.linkedin.com/jobs/view/4468001581,
https://www.linkedin.com/jobs/view/4466958684,
https://www.linkedin.com/jobs/view/4469211962,
https://www.linkedin.com/jobs/view/4466930569,
https://www.linkedin.com/jobs/view/4466981107,
https://www.linkedin.com/jobs/view/4469205919,
https://www.linkedin.com/jobs/view/4460573813,
https://www.linkedin.com/jobs/view/4469227384,
https://www.linkedin.com/jobs/view/4468018541,
https://www.linkedin.com/jobs/view/4467290469,
https://www.linkedin.com/jobs/view/4469517743,
https://www.linkedin.com/jobs/view/4469290254,
https://www.linkedin.com/jobs/view/4469247639,
https://www.linkedin.com/jobs/view/4469225196,
https://www.linkedin.com/jobs/view/4466922960,
https://www.linkedin.com/jobs/view/4441430448,
https://www.linkedin.com/jobs/view/4450787787,
https://www.linkedin.com/jobs/view/4468023086,
https://www.linkedin.com/jobs/view/4458416460,
https://www.linkedin.com/jobs/view/4469232516,
https://www.linkedin.com/jobs/view/4468049141,
https://www.linkedin.com/jobs/view/4466975937,
https://www.linkedin.com/jobs/view/4458092434,
https://www.linkedin.com/jobs/view/4469519538,
https://www.linkedin.com/jobs/view/4466937478,
https://www.linkedin.com/jobs/view/4449236295,
https://www.linkedin.com/jobs/view/4469264369,
https://www.linkedin.com/jobs/view/4469206632,
https://www.linkedin.com/jobs/view/4469199524,
https://www.linkedin.com/jobs/view/4469192432,
https://www.linkedin.com/jobs/view/4433012489,
https://www.linkedin.com/jobs/view/4468026361,
https://www.linkedin.com/jobs/view/4459451138,
https://www.linkedin.com/jobs/view/4460339360,
https://www.linkedin.com/jobs/view/4459441168,
https://www.linkedin.com/jobs/view/4469227383,
https://www.linkedin.com/jobs/view/4468042322,
https://www.linkedin.com/jobs/view/4459407982,
https://www.linkedin.com/jobs/view/4468032689,
https://www.linkedin.com/jobs/view/4469266282,
https://www.linkedin.com/jobs/view/4278033247,
https://www.linkedin.com/jobs/view/4469229538,
https://www.linkedin.com/jobs/view/4469271726,
https://www.linkedin.com/jobs/view/4469259500,
https://www.linkedin.com/jobs/view/4432288924,
https://www.linkedin.com/jobs/view/4460375015,
https://www.linkedin.com/jobs/view/4469257887,
https://www.linkedin.com/jobs/view/4469201404,
https://www.linkedin.com/jobs/view/4468004944,
https://www.linkedin.com/jobs/view/4469201991,
https://www.linkedin.com/jobs/view/4438745602,
https://www.linkedin.com/jobs/view/4459439124,
https://www.linkedin.com/jobs/view/4464570188,
https://www.linkedin.com/jobs/view/4468089723,
https://www.linkedin.com/jobs/view/4466907994,
https://www.linkedin.com/jobs/view/4458038617,
https://www.linkedin.com/jobs/view/4431280454,
https://www.linkedin.com/jobs/view/4432852640,
https://www.linkedin.com/jobs/view/4422693684,
https://www.linkedin.com/jobs/view/4450516474,
https://www.linkedin.com/jobs/view/4450223815,
https://www.linkedin.com/jobs/view/4469502027,
https://www.linkedin.com/jobs/view/4469247708,
https://www.linkedin.com/jobs/view/4466951685,
https://www.linkedin.com/jobs/view/4466935598,
https://www.linkedin.com/jobs/view/4450747145,
https://www.linkedin.com/jobs/view/4467890301,
https://www.linkedin.com/jobs/view/4466946785,
https://www.linkedin.com/jobs/view/4466952256,
https://www.linkedin.com/jobs/view/4448463428,
https://www.linkedin.com/jobs/view/4459428833,
https://www.linkedin.com/jobs/view/4469219407,
https://www.linkedin.com/jobs/view/4441639251,
https://www.linkedin.com/jobs/view/4466977780,
https://www.linkedin.com/jobs/view/4468008507,
https://www.linkedin.com/jobs/view/4467876976,
https://www.linkedin.com/jobs/view/4434084440,
https://www.linkedin.com/jobs/view/4469213911,
https://www.linkedin.com/jobs/view/4469567906,
https://www.linkedin.com/jobs/view/4433011556,
https://www.linkedin.com/jobs/view/4450790692,
https://www.linkedin.com/jobs/view/4460820054,
https://www.linkedin.com/jobs/view/4468466351,
https://www.linkedin.com/jobs/view/4404269011,
https://www.linkedin.com/jobs/view/4460514901,
https://www.linkedin.com/jobs/view/4420764796,
https://www.linkedin.com/jobs/view/4458434244,
https://www.linkedin.com/jobs/view/4450381049,
https://www.linkedin.com/jobs/view/4469551643,
https://www.linkedin.com/jobs/view/4448249113,
https://www.linkedin.com/jobs/view/4469804321,
https://www.linkedin.com/jobs/view/4459240364,
https://www.linkedin.com/jobs/view/4414765015,
https://www.linkedin.com/jobs/view/4468408833,
https://www.linkedin.com/jobs/view/4467319248,
https://www.linkedin.com/jobs/view/4467327875,
https://www.linkedin.com/jobs/view/4442133306,
https://www.linkedin.com/jobs/view/4469813294,
https://www.linkedin.com/jobs/view/4460741160,
https://www.linkedin.com/jobs/view/4433257027,
https://www.linkedin.com/jobs/view/4468444616,
https://www.linkedin.com/jobs/view/4450747147,
https://www.linkedin.com/jobs/view/4469582613,
https://www.linkedin.com/jobs/view/4468458915,
https://www.linkedin.com/jobs/view/4469540898,
https://www.linkedin.com/jobs/view/4451035789,
https://www.linkedin.com/jobs/view/4469594930,
https://www.linkedin.com/jobs/view/4460391160,
https://www.linkedin.com/jobs/view/4366225881,
https://www.linkedin.com/jobs/view/4460847131,
https://www.linkedin.com/jobs/view/4441677698,
https://www.linkedin.com/jobs/view/4468093734,
https://www.linkedin.com/jobs/view/4450503293,
https://www.linkedin.com/jobs/view/4468408537,
https://www.linkedin.com/jobs/view/4459421773,
https://www.linkedin.com/jobs/view/4468408337,
https://www.linkedin.com/jobs/view/4451027915,
https://www.linkedin.com/jobs/view/4441940436,
https://www.linkedin.com/jobs/view/4469566019,
https://www.linkedin.com/jobs/view/4469562083,
https://www.linkedin.com/jobs/view/4414497992,
https://www.linkedin.com/jobs/view/4469800355,
https://www.linkedin.com/jobs/view/4468413149,
https://www.linkedin.com/jobs/view/4469588461,
https://www.linkedin.com/jobs/view/4469599959,
https://www.linkedin.com/jobs/view/4468455993,
https://www.linkedin.com/jobs/view/4450736340,
https://www.linkedin.com/jobs/view/4469556385,
https://www.linkedin.com/jobs/view/4468346240,
https://www.linkedin.com/jobs/view/4460392608,
https://www.linkedin.com/jobs/view/4411189826,
https://www.linkedin.com/jobs/view/4450716523,
https://www.linkedin.com/jobs/view/4450370556,
https://www.linkedin.com/jobs/view/4460819001,
https://www.linkedin.com/jobs/view/4450612208,
https://www.linkedin.com/jobs/view/4433514933,
https://www.linkedin.com/jobs/view/4428100957,
https://www.linkedin.com/jobs/view/4450763552,
https://www.linkedin.com/jobs/view/4469810287,
https://www.linkedin.com/jobs/view/4424118553,
https://www.linkedin.com/jobs/view/4433365877,
https://www.linkedin.com/jobs/view/4373644214,
https://www.linkedin.com/jobs/view/4468094586,
https://www.linkedin.com/jobs/view/4460853264,
https://www.linkedin.com/jobs/view/4469558356,
https://www.linkedin.com/jobs/view/4467800663,
https://www.linkedin.com/jobs/view/4411540236,
https://www.linkedin.com/jobs/view/4460736194,
https://www.linkedin.com/jobs/view/4442125659,
https://www.linkedin.com/jobs/view/4450364972,
https://www.linkedin.com/jobs/view/4432936286,
https://www.linkedin.com/jobs/view/4423094058,
https://www.linkedin.com/jobs/view/4432848713,
https://www.linkedin.com/jobs/view/4432865153,
https://www.linkedin.com/jobs/view/4421105845,
https://www.linkedin.com/jobs/view/4453068370,
https://www.linkedin.com/jobs/view/4442186742,
https://www.linkedin.com/jobs/view/4468407315,
https://www.linkedin.com/jobs/view/4422383406,
https://www.linkedin.com/jobs/view/4448498447,
https://www.linkedin.com/jobs/view/4442124172,
https://www.linkedin.com/jobs/view/4469555548,
https://www.linkedin.com/jobs/view/4469585227,
https://www.linkedin.com/jobs/view/4441342192,
https://www.linkedin.com/jobs/view/4469553868,
https://www.linkedin.com/jobs/view/4448763963,
https://www.linkedin.com/jobs/view/4466995063,
https://www.linkedin.com/jobs/view/4451022977,
https://www.linkedin.com/jobs/view/4469549823,
https://www.linkedin.com/jobs/view/4469587080,
https://www.linkedin.com/jobs/view/4451004909,
https://www.linkedin.com/jobs/view/4451003342,
https://www.linkedin.com/jobs/view/4417755557,
https://www.linkedin.com/jobs/view/4441348980,
https://www.linkedin.com/jobs/view/4404266144,
https://www.linkedin.com/jobs/view/4467743575,
https://www.linkedin.com/jobs/view/4450370645,
https://www.linkedin.com/jobs/view/4431880842,
https://www.linkedin.com/jobs/view/4466999061,
https://www.linkedin.com/jobs/view/4424256965,
https://www.linkedin.com/jobs/view/4442455016,
https://www.linkedin.com/jobs/view/4451300301,
https://www.linkedin.com/jobs/view/4451094510,
https://www.linkedin.com/jobs/view/4420779109,
https://www.linkedin.com/jobs/view/4460838523,
https://www.linkedin.com/jobs/view/4468405484,
https://www.linkedin.com/jobs/view/4427510855,
https://www.linkedin.com/jobs/view/4468403430,
https://www.linkedin.com/jobs/view/4469576894,
https://www.linkedin.com/jobs/view/4450008050,
https://www.linkedin.com/jobs/view/4436740667,
https://www.linkedin.com/jobs/view/4433578009,
https://www.linkedin.com/jobs/view/4450798903,
https://www.linkedin.com/jobs/view/4441698435,
https://www.linkedin.com/jobs/view/4450784944,
https://www.linkedin.com/jobs/view/4414634376,
https://www.linkedin.com/jobs/view/4449238008,
https://www.linkedin.com/jobs/view/4469535845,
https://www.linkedin.com/jobs/view/4467599715,
https://www.linkedin.com/jobs/view/4442176979,
https://www.linkedin.com/jobs/view/4469564231,
https://www.linkedin.com/jobs/view/4468450933,
https://www.linkedin.com/jobs/view/4468461223,
https://www.linkedin.com/jobs/view/4411132108,
https://www.linkedin.com/jobs/view/4414251779,
https://www.linkedin.com/jobs/view/4468459300,
https://www.linkedin.com/jobs/view/4405269932,
https://www.linkedin.com/jobs/view/4451089678,
https://www.linkedin.com/jobs/view/4468094566,
https://www.linkedin.com/jobs/view/4450787809,
https://www.linkedin.com/jobs/view/4468314937,
https://www.linkedin.com/jobs/view/4459417719,
https://www.linkedin.com/jobs/view/4404916792,
https://www.linkedin.com/jobs/view/4422476206,
https://www.linkedin.com/jobs/view/4432884612,
https://www.linkedin.com/jobs/view/4415087841,
https://www.linkedin.com/jobs/view/4468420283,
https://www.linkedin.com/jobs/view/4413277963,
https://www.linkedin.com/jobs/view/4404313661,
https://www.linkedin.com/jobs/view/4356171283,
https://www.linkedin.com/jobs/view/4469556895,
https://www.linkedin.com/jobs/view/4469579912,
https://www.linkedin.com/jobs/view/4469537804,
https://www.linkedin.com/jobs/view/4468403451,
https://www.linkedin.com/jobs/view/4468450396,
https://www.linkedin.com/jobs/view/4450764538,
https://www.linkedin.com/jobs/view/4382246360,
https://www.linkedin.com/jobs/view/4414506337,
https://www.linkedin.com/jobs/view/4468424302,
https://www.linkedin.com/jobs/view/4439242876,
https://www.linkedin.com/jobs/view/4458450558,
https://www.linkedin.com/jobs/view/4441672680,
https://www.linkedin.com/jobs/view/4433359043,
https://www.linkedin.com/jobs/view/4439280643,
https://www.linkedin.com/jobs/view/4440786866,
https://www.linkedin.com/jobs/view/4458838587,
https://www.linkedin.com/jobs/view/4441125387,
https://www.linkedin.com/jobs/view/4468425764,
https://www.linkedin.com/jobs/view/4449225328,
https://www.linkedin.com/jobs/view/4440605263,
https://www.linkedin.com/jobs/view/4404145738,
https://www.linkedin.com/jobs/view/4469547985,
https://www.linkedin.com/jobs/view/4460896636,
https://www.linkedin.com/jobs/view/4458831672,
https://www.linkedin.com/jobs/view/4469545877,
https://www.linkedin.com/jobs/view/4432867782,
https://www.linkedin.com/jobs/view/4469577639,
https://www.linkedin.com/jobs/view/4450764556,
https://www.linkedin.com/jobs/view/4441719083,
https://www.linkedin.com/jobs/view/4441700963,
https://www.linkedin.com/jobs/view/4151820308,
https://www.linkedin.com/jobs/view/4450757697,
https://www.linkedin.com/jobs/view/4435654571,
https://www.linkedin.com/jobs/view/4424007769,
https://www.linkedin.com/jobs/view/4459493808,
https://www.linkedin.com/jobs/view/4432859482,
https://www.linkedin.com/jobs/view/4469568824,
https://www.linkedin.com/jobs/view/4442199088,
https://www.linkedin.com/jobs/view/4469560149,
https://www.linkedin.com/jobs/view/4458461764,
https://www.linkedin.com/jobs/view/4441346040,
https://www.linkedin.com/jobs/view/4441691115,
https://www.linkedin.com/jobs/view/4450628633,
https://www.linkedin.com/jobs/view/4442184749,
https://www.linkedin.com/jobs/view/4390539029,
https://www.linkedin.com/jobs/view/4430649088,
https://www.linkedin.com/jobs/view/4469905474,
https://www.indeed.com/viewjob?jk=94e2acbaa4fc6c72,
https://www.linkedin.com/jobs/view/4451081910,
https://www.linkedin.com/jobs/view/4356034071,
https://www.indeed.com/viewjob?jk=f4f6dd502ee6c827,
https://www.linkedin.com/jobs/view/4467624643,
https://www.linkedin.com/jobs/view/4467388724,
https://www.linkedin.com/jobs/view/4468470459,
https://www.linkedin.com/jobs/view/4469908500,
https://www.linkedin.com/jobs/view/4468703422,
https://www.linkedin.com/jobs/view/4469915167,
https://www.linkedin.com/jobs/view/4441358137,
https://www.indeed.com/viewjob?jk=ad4677858636cfef,
https://www.linkedin.com/jobs/view/4467372560,
https://www.linkedin.com/jobs/view/4469911911,
https://www.indeed.com/viewjob?jk=94f629cafc82fd75,
https://www.linkedin.com/jobs/view/4442445456,
https://www.linkedin.com/jobs/view/4469877772,
https://www.linkedin.com/jobs/view/4469840473,
https://www.linkedin.com/jobs/view/4458878007,
https://www.linkedin.com/jobs/view/4420150353,
https://www.linkedin.com/jobs/view/4467614581,
https://www.linkedin.com/jobs/view/4414665891,
https://www.linkedin.com/jobs/view/4467373694,
https://www.linkedin.com/jobs/view/4462333132,
https://www.linkedin.com/jobs/view/4433234137,
https://www.linkedin.com/jobs/view/4467601992,
https://www.linkedin.com/jobs/view/4469901623,
https://www.linkedin.com/jobs/view/4468467651,
https://www.linkedin.com/jobs/view/4460004007,
https://www.indeed.com/viewjob?jk=e789ffe76197fc3a,
https://www.linkedin.com/jobs/view/4468769321,
https://www.linkedin.com/jobs/view/4468732218,
https://www.linkedin.com/jobs/view/4467622695,
https://www.linkedin.com/jobs/view/4469831317,
https://www.linkedin.com/jobs/view/4467622723,
https://www.linkedin.com/jobs/view/4467614228,
https://www.indeed.com/viewjob?jk=6159f7bdd51a754b,
https://www.linkedin.com/jobs/view/4430664827,
https://www.linkedin.com/jobs/view/4401970303,
https://www.linkedin.com/jobs/view/4468780277,
https://www.linkedin.com/jobs/view/4468719276,
https://www.linkedin.com/jobs/view/4469916363,
https://www.linkedin.com/jobs/view/4366239003,
https://www.linkedin.com/jobs/view/4469932341,
https://www.linkedin.com/jobs/view/4467609496,
https://www.indeed.com/viewjob?jk=676d7914d24418f1,
https://www.linkedin.com/jobs/view/4468773226,
https://www.linkedin.com/jobs/view/4468486211,
https://www.linkedin.com/jobs/view/4462891355,
https://www.linkedin.com/jobs/view/4469901776,
https://www.linkedin.com/jobs/view/4467632171,
https://www.linkedin.com/jobs/view/4468776097,
https://www.linkedin.com/jobs/view/4434000002,
https://www.linkedin.com/jobs/view/4468715144,
https://www.linkedin.com/jobs/view/4434057521,
https://www.linkedin.com/jobs/view/4451342418,
https://www.linkedin.com/jobs/view/4469856640,
https://www.linkedin.com/jobs/view/4469863093,
https://www.indeed.com/viewjob?jk=faed3a7388b03671,
https://www.linkedin.com/jobs/view/4469910981,
https://www.linkedin.com/jobs/view/4469904925,
https://www.linkedin.com/jobs/view/4469880830,
https://www.indeed.com/viewjob?jk=7a975599b971ca4c,
https://www.linkedin.com/jobs/view/4467606498,
https://www.linkedin.com/jobs/view/4469902695,
https://www.linkedin.com/jobs/view/4467625364,
https://www.linkedin.com/jobs/view/4467383893,
https://www.indeed.com/viewjob?jk=374aaab64632e46e,
https://www.linkedin.com/jobs/view/4433294566,
https://www.linkedin.com/jobs/view/4397507640,
https://www.linkedin.com/jobs/view/4469897673,
https://www.linkedin.com/jobs/view/4449254505,
https://www.linkedin.com/jobs/view/4467368066,
https://www.linkedin.com/jobs/view/4459756495,
https://www.linkedin.com/jobs/view/4467628899,
https://www.linkedin.com/jobs/view/4457140993,
https://www.linkedin.com/jobs/view/4469921295,
https://www.linkedin.com/jobs/view/4469940234,
https://www.linkedin.com/jobs/view/4468491120,
https://www.indeed.com/viewjob?jk=d7fcf43e52c0843c,
https://www.linkedin.com/jobs/view/4467379723,
https://www.linkedin.com/jobs/view/4469886162,
https://www.linkedin.com/jobs/view/4469910699,
https://www.linkedin.com/jobs/view/4374080886,
https://www.linkedin.com/jobs/view/4381757570,
https://www.linkedin.com/jobs/view/4468679612,
https://www.linkedin.com/jobs/view/4430296005,
https://www.linkedin.com/jobs/view/4467377432,
https://www.linkedin.com/jobs/view/4469904519,
https://www.linkedin.com/jobs/view/4469848856,
https://www.linkedin.com/jobs/view/4468778185,
https://www.linkedin.com/jobs/view/4469936317,
https://www.linkedin.com/jobs/view/4465877068,
https://www.linkedin.com/jobs/view/4464567294,
https://www.linkedin.com/jobs/view/4468781062,
https://www.linkedin.com/jobs/view/4469929160,
https://www.linkedin.com/jobs/view/4463046094,
https://www.linkedin.com/jobs/view/4467370960,
https://www.linkedin.com/jobs/view/4442421535,
https://www.linkedin.com/jobs/view/4451090674,
https://www.linkedin.com/jobs/view/4467343956,
https://www.indeed.com/viewjob?jk=cf7981dc811d90fd,
https://www.linkedin.com/jobs/view/4466823244,
https://www.linkedin.com/jobs/view/4467628272,
https://www.indeed.com/viewjob?jk=8b052e88a2339123,
https://www.linkedin.com/jobs/view/4467635404,
https://www.linkedin.com/jobs/view/4468467808,
https://www.linkedin.com/jobs/view/4459748697,
https://www.linkedin.com/jobs/view/4469815513,
https://www.linkedin.com/jobs/view/4451038228,
https://www.linkedin.com/jobs/view/4468704787,
https://www.linkedin.com/jobs/view/4467626436,
https://www.linkedin.com/jobs/view/4421152229,
https://www.linkedin.com/jobs/view/4469906555,
https://www.linkedin.com/jobs/view/4469912243,
https://www.linkedin.com/jobs/view/4469855059,
https://www.linkedin.com/jobs/view/4469917820,
https://www.linkedin.com/jobs/view/4421151250,
https://www.linkedin.com/jobs/view/4464559336,
https://www.linkedin.com/jobs/view/4432843801,
https://www.linkedin.com/jobs/view/4467601599,
https://www.indeed.com/viewjob?jk=bf62c8a303358ba2,
https://www.linkedin.com/jobs/view/4467398538,
https://www.linkedin.com/jobs/view/4469853405,
https://www.linkedin.com/jobs/view/4469901890,
https://www.linkedin.com/jobs/view/4442565276,
https://www.linkedin.com/jobs/view/4468769009,
https://www.linkedin.com/jobs/view/4468892529,
https://www.linkedin.com/jobs/view/4467350075,
https://www.linkedin.com/jobs/view/4414613971,
https://www.linkedin.com/jobs/view/4468490468,
https://www.indeed.com/viewjob?jk=2754b32e57ad60ec,
https://www.linkedin.com/jobs/view/4468894145,
https://www.linkedin.com/jobs/view/4461045680,
https://www.indeed.com/viewjob?jk=4c7560f5e91a188f,
https://www.linkedin.com/jobs/view/4457009167,
https://www.linkedin.com/jobs/view/4469943090,
https://www.linkedin.com/jobs/view/4442173217,
https://www.linkedin.com/jobs/view/4469912870,
https://www.linkedin.com/jobs/view/4420776805,
https://www.linkedin.com/jobs/view/4467650230,
https://www.linkedin.com/jobs/view/4469801973,
https://www.linkedin.com/jobs/view/4469886947,
https://www.linkedin.com/jobs/view/4467443508,
https://www.linkedin.com/jobs/view/4469875346,
https://www.linkedin.com/jobs/view/4414488979,
https://www.linkedin.com/jobs/view/4414774212,
https://www.linkedin.com/jobs/view/4461043422,
https://www.linkedin.com/jobs/view/4469905754,
https://www.linkedin.com/jobs/view/4467635041,
https://www.linkedin.com/jobs/view/4467625321,
https://www.linkedin.com/jobs/view/4468778062,
https://www.linkedin.com/jobs/view/4466983286,
https://www.linkedin.com/jobs/view/4465166246,
https://www.linkedin.com/jobs/view/4467392716,
https://www.indeed.com/viewjob?jk=e7b827598663ffd7,
https://www.linkedin.com/jobs/view/4469898655,
https://www.linkedin.com/jobs/view/4465915818,
https://www.linkedin.com/jobs/view/4469922356,
https://www.linkedin.com/jobs/view/4469909598,
https://www.linkedin.com/jobs/view/4469917249,
https://www.linkedin.com/jobs/view/4469814580,
https://www.linkedin.com/jobs/view/4469911733,
https://www.linkedin.com/jobs/view/4279247150,
https://www.indeed.com/viewjob?jk=4c0f02cb25713b5f,
https://www.linkedin.com/jobs/view/4467346316,
https://www.linkedin.com/jobs/view/4441399935,
https://www.linkedin.com/jobs/view/4469913089,
https://www.indeed.com/viewjob?jk=bc35922df120f0b2,
https://www.linkedin.com/jobs/view/4468765851,
https://www.linkedin.com/jobs/view/4467630461,
https://www.linkedin.com/jobs/view/4457561835,
https://www.indeed.com/viewjob?jk=6f87e06f2dc22331,
https://www.indeed.com/viewjob?jk=42ef277f6cd1fe3f,
https://www.linkedin.com/jobs/view/4467811383,
https://www.linkedin.com/jobs/view/4469925285,
https://www.linkedin.com/jobs/view/4469818411,
https://www.linkedin.com/jobs/view/4469917009,
https://www.linkedin.com/jobs/view/4469865894,
https://www.linkedin.com/jobs/view/4468702723,
https://www.indeed.com/viewjob?jk=ad94ae90beded271,
https://www.linkedin.com/jobs/view/4469917568,
https://www.linkedin.com/jobs/view/4469872820,
https://www.linkedin.com/jobs/view/4469842679,
https://www.linkedin.com/jobs/view/4467382184,
https://www.linkedin.com/jobs/view/4469919786,
https://www.linkedin.com/jobs/view/4469937107,
https://www.linkedin.com/jobs/view/4468701843,
https://www.indeed.com/viewjob?jk=68c180961f0b2cdf,
https://www.indeed.com/viewjob?jk=e502e8977f7713a4,
https://www.indeed.com/viewjob?jk=2aeece905a0d17ec,
https://www.linkedin.com/jobs/view/4467372465,
https://www.linkedin.com/jobs/view/4469852123,
https://www.indeed.com/viewjob?jk=a00b2a8de93bdc42,
https://www.linkedin.com/jobs/view/4465600802,
https://www.linkedin.com/jobs/view/4419929051,
https://www.indeed.com/viewjob?jk=295dd7d917a9af9e,
https://www.linkedin.com/jobs/view/4465380935,
https://www.linkedin.com/jobs/view/4468757684,
https://www.linkedin.com/jobs/view/4433400303,
https://www.linkedin.com/jobs/view/4467615201,
https://www.linkedin.com/jobs/view/4366222932,
https://www.indeed.com/viewjob?jk=25004c5321ce1464,
https://www.linkedin.com/jobs/view/4467035116,
https://www.linkedin.com/jobs/view/4469891140,
https://www.linkedin.com/jobs/view/4424007770,
https://www.linkedin.com/jobs/view/4467389962,
https://www.linkedin.com/jobs/view/4415569377,
https://www.indeed.com/viewjob?jk=8fd85c05bff08e24,
https://www.linkedin.com/jobs/view/4415507532,
https://www.linkedin.com/jobs/view/4469904681,
https://www.linkedin.com/jobs/view/4469816299,
https://www.linkedin.com/jobs/view/4467626290,
https://www.linkedin.com/jobs/view/4467395979,
https://www.linkedin.com/jobs/view/4461738672,
https://www.linkedin.com/jobs/view/4469911533,
https://www.indeed.com/viewjob?jk=143803de5af5236d,
https://www.linkedin.com/jobs/view/4468487205,
https://www.linkedin.com/jobs/view/4468768364,
https://www.linkedin.com/jobs/view/4469816393,
https://www.linkedin.com/jobs/view/4457642593,
https://www.linkedin.com/jobs/view/4467187246,
https://www.linkedin.com/jobs/view/4468728025,
https://www.linkedin.com/jobs/view/4442169094,
https://www.indeed.com/viewjob?jk=3e60ab0a0556d2ba,
https://www.linkedin.com/jobs/view/4469906934,
https://www.linkedin.com/jobs/view/4469910623,
https://www.linkedin.com/jobs/view/4458860291,
https://www.linkedin.com/jobs/view/4449264110,
https://www.linkedin.com/jobs/view/4468712291,
https://www.linkedin.com/jobs/view/4469923493,
https://www.indeed.com/viewjob?jk=991078c89905fa77,
https://www.linkedin.com/jobs/view/4467383896,
https://www.linkedin.com/jobs/view/4464567693,
https://www.linkedin.com/jobs/view/4469824029,
https://www.indeed.com/viewjob?jk=e9fb0d51f06cf7e3,
https://www.linkedin.com/jobs/view/4467618558,
https://www.linkedin.com/jobs/view/4469847430,
https://www.linkedin.com/jobs/view/4469903762,
https://www.indeed.com/viewjob?jk=0ca1d33bdd01d139,
https://www.indeed.com/viewjob?jk=ca73f24fbccb7eec,
https://www.indeed.com/viewjob?jk=e0ff57de21b86492,
https://www.indeed.com/viewjob?jk=6b6e4f6ec6435f4f,
https://www.indeed.com/viewjob?jk=3c8c50898a518ab8,
https://www.linkedin.com/jobs/view/4469941300,
https://www.indeed.com/viewjob?jk=45289e8c2d8712be,
https://www.indeed.com/viewjob?jk=875f238fe47e93c8,
https://www.indeed.com/viewjob?jk=05dc5f2ea19f0e91,
https://www.linkedin.com/jobs/view/4469930584,
https://www.linkedin.com/jobs/view/4449252750,
https://www.indeed.com/viewjob?jk=5278f3ac4a0d1afc,
https://www.indeed.com/viewjob?jk=bc1554373128766c,
https://www.linkedin.com/jobs/view/4465108202,
https://www.indeed.com/viewjob?jk=3cd33aae4bef288b,
https://www.linkedin.com/jobs/view/4467602850,
https://www.indeed.com/viewjob?jk=be8596b1b01833e0,
https://www.linkedin.com/jobs/view/4458296573,
https://www.linkedin.com/jobs/view/4414751462,
https://www.indeed.com/viewjob?jk=4bb78174a2ac9a0c,
https://www.indeed.com/viewjob?jk=744df875da44f214,
https://www.linkedin.com/jobs/view/4442564827,
https://www.indeed.com/viewjob?jk=19e15360943e8df6,
https://www.indeed.com/viewjob?jk=8d5072783ee0bc39,
https://www.indeed.com/viewjob?jk=dfbc0fc0c8e2cd49,
https://www.indeed.com/viewjob?jk=2af23ba799d45779,
https://www.indeed.com/viewjob?jk=6c87b8506be82fb8,
https://www.indeed.com/viewjob?jk=16c3e8188b24ed69,
https://www.linkedin.com/jobs/view/4414671375,
https://www.indeed.com/viewjob?jk=1abe725dfe69489a,
https://www.indeed.com/viewjob?jk=33a8dbee9dbb6677,
https://www.linkedin.com/jobs/view/4469941375,
https://www.indeed.com/viewjob?jk=92f7e2d86a18854d,
https://www.indeed.com/viewjob?jk=8f558b8d048627e3,
https://www.linkedin.com/jobs/view/4469937533,
https://www.indeed.com/viewjob?jk=5d6e7716be87718c,
https://www.indeed.com/viewjob?jk=de5d11ca8565a9d7,
https://www.indeed.com/viewjob?jk=bdef9f2d8b883be4,
https://www.indeed.com/viewjob?jk=f4aee1f61c6fba41,
https://www.indeed.com/viewjob?jk=d4f01ade721a10aa,
https://www.indeed.com/viewjob?jk=e4ac4075cfe5049c,
https://www.indeed.com/viewjob?jk=369bc4ff2d12bbd3,
https://www.indeed.com/viewjob?jk=b170885c93a2c82e,
https://www.linkedin.com/jobs/view/4406665078,
https://www.indeed.com/viewjob?jk=d15213f87afcbbc5,
https://www.linkedin.com/jobs/view/4467354214,
https://www.indeed.com/viewjob?jk=c4e580e261c3f0c8,
https://www.indeed.com/viewjob?jk=fe6cf98d4f1e6575,
https://www.linkedin.com/jobs/view/4469939558,
https://www.linkedin.com/jobs/view/4467638511,
https://www.indeed.com/viewjob?jk=41c95797c89e3675,
https://www.linkedin.com/jobs/view/4469922891,
https://www.indeed.com/viewjob?jk=0a5870cbf0652fd8,
https://www.linkedin.com/jobs/view/4412034566,
https://www.indeed.com/viewjob?jk=a29dbd248999db76,
https://www.linkedin.com/jobs/view/4408454920,
https://www.indeed.com/viewjob?jk=778f9e543ee367df,
https://www.linkedin.com/jobs/view/4467641180,
https://www.indeed.com/viewjob?jk=66ad498673feca47,
https://www.linkedin.com/jobs/view/4424581606,
https://www.linkedin.com/jobs/view/4433286368,
https://www.indeed.com/viewjob?jk=1de8416efda2a41e,
https://www.indeed.com/viewjob?jk=6885c17ee53a0b83,
https://www.indeed.com/viewjob?jk=d5e66aa3c97125a7,
https://www.indeed.com/viewjob?jk=76c52cbaba951bb2,
https://www.indeed.com/viewjob?jk=4d9afce6c6e0aade,
https://www.linkedin.com/jobs/view/4467643067,
https://www.indeed.com/viewjob?jk=6b89bda58196ea12,
https://www.indeed.com/viewjob?jk=43aa9bdd7a0a45d8,
https://www.indeed.com/viewjob?jk=98a7503a1e583e1c,
https://www.indeed.com/viewjob?jk=4900f64e3d94e794,
https://www.linkedin.com/jobs/view/4469936552,
https://www.indeed.com/viewjob?jk=033be392a51ab41a,
https://www.indeed.com/viewjob?jk=f04449981f42dc70,
https://www.indeed.com/viewjob?jk=15bf9beb86b7015e,
https://www.linkedin.com/jobs/view/4366231808,
https://www.indeed.com/viewjob?jk=5f65784b5f5009d5,
https://www.linkedin.com/jobs/view/4469945312,
https://www.indeed.com/viewjob?jk=8ae9d6abe8baaefc,
https://www.indeed.com/viewjob?jk=3cc69ab073f84226,
https://www.indeed.com/viewjob?jk=879a6f06ab264db7,
https://www.linkedin.com/jobs/view/4467631636,
https://www.linkedin.com/jobs/view/4469893680,
https://www.linkedin.com/jobs/view/4467627425,
https://www.linkedin.com/jobs/view/4467667232,
https://www.indeed.com/viewjob?jk=a0d5dfd629c68631,
https://www.indeed.com/viewjob?jk=d6c6fc66503c3c79,
https://www.indeed.com/viewjob?jk=91ab05aff36b7ea2,
https://www.indeed.com/viewjob?jk=9176327b2b552951,
https://www.linkedin.com/jobs/view/4469939343,
https://www.indeed.com/viewjob?jk=011988725f9178cb,
https://www.indeed.com/viewjob?jk=1839b83a7a23092a,
https://www.linkedin.com/jobs/view/4469856959,
https://www.linkedin.com/jobs/view/4466093826,
https://www.linkedin.com/jobs/view/4469938510,
https://www.indeed.com/viewjob?jk=d4b888f1f5a82ece,
https://www.indeed.com/viewjob?jk=929b1ca790136f05,
https://www.indeed.com/viewjob?jk=2bc10bf8c7bbb9a6,
https://www.indeed.com/viewjob?jk=7aee34568138aa7e,
https://www.linkedin.com/jobs/view/4421193595,
https://www.linkedin.com/jobs/view/4467634284,
https://www.linkedin.com/jobs/view/4466196776,
https://www.linkedin.com/jobs/view/4469911429,
https://www.indeed.com/viewjob?jk=14af19ea361467b5,
https://www.indeed.com/viewjob?jk=e782f812c005d694,
https://www.indeed.com/viewjob?jk=5dbf5559f24b09c3,
https://www.linkedin.com/jobs/view/4467614449,
https://www.linkedin.com/jobs/view/4469942297,
https://www.linkedin.com/jobs/view/4467605804,
https://www.indeed.com/viewjob?jk=d4889977cc334c66,
https://www.indeed.com/viewjob?jk=dbc1522c0b035844,
https://www.indeed.com/viewjob?jk=1e133ae4fefd08b5,
https://www.linkedin.com/jobs/view/4467642896,
https://www.indeed.com/viewjob?jk=675b7d4738eac03e,
https://www.indeed.com/viewjob?jk=0990b1cc595561f2,
https://www.indeed.com/viewjob?jk=546fd3a3a30d2957,
https://www.indeed.com/viewjob?jk=d0cfd9244f592d7d,
https://www.indeed.com/viewjob?jk=8860b129291a7494,
https://www.indeed.com/viewjob?jk=43697f1305316027,
https://www.linkedin.com/jobs/view/4469888033,
https://www.indeed.com/viewjob?jk=7820df353633f383,
https://www.indeed.com/viewjob?jk=7e314ea542cd9b92,
https://www.indeed.com/viewjob?jk=6aee1215af09f685,
https://www.indeed.com/viewjob?jk=3c0559e1c74add10,
https://www.indeed.com/viewjob?jk=fff28a1c786753c6,
https://www.indeed.com/viewjob?jk=8233f3c708f3f434,
https://www.linkedin.com/jobs/view/4465357149,
https://www.linkedin.com/jobs/view/4469927788,
https://www.indeed.com/viewjob?jk=8c149048ca2906d2,
https://www.linkedin.com/jobs/view/4469901979,
https://www.indeed.com/viewjob?jk=b8aeffcbb9d8fed5,
https://www.linkedin.com/jobs/view/4465172240,
https://www.indeed.com/viewjob?jk=174723fd01ceec22,
https://www.linkedin.com/jobs/view/4469947285,
https://www.indeed.com/viewjob?jk=9b4ca9951f61ffd2,
https://www.indeed.com/viewjob?jk=1db515d06e06d54f,
https://www.indeed.com/viewjob?jk=4ffe20e7d0b2a95d,
https://www.indeed.com/viewjob?jk=e87df7153c3cd984,
https://www.linkedin.com/jobs/view/4469950065,
https://www.indeed.com/viewjob?jk=94d6b60a6247c79c,
https://www.indeed.com/viewjob?jk=7c576506a9084189,
https://www.indeed.com/viewjob?jk=f2cc9b8f7c1c4e95,
https://www.indeed.com/viewjob?jk=c0d2ece24d708a70,
https://www.indeed.com/viewjob?jk=5e28efdfa8925c0f,
https://www.linkedin.com/jobs/view/4440771008,
https://www.indeed.com/viewjob?jk=02380604bb2e57dd,
https://www.indeed.com/viewjob?jk=c472eb07dad5cd5a,
https://www.indeed.com/viewjob?jk=8c35399e1c9f9ee9,
https://www.indeed.com/viewjob?jk=9df059c98cb7c4e7,
https://www.indeed.com/viewjob?jk=68c3667fbc8be34b,
https://www.linkedin.com/jobs/view/4467654070,
https://www.indeed.com/viewjob?jk=eae5988eda6ed6a5,
https://www.indeed.com/viewjob?jk=922b558b1a7980a7,
https://www.indeed.com/viewjob?jk=259225044d7a586f,
https://www.indeed.com/viewjob?jk=2623dc9ab943d508,
https://www.indeed.com/viewjob?jk=df69c03073ecbe7c,
https://www.indeed.com/viewjob?jk=06d3a5fd7d0f3280,
https://www.linkedin.com/jobs/view/4469891888,
https://www.indeed.com/viewjob?jk=db904dda0746b4ad,
https://www.linkedin.com/jobs/view/4214362569,
https://www.indeed.com/viewjob?jk=3b6f5386dc1b379a,
https://www.indeed.com/viewjob?jk=3b6d070768729419,
https://www.indeed.com/viewjob?jk=72dc56a75f90bcfc,
https://www.linkedin.com/jobs/view/4469936706,
https://www.linkedin.com/jobs/view/4469900471,
https://www.linkedin.com/jobs/view/4469951221,
https://www.indeed.com/viewjob?jk=8db266b39cdcb29d,
https://www.linkedin.com/jobs/view/4467616179,
https://www.indeed.com/viewjob?jk=a2b5bc460c856ae6,
https://www.linkedin.com/jobs/view/4469921283,
https://www.indeed.com/viewjob?jk=30c18fa70698318a,
https://www.linkedin.com/jobs/view/4469876505,
https://www.linkedin.com/jobs/view/4467652080,
https://www.indeed.com/viewjob?jk=0a2cded89c492327,
https://www.linkedin.com/jobs/view/4366380886,
https://www.linkedin.com/jobs/view/4469980504,
https://www.linkedin.com/jobs/view/4442294280,
https://www.linkedin.com/jobs/view/4468160373,
https://www.linkedin.com/jobs/view/4469955610,
https://www.indeed.com/viewjob?jk=e5259492b707d483,
https://www.indeed.com/viewjob?jk=7f94ad3fe17824e6,
https://www.indeed.com/viewjob?jk=19799836d74b2a21,
https://www.linkedin.com/jobs/view/4468588144,
https://www.indeed.com/viewjob?jk=b6e458a258c4517e,
https://www.linkedin.com/jobs/view/4461221424,
https://www.linkedin.com/jobs/view/4468170720,
https://www.indeed.com/viewjob?jk=b448ed62fde9ba28,
https://www.indeed.com/viewjob?jk=a5920546e337c026,
https://www.linkedin.com/jobs/view/4468797365,
https://www.linkedin.com/jobs/view/4470477300,
https://www.linkedin.com/jobs/view/4468108893,
https://www.linkedin.com/jobs/view/4470443422,
https://www.linkedin.com/jobs/view/4460032837,
https://www.linkedin.com/jobs/view/4459272029,
https://www.indeed.com/viewjob?jk=9f69c85cbb33307d,
https://www.linkedin.com/jobs/view/4469966417,
https://www.linkedin.com/jobs/view/4469955156,
https://www.indeed.com/viewjob?jk=a86c4d3c60071fd7,
https://www.indeed.com/viewjob?jk=e0d02b7c5f89a44c,
https://www.indeed.com/viewjob?jk=24095b983d5021d7,
https://www.linkedin.com/jobs/view/4470215133,
https://www.linkedin.com/jobs/view/4468166740,
https://www.indeed.com/viewjob?jk=fd9e8cd4869d81c5,
https://www.linkedin.com/jobs/view/4469959271,
https://www.linkedin.com/jobs/view/4468561331,
https://www.linkedin.com/jobs/view/4469959650,
https://www.indeed.com/viewjob?jk=782795fd2e989f17,
https://www.linkedin.com/jobs/view/4442727513,
https://www.indeed.com/viewjob?jk=1b0afab6c11c7d93,
https://www.indeed.com/viewjob?jk=17b40cd5ba3e199d,
https://www.linkedin.com/jobs/view/4468557221,
https://www.indeed.com/viewjob?jk=7dd67152c27861b6,
https://www.linkedin.com/jobs/view/4461260887,
https://www.indeed.com/viewjob?jk=caec5b886830fa60,
https://www.linkedin.com/jobs/view/4470440567,
https://www.linkedin.com/jobs/view/4451887912,
https://www.indeed.com/viewjob?jk=ec53f4119291c313,
https://www.linkedin.com/jobs/view/4468178583,
https://www.linkedin.com/jobs/view/4470448225,
https://www.indeed.com/viewjob?jk=230c2c28dd3143b9,
https://www.indeed.com/viewjob?jk=5d178d10778af4a9,
https://www.indeed.com/viewjob?jk=c0287e3000b07baf,
https://www.linkedin.com/jobs/view/4467759992,
https://www.linkedin.com/jobs/view/4470220673,
https://www.linkedin.com/jobs/view/4469020770,
https://www.linkedin.com/jobs/view/4469987503,
https://www.linkedin.com/jobs/view/4467669338,
https://www.linkedin.com/jobs/view/4468163412,
https://www.linkedin.com/jobs/view/4470462285,
https://www.linkedin.com/jobs/view/4461286440,
https://www.linkedin.com/jobs/view/4470473281,
https://www.linkedin.com/jobs/view/4468574673,
https://www.linkedin.com/jobs/view/4470255061,
https://www.indeed.com/viewjob?jk=b04258e5d627f32a,
https://www.linkedin.com/jobs/view/4468508905,
https://www.linkedin.com/jobs/view/4468799607,
https://www.indeed.com/viewjob?jk=e771eb6718895e92,
https://www.linkedin.com/jobs/view/4468155751,
https://www.linkedin.com/jobs/view/4468907549,
https://www.indeed.com/viewjob?jk=a465a50bff58e74d,
https://www.indeed.com/viewjob?jk=57c5d467a7c203ef,
https://www.linkedin.com/jobs/view/4468198237,
https://www.indeed.com/viewjob?jk=ebe41f6da9cdc90d,
https://www.linkedin.com/jobs/view/4468594704,
https://www.linkedin.com/jobs/view/4460085647,
https://www.indeed.com/viewjob?jk=0cbced65cbc55663,
https://www.linkedin.com/jobs/view/4470283740,
https://www.linkedin.com/jobs/view/4470206521,
https://www.linkedin.com/jobs/view/4470215553,
https://www.linkedin.com/jobs/view/4445227563,
https://www.linkedin.com/jobs/view/4468169705,
https://www.indeed.com/viewjob?jk=98cd26e2c15c7daa,
https://www.indeed.com/viewjob?jk=f24ce2c50146218b,
https://www.linkedin.com/jobs/view/4468792535,
https://www.indeed.com/viewjob?jk=14b9b0e047a2e2f0,
https://www.indeed.com/viewjob?jk=26335d06fd920600,
https://www.linkedin.com/jobs/view/4468908497,
https://www.linkedin.com/jobs/view/4470241696,
https://www.linkedin.com/jobs/view/4470219230,
https://www.linkedin.com/jobs/view/4470442904,
https://www.linkedin.com/jobs/view/4469026287,
https://www.linkedin.com/jobs/view/4468167129,
https://www.linkedin.com/jobs/view/4468191755,
https://www.indeed.com/viewjob?jk=3bf5832037519749,
https://www.indeed.com/viewjob?jk=922139234e1807b6,
https://www.indeed.com/viewjob?jk=c94f567254f41955,
https://www.indeed.com/viewjob?jk=e873eb640cf08e79,
https://www.linkedin.com/jobs/view/4469983580,
https://www.linkedin.com/jobs/view/4468179161,
https://www.linkedin.com/jobs/view/4469955024,
https://www.linkedin.com/jobs/view/4468547814,
https://www.linkedin.com/jobs/view/4468908126,
https://www.linkedin.com/jobs/view/4469982722,
https://www.indeed.com/viewjob?jk=9f2f09cdce7ac9cc,
https://www.indeed.com/viewjob?jk=0f702f9c97c1368d,
https://www.indeed.com/viewjob?jk=6785ed8543590d56,
https://www.linkedin.com/jobs/view/4470441078,
https://www.linkedin.com/jobs/view/4468152584,
https://www.linkedin.com/jobs/view/4460064421,
https://www.indeed.com/viewjob?jk=22f5470929a705e1,
https://www.linkedin.com/jobs/view/4468173508,
https://www.indeed.com/viewjob?jk=9293d5aec31a5a90,
https://www.linkedin.com/jobs/view/4470264053,
https://www.indeed.com/viewjob?jk=9e074ea74f14eb37,
https://www.indeed.com/viewjob?jk=0a63ddf64e8eec18,
https://www.indeed.com/viewjob?jk=1e4fb97a71d09a23,
https://www.indeed.com/viewjob?jk=d7a6b04bfa4c1650,
https://www.linkedin.com/jobs/view/4460601877,
https://www.linkedin.com/jobs/view/4468165596,
https://www.linkedin.com/jobs/view/4461294782,
https://www.linkedin.com/jobs/view/4468151738,
https://www.linkedin.com/jobs/view/4461279742,
https://www.linkedin.com/jobs/view/4468168554,
https://www.indeed.com/viewjob?jk=dcdbb22636de2448,
https://www.linkedin.com/jobs/view/4452164345,
https://www.linkedin.com/jobs/view/4468515342,
https://www.linkedin.com/jobs/view/4470481153,
https://www.linkedin.com/jobs/view/4451642971,
https://www.linkedin.com/jobs/view/4468917109,
https://www.indeed.com/viewjob?jk=9a29e7d75ac7a2a1,
https://www.indeed.com/viewjob?jk=1f3c0a0fc87e8ce4,
https://www.indeed.com/viewjob?jk=33668f23bcf5093c,
https://www.linkedin.com/jobs/view/4468591057,
https://www.indeed.com/viewjob?jk=a7dcb44b47f9a4e2,
https://www.linkedin.com/jobs/view/4469033112,
https://www.linkedin.com/jobs/view/4469946620,
https://www.linkedin.com/jobs/view/4470203303,
https://www.indeed.com/viewjob?jk=b22369946296e5a9,
https://www.indeed.com/viewjob?jk=045aadc86b54bfa1,
https://www.indeed.com/viewjob?jk=d6f445382fc708c9,
https://www.linkedin.com/jobs/view/4469016263,
https://www.linkedin.com/jobs/view/4470253380,
https://www.linkedin.com/jobs/view/4467684654,
https://www.linkedin.com/jobs/view/4469027492,
https://www.linkedin.com/jobs/view/4468157746,
https://www.indeed.com/viewjob?jk=ccf31417779820d3,
https://www.linkedin.com/jobs/view/4470250341,
https://www.indeed.com/viewjob?jk=6f3bc0025ba24428,
https://www.linkedin.com/jobs/view/4470466832,
https://www.indeed.com/viewjob?jk=43be9556ff82be7d,
https://www.linkedin.com/jobs/view/4468798039,
https://www.linkedin.com/jobs/view/4460045134,
https://www.indeed.com/viewjob?jk=e06a867a4c2c96d2,
https://www.linkedin.com/jobs/view/4469991169,
https://www.indeed.com/viewjob?jk=94fe1430b0bbdb0f,
https://www.linkedin.com/jobs/view/4468908484,
https://www.linkedin.com/jobs/view/4467681288,
https://www.linkedin.com/jobs/view/4468781466,
https://www.indeed.com/viewjob?jk=501ca08a1e038747,
https://www.indeed.com/viewjob?jk=8cb9838cabdc2e79,
https://www.linkedin.com/jobs/view/4468141878,
https://www.linkedin.com/jobs/view/4470234518,
https://www.indeed.com/viewjob?jk=fcf99cbbfa3a1a1d,
https://www.linkedin.com/jobs/view/4468056554,
https://www.linkedin.com/jobs/view/4468787149,
https://www.linkedin.com/jobs/view/4461530021,
https://www.linkedin.com/jobs/view/4470447577,
https://www.linkedin.com/jobs/view/4459248601,
https://www.linkedin.com/jobs/view/4420490178,
https://www.indeed.com/viewjob?jk=d9ef4428f15852b7,
https://www.linkedin.com/jobs/view/4468163749,
https://www.linkedin.com/jobs/view/4469990500,
https://www.linkedin.com/jobs/view/4460070618,
https://www.linkedin.com/jobs/view/4470481342,
https://www.indeed.com/viewjob?jk=e0dfc7ff552a4677,
https://www.indeed.com/viewjob?jk=3f2dc4803efc85c0,
https://www.linkedin.com/jobs/view/4470408220,
https://www.indeed.com/viewjob?jk=a718d894b0244675,
https://www.linkedin.com/jobs/view/4461273638,
https://www.linkedin.com/jobs/view/4469984183,
https://www.linkedin.com/jobs/view/4468766901,
https://www.linkedin.com/jobs/view/4434335778,
https://www.linkedin.com/jobs/view/4459250179,
https://www.linkedin.com/jobs/view/4470479036,
https://www.indeed.com/viewjob?jk=76a6085131c75c59,
https://www.linkedin.com/jobs/view/4461527098,
https://www.linkedin.com/jobs/view/4461241152,
https://www.indeed.com/viewjob?jk=4ffa6e62fab5fe1f,
https://www.indeed.com/viewjob?jk=1c84c79d682d3731,
https://www.indeed.com/viewjob?jk=1ccf9df5b11a4bc5,
https://www.indeed.com/viewjob?jk=762dfee1078a2758,
https://www.linkedin.com/jobs/view/4468136471,
https://www.indeed.com/viewjob?jk=bc9a5ef41166e008,
https://www.linkedin.com/jobs/view/4470459096,
https://www.linkedin.com/jobs/view/4468917097,
https://www.linkedin.com/jobs/view/4470460306,
https://www.linkedin.com/jobs/view/4468144394,
https://www.linkedin.com/jobs/view/4468525361,
https://www.linkedin.com/jobs/view/4470218602,
https://www.indeed.com/viewjob?jk=30216af3fb095a16,
https://www.indeed.com/viewjob?jk=189164d966f45636,
https://www.linkedin.com/jobs/view/4468161460,
https://www.linkedin.com/jobs/view/4411774695,
https://www.indeed.com/viewjob?jk=7bbfbfaef08db64d,
https://www.linkedin.com/jobs/view/4468182275,
https://www.linkedin.com/jobs/view/4469036124,
https://www.linkedin.com/jobs/view/4470202663,
https://www.indeed.com/viewjob?jk=b77fa5ff17d6fe54,
https://www.linkedin.com/jobs/view/4470241748,
https://www.linkedin.com/jobs/view/4468911049,
https://www.linkedin.com/jobs/view/4469955255,
https://www.linkedin.com/jobs/view/4470445762,
https://www.linkedin.com/jobs/view/4451862784,
https://www.indeed.com/viewjob?jk=c952baf7fca4aced,
https://www.linkedin.com/jobs/view/4461268709,
https://www.indeed.com/viewjob?jk=9f1aa017a0e36ae8,
https://www.linkedin.com/jobs/view/4469984068,
https://www.indeed.com/viewjob?jk=1f978a7629185abf,
https://www.linkedin.com/jobs/view/4461260808,
https://www.indeed.com/viewjob?jk=a3e400d276a17e51,
https://www.indeed.com/viewjob?jk=6cc3d67e2533b3c1,
https://www.indeed.com/viewjob?jk=9e0f3cdfe0f56061,
https://www.indeed.com/viewjob?jk=bdb189081385c9ba,
https://www.linkedin.com/jobs/view/4470204373,
https://www.linkedin.com/jobs/view/4468169292,
https://www.indeed.com/viewjob?jk=56222c224418d6ed,
https://www.indeed.com/viewjob?jk=2cf33901d0451fb0,
https://www.linkedin.com/jobs/view/4469951315,
https://www.linkedin.com/jobs/view/4411532603,
https://www.linkedin.com/jobs/view/4470466891,
https://www.linkedin.com/jobs/view/4468557060,
https://www.linkedin.com/jobs/view/4459267086,
https://www.indeed.com/viewjob?jk=1d3b5b989475bb14,
https://www.indeed.com/viewjob?jk=ef724163fdbf3d8a,
https://www.linkedin.com/jobs/view/4468157520,
https://www.linkedin.com/jobs/view/4470436744,
https://www.linkedin.com/jobs/view/4448384197,
https://www.linkedin.com/jobs/view/4458853465,
https://www.indeed.com/viewjob?jk=10fb06b83e47cd1d,
https://www.indeed.com/viewjob?jk=5ffb475a9f64be99,
https://www.linkedin.com/jobs/view/4468197115,
https://www.indeed.com/viewjob?jk=c03f5c70a2632eca,
https://www.linkedin.com/jobs/view/4468176055,
https://www.indeed.com/viewjob?jk=2e2ee276511d1062,
https://www.indeed.com/viewjob?jk=bfbc2a0f677245b2,
https://www.linkedin.com/jobs/view/4315359516,
https://www.indeed.com/viewjob?jk=a1c959654128d76a,
https://www.linkedin.com/jobs/view/4470400639,
https://www.linkedin.com/jobs/view/4469961716,
https://www.indeed.com/viewjob?jk=ec093b9f7516e206,
https://www.indeed.com/viewjob?jk=c39c7b9c9d916696,
https://www.linkedin.com/jobs/view/4470461784,
https://www.indeed.com/viewjob?jk=8947d29dba81c85c,
https://www.indeed.com/viewjob?jk=7cf467ead58a9979,
https://www.indeed.com/viewjob?jk=1beeff1547316415,
https://www.linkedin.com/jobs/view/4407100090,
https://www.linkedin.com/jobs/view/4468100993,
https://www.indeed.com/viewjob?jk=bdb911d8039c7659,
https://www.linkedin.com/jobs/view/4468901678,
https://www.linkedin.com/jobs/view/4469002586,
https://www.indeed.com/viewjob?jk=ca303e17161a8e1e,
https://www.indeed.com/viewjob?jk=e80ea199516e8b8f,
https://www.linkedin.com/jobs/view/4461248737,
https://www.linkedin.com/jobs/view/4470244078,
https://www.linkedin.com/jobs/view/4451462867,
https://www.indeed.com/viewjob?jk=bb02b8c5d2fdc8de,
https://www.indeed.com/viewjob?jk=5ed8347408e246ed,
https://www.indeed.com/viewjob?jk=1f1fbe2d046b9c2c,
https://www.linkedin.com/jobs/view/4470460981,
https://www.linkedin.com/jobs/view/4460078548,
https://www.linkedin.com/jobs/view/4469994064,
https://www.linkedin.com/jobs/view/4468784666,
https://www.linkedin.com/jobs/view/4470470604,
https://www.linkedin.com/jobs/view/4461170981,
https://www.linkedin.com/jobs/view/4469016980,
https://www.indeed.com/viewjob?jk=f79600ca8b4d3410,
https://www.linkedin.com/jobs/view/4468195612,
https://www.indeed.com/viewjob?jk=4f924f7a75814274,
https://www.linkedin.com/jobs/view/4451471572,
https://www.linkedin.com/jobs/view/4468565984,
https://www.indeed.com/viewjob?jk=7f59c27ba0f13f1a,
https://www.linkedin.com/jobs/view/4470467282,
https://www.indeed.com/viewjob?jk=2add5122f9c8ccb4,
https://www.linkedin.com/jobs/view/4468593849,
https://www.linkedin.com/jobs/view/4468141782,
https://www.linkedin.com/jobs/view/4469971831,
https://www.linkedin.com/jobs/view/4469956805,
https://www.linkedin.com/jobs/view/4470475197,
https://www.linkedin.com/jobs/view/4468183289,
https://www.linkedin.com/jobs/view/4461222884,
https://www.linkedin.com/jobs/view/4468546471,
https://www.linkedin.com/jobs/view/4468907519,
https://www.indeed.com/viewjob?jk=fa9323af6c76e2d4,
https://www.linkedin.com/jobs/view/4470229917,
https://www.indeed.com/viewjob?jk=8bffc897b170850a,
https://www.linkedin.com/jobs/view/4461257945,
https://www.linkedin.com/jobs/view/4461503579,
https://www.indeed.com/viewjob?jk=d58d03693770296a,
https://www.linkedin.com/jobs/view/4451332622,
https://www.linkedin.com/jobs/view/4461238971,
https://www.linkedin.com/jobs/view/4469032465,
https://www.indeed.com/viewjob?jk=7a803b033c1fc1ec,
https://www.linkedin.com/jobs/view/4461264521,
https://www.indeed.com/viewjob?jk=ddc1abb38e4e6260,
https://www.linkedin.com/jobs/view/4468584078,
https://www.linkedin.com/jobs/view/4468910646,
https://www.indeed.com/viewjob?jk=bef62fe6831ff93b,
https://www.linkedin.com/jobs/view/4469016989,
https://www.linkedin.com/jobs/view/4469955131,
https://www.indeed.com/viewjob?jk=2a1129a1ad76427d,
https://www.indeed.com/viewjob?jk=8c40129d262a6d26,
https://www.indeed.com/viewjob?jk=5ee5a92c30cf4fe4,
https://www.linkedin.com/jobs/view/4468186936,
https://www.linkedin.com/jobs/view/4468174111,
https://www.linkedin.com/jobs/view/4459564944,
https://www.indeed.com/viewjob?jk=f0bee6f035e0080e,
https://www.linkedin.com/jobs/view/4461271660,
https://www.linkedin.com/jobs/view/4469985407,
https://www.indeed.com/viewjob?jk=9badebbb766ed3f3,
https://www.linkedin.com/jobs/view/4469964001,
https://www.linkedin.com/jobs/view/4459251196,
https://www.linkedin.com/jobs/view/4468902199,
https://www.indeed.com/viewjob?jk=400a8b457b60d2ed,
https://www.linkedin.com/jobs/view/4452007605,
https://www.linkedin.com/jobs/view/4468153497,
https://www.linkedin.com/jobs/view/4451495746,
https://www.linkedin.com/jobs/view/4470472271,
https://www.linkedin.com/jobs/view/4470484010,
https://www.linkedin.com/jobs/view/4468130774,
https://www.indeed.com/viewjob?jk=c9952245659482f5,
https://www.linkedin.com/jobs/view/4461227550,
https://www.linkedin.com/jobs/view/4427551798,
https://www.linkedin.com/jobs/view/4457292491,
https://www.indeed.com/viewjob?jk=d639e0aae9e31241,
https://www.linkedin.com/jobs/view/4468918816,
https://www.indeed.com/viewjob?jk=a5ae182a6a08eec7,
https://www.linkedin.com/jobs/view/4469044779,
https://www.linkedin.com/jobs/view/4469092072,
https://www.indeed.com/viewjob?jk=fd32a2328b76fce0,
https://www.linkedin.com/jobs/view/4470641033,
https://www.linkedin.com/jobs/view/4470959465,
https://www.indeed.com/viewjob?jk=61809b105c61ebc9,
https://www.linkedin.com/jobs/view/4468319577,
https://www.linkedin.com/jobs/view/4470685745,
https://www.indeed.com/viewjob?jk=acfbaf12801a6ec0,
https://www.linkedin.com/jobs/view/4469043995,
https://www.linkedin.com/jobs/view/4470974801,
https://www.linkedin.com/jobs/view/4470602007,
https://www.linkedin.com/jobs/view/4470605850,
https://www.indeed.com/viewjob?jk=9cc100dc01a74593,
https://www.indeed.com/viewjob?jk=1475a6695db2d849,
https://www.indeed.com/viewjob?jk=64f4935e53c5e529,
https://www.indeed.com/viewjob?jk=54c10a989e08ded6,
https://www.indeed.com/viewjob?jk=d02b8739333e2d7a,
https://www.indeed.com/viewjob?jk=4a7a933a61671722,
https://www.indeed.com/viewjob?jk=d5c0cde0513525b9,
https://www.indeed.com/viewjob?jk=cd605a0d0527d6a6,
https://www.linkedin.com/jobs/view/4470631145,
https://www.indeed.com/viewjob?jk=02f38f46917e9a7d,
https://www.linkedin.com/jobs/view/4468998264,
https://www.linkedin.com/jobs/view/4452027877,
https://www.indeed.com/viewjob?jk=c1b175f29c33ff50,
https://www.indeed.com/viewjob?jk=de98f6f4a5fc95de,
https://www.linkedin.com/jobs/view/4469074507,
https://www.linkedin.com/jobs/view/4449845142,
https://www.linkedin.com/jobs/view/4470907461,
https://www.linkedin.com/jobs/view/4470608784,
https://www.linkedin.com/jobs/view/4470619613,
https://www.linkedin.com/jobs/view/4469068502,
https://www.linkedin.com/jobs/view/4470913000,
https://www.indeed.com/viewjob?jk=afca361f088283de,
https://www.linkedin.com/jobs/view/4470933420,
https://www.indeed.com/viewjob?jk=d329953ecb2746d3,
https://www.indeed.com/viewjob?jk=ffcddc3966e3bf96,
https://www.linkedin.com/jobs/view/4469426655,
https://www.linkedin.com/jobs/view/4459537768,
https://www.indeed.com/viewjob?jk=a27f0d5c87fcd7c2,
https://www.linkedin.com/jobs/view/4470923951,
https://www.linkedin.com/jobs/view/4451977634,
https://www.linkedin.com/jobs/view/4470608155,
https://www.indeed.com/viewjob?jk=d46c7e7c16455ead,
https://www.indeed.com/viewjob?jk=c3e8111f414a0322,
https://www.linkedin.com/jobs/view/4470606464,
https://www.indeed.com/viewjob?jk=ce5078ca9773ad00,
https://www.linkedin.com/jobs/view/4383023544,
https://www.linkedin.com/jobs/view/4469087031,
https://www.linkedin.com/jobs/view/4462048942,
https://www.indeed.com/viewjob?jk=58aa47aa712ecf3d,
https://www.linkedin.com/jobs/view/4452477213,
https://www.indeed.com/viewjob?jk=798c056e84994a1b,
https://www.linkedin.com/jobs/view/4452632461,
https://www.linkedin.com/jobs/view/4452069197,
https://www.linkedin.com/jobs/view/4470628585,
https://www.linkedin.com/jobs/view/4469050954,
https://www.linkedin.com/jobs/view/4468921809,
https://www.linkedin.com/jobs/view/4470660780,
https://www.indeed.com/viewjob?jk=856fff87de0c52e5,
https://www.linkedin.com/jobs/view/4460622006,
https://www.linkedin.com/jobs/view/4470632940,
https://www.indeed.com/viewjob?jk=d0b1e97c996f819e,
https://www.indeed.com/viewjob?jk=5609ee01a7bf409e,
https://www.linkedin.com/jobs/view/4451985043,
https://www.linkedin.com/jobs/view/4470961308,
https://www.indeed.com/viewjob?jk=8b34889a7bb5e3fa,
https://www.indeed.com/viewjob?jk=22d137bb516051e3,
https://www.indeed.com/viewjob?jk=c85b1e93f79738be,
https://www.indeed.com/viewjob?jk=5c53c932ff854e51,
https://www.linkedin.com/jobs/view/4470607946,
https://www.linkedin.com/jobs/view/4470684343,
https://www.indeed.com/viewjob?jk=9e6ae9c6ae615614,
https://www.linkedin.com/jobs/view/4470602177,
https://www.linkedin.com/jobs/view/4470667551,
https://www.linkedin.com/jobs/view/4469475450,
https://www.indeed.com/viewjob?jk=b5a31b1425608bba,
https://www.indeed.com/viewjob?jk=d33c6eff0741230c,
https://www.indeed.com/viewjob?jk=7a83fba93b6baed2,
https://www.linkedin.com/jobs/view/4469408077,
https://www.indeed.com/viewjob?jk=8df102d09b916d85,
https://www.indeed.com/viewjob?jk=7d84274767762274,
https://www.indeed.com/viewjob?jk=d5cdcbdf48a3a04a,
https://www.indeed.com/viewjob?jk=47e2de3bf66a6750,
https://www.linkedin.com/jobs/view/4451476348,
https://www.indeed.com/viewjob?jk=d8a3744576a85cbf,
https://www.linkedin.com/jobs/view/4449886558,
https://www.indeed.com/viewjob?jk=02e587c307dcfde3,
https://www.linkedin.com/jobs/view/4470643559,
https://www.linkedin.com/jobs/view/4470632428,
https://www.indeed.com/viewjob?jk=6ea782b12e7350bc,
https://www.indeed.com/viewjob?jk=1f51641c81e7a83c,
https://www.linkedin.com/jobs/view/4468928524,
https://www.linkedin.com/jobs/view/4442244281,
https://www.linkedin.com/jobs/view/4470642122,
https://www.linkedin.com/jobs/view/4443038177,
https://www.indeed.com/viewjob?jk=cfb03d33bd78c6f3,
https://www.linkedin.com/jobs/view/4462099081,
https://www.indeed.com/viewjob?jk=0d9700608c486288,
https://www.linkedin.com/jobs/view/4451935604,
https://www.linkedin.com/jobs/view/4470662591,
https://www.indeed.com/viewjob?jk=a155a94a6a727561,
https://www.linkedin.com/jobs/view/4452477209,
https://www.linkedin.com/jobs/view/4459900165,
https://www.indeed.com/viewjob?jk=4a72c37e55489d41,
https://www.linkedin.com/jobs/view/4470980561,
https://www.linkedin.com/jobs/view/4443067924,
https://www.indeed.com/viewjob?jk=a76e018b2f1aa491,
https://www.indeed.com/viewjob?jk=2ea43298dfd3a862,
https://www.linkedin.com/jobs/view/4470607870,
https://www.indeed.com/viewjob?jk=b7fcdb5429465ad8,
https://www.indeed.com/viewjob?jk=7d64436dec9e54be,
https://www.linkedin.com/jobs/view/4469062767,
https://www.linkedin.com/jobs/view/4470921346,
https://www.linkedin.com/jobs/view/4470961676,
https://www.indeed.com/viewjob?jk=6c03532230085a99,
https://www.linkedin.com/jobs/view/4469038791,
https://www.linkedin.com/jobs/view/4470658718,
https://www.linkedin.com/jobs/view/4462054912,
https://www.linkedin.com/jobs/view/4462029988,
https://www.linkedin.com/jobs/view/4470925297,
https://www.indeed.com/viewjob?jk=4438e57bb117aee3,
https://www.linkedin.com/jobs/view/4459593214,
https://www.linkedin.com/jobs/view/4468987106,
https://www.indeed.com/viewjob?jk=6fae399ddd0ffda3,
https://www.linkedin.com/jobs/view/4469045283,
https://www.linkedin.com/jobs/view/4470604694,
https://www.indeed.com/viewjob?jk=df2c4680d8ce0c5f,
https://www.linkedin.com/jobs/view/4468934098,
https://www.indeed.com/viewjob?jk=84811fdfbe682535,
https://www.indeed.com/viewjob?jk=8651adc8b92d64e5,
https://www.indeed.com/viewjob?jk=d7a7d150ae995270,
https://www.indeed.com/viewjob?jk=78e6fd4d7e6ac656,
https://www.linkedin.com/jobs/view/4469319623,
https://www.linkedin.com/jobs/view/4470600195,
https://www.linkedin.com/jobs/view/4470650308,
https://www.linkedin.com/jobs/view/4470964393,
https://www.indeed.com/viewjob?jk=302eed7267c19c88,
https://www.linkedin.com/jobs/view/4470984470,
https://www.linkedin.com/jobs/view/4470952832,
https://www.linkedin.com/jobs/view/4462049878,
https://www.linkedin.com/jobs/view/4469482419,
https://www.indeed.com/viewjob?jk=569e472717188b78,
https://www.linkedin.com/jobs/view/4469051080,
https://www.indeed.com/viewjob?jk=03f5e71ff5aab94c,
https://www.indeed.com/viewjob?jk=9dc2c365ce85ed4d,
https://www.linkedin.com/jobs/view/4469464782,
https://www.linkedin.com/jobs/view/4469066689,
https://www.linkedin.com/jobs/view/4459568281,
https://www.linkedin.com/jobs/view/4470943356,
https://www.linkedin.com/jobs/view/4470940755,
https://www.linkedin.com/jobs/view/4448904441,
https://www.linkedin.com/jobs/view/4470641816,
https://www.linkedin.com/jobs/view/4469480402,
https://www.linkedin.com/jobs/view/4469447708,
https://www.indeed.com/viewjob?jk=dd4fa8ce715dffd2,
https://www.linkedin.com/jobs/view/4469060701,
https://www.linkedin.com/jobs/view/4470493039,
https://www.linkedin.com/jobs/view/4469462673,
https://www.linkedin.com/jobs/view/4469436046,
https://www.indeed.com/viewjob?jk=da382eed56fea653,
https://www.linkedin.com/jobs/view/4460649792,
https://www.indeed.com/viewjob?jk=6d7c3be97c528530,
https://www.linkedin.com/jobs/view/4470495553,
https://www.linkedin.com/jobs/view/4459512004,
https://www.indeed.com/viewjob?jk=38e05ea62ff1e13a,
https://www.indeed.com/viewjob?jk=5eded5de9ceda3aa,
https://www.indeed.com/viewjob?jk=4610f88d388f8e19,
https://www.linkedin.com/jobs/view/4470663145,
https://www.indeed.com/viewjob?jk=855497becc514929,
https://www.linkedin.com/jobs/view/4468948286,
https://www.linkedin.com/jobs/view/4469039785,
https://www.linkedin.com/jobs/view/4470924772,
https://www.linkedin.com/jobs/view/4469318559,
https://www.linkedin.com/jobs/view/4469408404,
https://www.indeed.com/viewjob?jk=6dd5377722d6eecc,
https://www.linkedin.com/jobs/view/4470977370,
https://www.linkedin.com/jobs/view/4469092490,
https://www.indeed.com/viewjob?jk=3aea30cd64e7df0c,
https://www.linkedin.com/jobs/view/4451935226,
https://www.indeed.com/viewjob?jk=11ce0dd307ae3558,
https://www.linkedin.com/jobs/view/4469416581,
https://www.indeed.com/viewjob?jk=04b12c75db8be227,
https://www.linkedin.com/jobs/view/4468952220,
https://www.linkedin.com/jobs/view/4406819091,
https://www.linkedin.com/jobs/view/4453018266,
https://www.indeed.com/viewjob?jk=1807a0472da81840,
https://www.indeed.com/viewjob?jk=3fd0ed9a7f97b8a3,
https://www.linkedin.com/jobs/view/4415733742,
https://www.linkedin.com/jobs/view/4470638112,
https://www.linkedin.com/jobs/view/4459552932,
https://www.indeed.com/viewjob?jk=b5a3f4c39dc2ba44,
https://www.linkedin.com/jobs/view/4470628598,
https://www.linkedin.com/jobs/view/4469441230,
https://www.linkedin.com/jobs/view/4470625252,
https://www.linkedin.com/jobs/view/4470645121,
https://www.indeed.com/viewjob?jk=56dffc008112d2d3,
https://www.indeed.com/viewjob?jk=19bc7e0ba1216b01,
https://www.indeed.com/viewjob?jk=237663085af4020d,
https://www.linkedin.com/jobs/view/4463664441,
https://www.indeed.com/viewjob?jk=73488f563fe99ee8,
https://www.indeed.com/viewjob?jk=7278e8daa42e7f91,
https://www.linkedin.com/jobs/view/4469064492,
https://www.indeed.com/viewjob?jk=4308178ac8a5c42f,
https://www.linkedin.com/jobs/view/4470655030,
https://www.indeed.com/viewjob?jk=276ffb06b55e039d,
https://www.linkedin.com/jobs/view/4459569022,
https://www.linkedin.com/jobs/view/4468923451,
https://www.linkedin.com/jobs/view/4470601879,
https://www.linkedin.com/jobs/view/4469474680,
https://www.linkedin.com/jobs/view/4469445926,
https://www.linkedin.com/jobs/view/4470674224,
https://www.indeed.com/viewjob?jk=48df6ff262d0b1cd,
https://www.linkedin.com/jobs/view/4470937204,
https://www.indeed.com/viewjob?jk=64c1d2e5f3605a7a,
https://www.linkedin.com/jobs/view/4450835221,
https://www.indeed.com/viewjob?jk=743a4cf62a0ff04e,
https://www.indeed.com/viewjob?jk=7677ef046ce66ea1,
https://www.linkedin.com/jobs/view/4470685297,
https://www.linkedin.com/jobs/view/4469435475,
https://www.linkedin.com/jobs/view/4469055626,
https://www.linkedin.com/jobs/view/4469042192,
https://www.linkedin.com/jobs/view/4469302912,
https://www.linkedin.com/jobs/view/4451422832,
https://www.linkedin.com/jobs/view/4469070082,
https://www.linkedin.com/jobs/view/4470686374,
https://www.indeed.com/viewjob?jk=ca168d148fab906c,
https://www.linkedin.com/jobs/view/4469443820,
https://www.linkedin.com/jobs/view/4470679492,
https://www.indeed.com/viewjob?jk=adbfb5f6936f752f,
https://www.linkedin.com/jobs/view/4470652045,
https://www.linkedin.com/jobs/view/4470943379,
https://www.linkedin.com/jobs/view/4469048227,
https://www.linkedin.com/jobs/view/4470958727,
https://www.indeed.com/viewjob?jk=6aaa14e4fa23b413,
https://www.linkedin.com/jobs/view/4469031656,
https://www.indeed.com/viewjob?jk=cde7d4424a569df1,
https://www.linkedin.com/jobs/view/4470931088,
https://www.indeed.com/viewjob?jk=b8756b8e09ab2718,
https://www.indeed.com/viewjob?jk=884c5b553786b81a,
https://www.linkedin.com/jobs/view/4443320959,
https://www.linkedin.com/jobs/view/4470646133,
https://www.linkedin.com/jobs/view/4470679011,
https://www.indeed.com/viewjob?jk=b08a4e4f794cf532,
https://www.linkedin.com/jobs/view/4459554837,
https://www.indeed.com/viewjob?jk=61169ef14aed4655,
https://www.indeed.com/viewjob?jk=54fd563e8e2f0a35,
https://www.indeed.com/viewjob?jk=56245d60e0e143b6,
https://www.linkedin.com/jobs/view/4470623520,
https://www.linkedin.com/jobs/view/4468939803,
https://www.linkedin.com/jobs/view/4468993577,
https://www.linkedin.com/jobs/view/4459560147,
https://www.linkedin.com/jobs/view/4462105930,
https://www.linkedin.com/jobs/view/4469329073,
https://www.linkedin.com/jobs/view/4459577035,
https://www.linkedin.com/jobs/view/4470493042,
https://www.linkedin.com/jobs/view/4470623167,
https://www.indeed.com/viewjob?jk=27983937cb99a348,
https://www.linkedin.com/jobs/view/4459578950,
https://www.indeed.com/viewjob?jk=325f912e2ade010d,
https://www.linkedin.com/jobs/view/4470968424,
https://www.indeed.com/viewjob?jk=11e83a3eacab9df3,
https://www.indeed.com/viewjob?jk=a15ae7ab434f54bf,
https://www.indeed.com/viewjob?jk=da0d22b0452d62c5,
https://www.indeed.com/viewjob?jk=a27af2ceec290efc,
https://www.indeed.com/viewjob?jk=042e49697a8fbe55,
https://www.indeed.com/viewjob?jk=e00d804d5ca45bf0,
https://www.linkedin.com/jobs/view/4443083526,
https://www.indeed.com/viewjob?jk=905597067fd213e4,
https://www.linkedin.com/jobs/view/4470965562,
https://www.indeed.com/viewjob?jk=66328d905a3dfe33,
https://www.indeed.com/viewjob?jk=9cbfcf41e974de68,
https://www.indeed.com/viewjob?jk=e6bedbac38a7beea,
https://www.indeed.com/viewjob?jk=031f9d51ff82f7c0,
https://www.linkedin.com/jobs/view/4470974277,
https://www.linkedin.com/jobs/view/4440178343,
https://www.indeed.com/viewjob?jk=39549b0fa1206cf7,
https://www.indeed.com/viewjob?jk=a1de1e0916b2cdbb,
https://www.linkedin.com/jobs/view/4470498481,
https://www.linkedin.com/jobs/view/4432976347,
https://www.linkedin.com/jobs/view/4469098987,
https://www.indeed.com/viewjob?jk=9f871eb32c872bf6,
https://www.indeed.com/viewjob?jk=e102b7c6ac7f4299,
https://www.indeed.com/viewjob?jk=d9a99daf37dce956,
https://www.linkedin.com/jobs/view/4470673915,
https://www.indeed.com/viewjob?jk=f194db91ac9291d0,
https://www.linkedin.com/jobs/view/4469480463,
https://www.indeed.com/viewjob?jk=2126cda60dc9f707,
https://www.indeed.com/viewjob?jk=8b4628869c685100,
https://www.linkedin.com/jobs/view/4469064491,
https://www.linkedin.com/jobs/view/4460651529,
https://www.linkedin.com/jobs/view/4469059387,
https://www.linkedin.com/jobs/view/4470979177,
https://www.indeed.com/viewjob?jk=86f9662c19de18d2,
https://www.linkedin.com/jobs/view/4469463367,
https://www.indeed.com/viewjob?jk=89759d6769d2a814,
https://www.indeed.com/viewjob?jk=c82aca2fd50695b8,
https://www.linkedin.com/jobs/view/4470928595,
https://www.linkedin.com/jobs/view/4469468293,
https://www.linkedin.com/jobs/view/4468990660,
https://www.indeed.com/viewjob?jk=72435481ef5b5812,
https://www.linkedin.com/jobs/view/4469416951,
https://www.linkedin.com/jobs/view/4470601557,
https://www.linkedin.com/jobs/view/4470969224,
https://www.linkedin.com/jobs/view/4470962671,
https://www.indeed.com/viewjob?jk=41d6a3cc3e6fa79f,
https://www.linkedin.com/jobs/view/4470618766,
https://www.linkedin.com/jobs/view/4470619643,
https://www.linkedin.com/jobs/view/4470634695,
https://www.linkedin.com/jobs/view/4468926385,
https://www.indeed.com/viewjob?jk=0fbdc59f66ccfa2e,
https://www.linkedin.com/jobs/view/4460600986,
https://www.indeed.com/viewjob?jk=a02e8ae48636e050,
https://www.indeed.com/viewjob?jk=1f4e855f23ac4f96,
https://www.linkedin.com/jobs/view/4470479873,
https://www.indeed.com/viewjob?jk=07f7005f9708bc83,
https://www.linkedin.com/jobs/view/4470981594,
https://www.indeed.com/viewjob?jk=cf8822c61565f19e,
https://www.linkedin.com/jobs/view/4468947473,
https://www.linkedin.com/jobs/view/4470974690,
https://www.linkedin.com/jobs/view/4469036990,
https://www.linkedin.com/jobs/view/4359412609,
https://www.linkedin.com/jobs/view/4470611297,
https://www.linkedin.com/jobs/view/4462126077,
https://www.linkedin.com/jobs/view/4470664562,
https://www.linkedin.com/jobs/view/4470644006,
https://www.linkedin.com/jobs/view/4470626612,
https://www.linkedin.com/jobs/view/4469416398,
https://www.linkedin.com/jobs/view/4470924883,
https://www.linkedin.com/jobs/view/4469095291,
https://www.indeed.com/viewjob?jk=9914bd608c236401,
https://www.indeed.com/viewjob?jk=9597ea0715569bdb,
https://www.linkedin.com/jobs/view/4469047939,
https://www.linkedin.com/jobs/view/4470603372,
https://www.linkedin.com/jobs/view/4469475449,
https://www.linkedin.com/jobs/view/4460028866,
https://www.linkedin.com/jobs/view/4470956404,
https://www.linkedin.com/jobs/view/4470614540,
https://www.linkedin.com/jobs/view/4470989169,
https://www.indeed.com/viewjob?jk=3acf60f0b350c4b6,
https://www.indeed.com/viewjob?jk=967f1a0477896b54,
https://www.indeed.com/viewjob?jk=d591c07aa17d9cf5,
https://www.linkedin.com/jobs/view/4451971384,
https://www.indeed.com/viewjob?jk=d093698d1bdef2a0,
https://www.indeed.com/viewjob?jk=22f9f81867ed30f5,
https://www.linkedin.com/jobs/view/4469770003,
https://www.indeed.com/viewjob?jk=0dd6bf99ae6033da,
https://www.indeed.com/viewjob?jk=7a661040efdb10d6,
https://www.linkedin.com/jobs/view/4469379278,
https://www.indeed.com/viewjob?jk=3e568bf33e8f3936,
https://www.linkedin.com/jobs/view/4469629066,
https://www.indeed.com/viewjob?jk=1ea966c7ac269a8b,
https://www.linkedin.com/jobs/view/4443944102,
https://www.indeed.com/viewjob?jk=d44cfb752f121e06,
https://www.linkedin.com/jobs/view/4469720787,
https://www.indeed.com/viewjob?jk=544213943faecbbc,
https://www.linkedin.com/jobs/view/4453377500,
https://www.linkedin.com/jobs/view/4469728236,
https://www.linkedin.com/jobs/view/4462479458,
https://www.indeed.com/viewjob?jk=a95289b80df2f098,
https://www.linkedin.com/jobs/view/4471198563,
https://www.linkedin.com/jobs/view/4460424312,
https://www.linkedin.com/jobs/view/4469344681,
https://www.linkedin.com/jobs/view/4471127448,
https://www.indeed.com/viewjob?jk=f509763273ae2c01,
https://www.linkedin.com/jobs/view/4470993176,
https://www.indeed.com/viewjob?jk=216de0a7dc58fa72,
https://www.linkedin.com/jobs/view/4470991185,
https://www.linkedin.com/jobs/view/4469757160,
https://www.indeed.com/viewjob?jk=43ef89ddacab84ad,
https://www.linkedin.com/jobs/view/4471138526,
https://www.linkedin.com/jobs/view/4445038967,
https://www.linkedin.com/jobs/view/4471125646,
https://www.linkedin.com/jobs/view/4459993921,
https://www.linkedin.com/jobs/view/4438501538,
https://www.indeed.com/viewjob?jk=2e8221da007d7d61,
https://www.linkedin.com/jobs/view/4413111336,
https://www.linkedin.com/jobs/view/4434672626,
https://www.indeed.com/viewjob?jk=63dcb86e8d3bdc4d,
https://www.linkedin.com/jobs/view/4471164445,
https://www.linkedin.com/jobs/view/4469735485,
https://www.indeed.com/viewjob?jk=e33432408cff8c03,
https://www.linkedin.com/jobs/view/4452640339,
https://www.linkedin.com/jobs/view/4469683205,
https://www.linkedin.com/jobs/view/4471139725,
https://www.indeed.com/viewjob?jk=7340a24267f96b46,
https://www.indeed.com/viewjob?jk=920f79c45a1c7a4e,
https://www.linkedin.com/jobs/view/4469621022,
https://www.indeed.com/viewjob?jk=3a737fcdf9ca63ef,
https://www.linkedin.com/jobs/view/4284459317,
https://www.indeed.com/viewjob?jk=05f9aa6932a2f1ba,
https://www.indeed.com/viewjob?jk=59d0e341e0420352,
https://www.linkedin.com/jobs/view/4469761439,
https://www.indeed.com/viewjob?jk=e9b6188a2be62acd,
https://www.indeed.com/viewjob?jk=9b8e2e751d397257,
https://www.linkedin.com/jobs/view/4434158736,
https://www.linkedin.com/jobs/view/4471182235,
https://www.indeed.com/viewjob?jk=3e655d4680d7841e,
https://www.linkedin.com/jobs/view/4460429310,
https://www.indeed.com/viewjob?jk=0c31e76053b4a569,
https://www.linkedin.com/jobs/view/4471494522,
https://www.linkedin.com/jobs/view/4471141170,
https://www.linkedin.com/jobs/view/4471140704,
https://www.linkedin.com/jobs/view/4469363154,
https://www.linkedin.com/jobs/view/4471612632,
https://www.linkedin.com/jobs/view/4469610474,
https://www.linkedin.com/jobs/view/4471422957,
https://www.linkedin.com/jobs/view/4469364533,
https://www.linkedin.com/jobs/view/4460667419,
https://www.indeed.com/viewjob?jk=2b2341bccb7ecd83,
https://www.linkedin.com/jobs/view/4453393647,
https://www.linkedin.com/jobs/view/4471608763,
https://www.indeed.com/viewjob?jk=1301541d53f92352,
https://www.linkedin.com/jobs/view/4461325726,
https://www.indeed.com/viewjob?jk=3382887bb087fbb2,
https://www.linkedin.com/jobs/view/4440457724,
https://www.linkedin.com/jobs/view/4458292749,
https://www.linkedin.com/jobs/view/4471143516,
https://www.indeed.com/viewjob?jk=8541043d68f65402,
https://www.linkedin.com/jobs/view/4469620059,
https://www.linkedin.com/jobs/view/4469677080,
https://www.indeed.com/viewjob?jk=dbc3b140c8b240a8,
https://www.indeed.com/viewjob?jk=11fe1923b459e319,
https://www.linkedin.com/jobs/view/4471108085,
https://www.indeed.com/viewjob?jk=8d589d65c9ece4c5,
https://www.indeed.com/viewjob?jk=3541617e075fc083,
https://www.linkedin.com/jobs/view/4452791347,
https://www.indeed.com/viewjob?jk=44d76e57d8c6b46d,
https://www.linkedin.com/jobs/view/4469735522,
https://www.linkedin.com/jobs/view/4446868932,
https://www.indeed.com/viewjob?jk=55c30dbef846905a,
https://www.linkedin.com/jobs/view/4440412380,
https://www.linkedin.com/jobs/view/4461344284,
https://www.linkedin.com/jobs/view/4470004478,
https://www.indeed.com/viewjob?jk=68b0989e23f7ca6e,
https://www.linkedin.com/jobs/view/4471437533,
https://www.linkedin.com/jobs/view/4461355387,
https://www.linkedin.com/jobs/view/4469738638,
https://www.linkedin.com/jobs/view/4459953088,
https://www.linkedin.com/jobs/view/4469729672,
https://www.linkedin.com/jobs/view/4469614643,
https://www.linkedin.com/jobs/view/4461762848,
https://www.linkedin.com/jobs/view/4471604896,
https://www.indeed.com/viewjob?jk=67bb76210447da73,
https://www.linkedin.com/jobs/view/4461686240,
https://www.linkedin.com/jobs/view/4441025004,
https://www.indeed.com/viewjob?jk=8aa8db3008ac18e2,
https://www.linkedin.com/jobs/view/4426377276,
https://www.linkedin.com/jobs/view/4462408436,
https://www.linkedin.com/jobs/view/4469639633,
https://www.linkedin.com/jobs/view/4419242188,
https://www.linkedin.com/jobs/view/4470007032,
https://www.indeed.com/viewjob?jk=e65c8a09b6415d72,
https://www.indeed.com/viewjob?jk=5c92e5c3ab5ad1f5,
https://www.linkedin.com/jobs/view/4471427065,
https://www.linkedin.com/jobs/view/4469383976,
https://www.linkedin.com/jobs/view/4471166165,
https://www.linkedin.com/jobs/view/4457991235,
https://www.linkedin.com/jobs/view/4469472911,
https://www.indeed.com/viewjob?jk=5e8bfa010ccf1ee1,
https://www.linkedin.com/jobs/view/4469743666,
https://www.indeed.com/viewjob?jk=16c5caf317ac1e37,
https://www.indeed.com/viewjob?jk=3db79a8ce347fca9,
https://www.linkedin.com/jobs/view/4469358821,
https://www.linkedin.com/jobs/view/4469364321,
https://www.linkedin.com/jobs/view/4469743906,
https://www.linkedin.com/jobs/view/4469619514,
https://www.indeed.com/viewjob?jk=a17bdcf9d281d2aa,
https://www.linkedin.com/jobs/view/4434902127,
https://www.linkedin.com/jobs/view/4445966099,
https://www.linkedin.com/jobs/view/4462413469,
https://www.linkedin.com/jobs/view/4451958199,
https://www.linkedin.com/jobs/view/4471489674,
https://www.linkedin.com/jobs/view/4470001132,
https://www.linkedin.com/jobs/view/4451947557,
https://www.linkedin.com/jobs/view/4470991359,
https://www.indeed.com/viewjob?jk=c234add0f5672fd0,
https://www.linkedin.com/jobs/view/4471600453,
https://www.linkedin.com/jobs/view/4469750466,
https://www.indeed.com/viewjob?jk=078d6ba1ba099ab4,
https://www.linkedin.com/jobs/view/4470995779,
https://www.linkedin.com/jobs/view/4470971941,
https://www.linkedin.com/jobs/view/4452694047,
https://www.indeed.com/viewjob?jk=16e00c8f4eb8f11c,
https://www.linkedin.com/jobs/view/4469669658,
https://www.indeed.com/viewjob?jk=9396331898bc8947,
https://www.indeed.com/viewjob?jk=d27d935fa919042e,
https://www.indeed.com/viewjob?jk=73c9b34a5ae875c8,
https://www.linkedin.com/jobs/view/4469614732,
https://www.linkedin.com/jobs/view/4434995717,
https://www.linkedin.com/jobs/view/4407468437,
https://www.linkedin.com/jobs/view/4469346929,
https://www.indeed.com/viewjob?jk=2f6a69448406a78d,
https://www.indeed.com/viewjob?jk=6743bef936a0762f,
https://www.linkedin.com/jobs/view/4462447531,
https://www.linkedin.com/jobs/view/4469632832,
https://www.linkedin.com/jobs/view/4451966907,
https://www.linkedin.com/jobs/view/4471401197,
https://www.indeed.com/viewjob?jk=5dd9a6a4bd8b1e78,
https://www.indeed.com/viewjob?jk=95d7be36289999dd,
https://www.linkedin.com/jobs/view/4422239532,
https://www.indeed.com/viewjob?jk=53753de51de88242,
https://www.linkedin.com/jobs/view/4471173224,
https://www.linkedin.com/jobs/view/4415706457,
https://www.linkedin.com/jobs/view/4471110733,
https://www.indeed.com/viewjob?jk=2d1664a8cf857941,
https://www.linkedin.com/jobs/view/4471137272,
https://www.indeed.com/viewjob?jk=baceec142dc0b4b8,
https://www.linkedin.com/jobs/view/4471114650,
https://www.linkedin.com/jobs/view/4462462419,
https://www.linkedin.com/jobs/view/4471498240,
https://www.indeed.com/viewjob?jk=319ba845a8f91f63,
https://www.linkedin.com/jobs/view/4469395478,
https://www.linkedin.com/jobs/view/4471123286,
https://www.indeed.com/viewjob?jk=9645a0b204b77b8d,
https://www.linkedin.com/jobs/view/4469605585,
https://www.indeed.com/viewjob?jk=16339e8d4ca064ee,
https://www.linkedin.com/jobs/view/4469686314,
https://www.linkedin.com/jobs/view/4461355106,
https://www.linkedin.com/jobs/view/4471180011,
https://www.linkedin.com/jobs/view/4471171401,
https://www.linkedin.com/jobs/view/4471128984,
https://www.indeed.com/viewjob?jk=edf641dc07767b4b,
https://www.indeed.com/viewjob?jk=6f1a29a0c73753b2,
https://www.linkedin.com/jobs/view/4443559220,
https://www.indeed.com/viewjob?jk=2dcb737f164e8e82,
https://www.linkedin.com/jobs/view/4442901530,
https://www.indeed.com/viewjob?jk=17b5f5f93a058e1e,
https://www.linkedin.com/jobs/view/4330651137,
https://www.indeed.com/viewjob?jk=c9079f1a3eaca703,
https://www.linkedin.com/jobs/view/4469695531,
https://www.indeed.com/viewjob?jk=7ffc5400f86b1ff7,
https://www.indeed.com/viewjob?jk=0b1137c0ac6deb65,
https://www.indeed.com/viewjob?jk=d6d919526457cfba,
https://www.linkedin.com/jobs/view/4471443029,
https://www.indeed.com/viewjob?jk=7d6bb6030a303706,
https://www.linkedin.com/jobs/view/4471104355,
https://www.linkedin.com/jobs/view/4469630827,
https://www.linkedin.com/jobs/view/4471116057,
https://www.linkedin.com/jobs/view/4425630070,
https://www.linkedin.com/jobs/view/4471159904,
https://www.linkedin.com/jobs/view/4459950742,
https://www.linkedin.com/jobs/view/4471497615,
https://www.linkedin.com/jobs/view/4471146122,
https://www.indeed.com/viewjob?jk=80b59db2877eaead,
https://www.linkedin.com/jobs/view/4462478814,
https://www.indeed.com/viewjob?jk=66010905a82336ec,
https://www.indeed.com/viewjob?jk=d90969f5dedf8d7f,
https://www.indeed.com/viewjob?jk=70d027505105ab4b,
https://www.linkedin.com/jobs/view/4469734913,
https://www.linkedin.com/jobs/view/4469610524,
https://www.linkedin.com/jobs/view/4471486613,
https://www.indeed.com/viewjob?jk=43436c06d0f7545f,
https://www.indeed.com/viewjob?jk=e2c150327869e8b0,
https://www.linkedin.com/jobs/view/4469349845,
https://www.linkedin.com/jobs/view/4469610179,
https://www.indeed.com/viewjob?jk=c7a8818670976070,
https://www.linkedin.com/jobs/view/4470985966,
https://www.linkedin.com/jobs/view/4469682271,
https://www.indeed.com/viewjob?jk=5d0f47998b909539,
https://www.linkedin.com/jobs/view/4451984049,
https://www.linkedin.com/jobs/view/4462756715,
https://www.indeed.com/viewjob?jk=9b0b120b2e5e4706,
https://www.indeed.com/viewjob?jk=c69d097f2a611973,
https://www.linkedin.com/jobs/view/4442781420,
https://www.linkedin.com/jobs/view/4415967012,
https://www.linkedin.com/jobs/view/4469494808,
https://www.indeed.com/viewjob?jk=b2b7e700350c8ef1,
https://www.linkedin.com/jobs/view/4471175172,
https://www.linkedin.com/jobs/view/4469622789,
https://www.indeed.com/viewjob?jk=4ea1ea0e6761f6fa,
https://www.indeed.com/viewjob?jk=66c85939797b7cf2,
https://www.linkedin.com/jobs/view/4469694409,
https://www.indeed.com/viewjob?jk=9da288f6bcf65b22,
https://www.indeed.com/viewjob?jk=bd89969b12599fd9,
https://www.indeed.com/viewjob?jk=ec5e371f202254b1,
https://www.linkedin.com/jobs/view/4462490681,
https://www.indeed.com/viewjob?jk=a23c5444e1fea9f3,
https://www.linkedin.com/jobs/view/4469348940,
https://www.linkedin.com/jobs/view/4450531331,
https://www.indeed.com/viewjob?jk=0c597a57aa4e0615,
https://www.linkedin.com/jobs/view/4471130042,
https://www.linkedin.com/jobs/view/4469604066,
https://www.indeed.com/viewjob?jk=bb912bf0d2a8e633,
https://www.linkedin.com/jobs/view/4471159647,
https://www.linkedin.com/jobs/view/4471490646,
https://www.linkedin.com/jobs/view/4459978795,
https://www.indeed.com/viewjob?jk=0050922cfc6c8b02,
https://www.linkedin.com/jobs/view/4471623495,
https://www.linkedin.com/jobs/view/4471612540,
https://www.linkedin.com/jobs/view/4469680489,
https://www.indeed.com/viewjob?jk=69fa24cb7cee91a8,
https://www.indeed.com/viewjob?jk=6e8d7ed2c100402c,
https://www.linkedin.com/jobs/view/4443584251,
https://www.indeed.com/viewjob?jk=1d2a2bf29d4a1302,
https://www.linkedin.com/jobs/view/4452324181,
https://www.linkedin.com/jobs/view/4469631513,
https://www.linkedin.com/jobs/view/4470997585,
https://www.linkedin.com/jobs/view/4462764035,
https://www.linkedin.com/jobs/view/4450150980,
https://www.linkedin.com/jobs/view/4469703709,
https://www.linkedin.com/jobs/view/4469495741,
https://www.linkedin.com/jobs/view/4469617720,
https://www.linkedin.com/jobs/view/4452475288,
https://www.linkedin.com/jobs/view/4471487782,
https://www.linkedin.com/jobs/view/4469628200,
https://www.linkedin.com/jobs/view/4471164558,
https://www.linkedin.com/jobs/view/4471165773,
https://www.indeed.com/viewjob?jk=67c77ef1367c0355,
https://www.indeed.com/viewjob?jk=e583fbaeae8cd283,
https://www.indeed.com/viewjob?jk=8e7367781437c987,
https://www.linkedin.com/jobs/view/4453345486,
https://www.indeed.com/viewjob?jk=fc77240e7d4901ed,
https://www.indeed.com/viewjob?jk=5bb6f14f507a0f9f,
https://www.linkedin.com/jobs/view/4469771227,
https://www.indeed.com/viewjob?jk=7825697ea89875a4,
https://www.linkedin.com/jobs/view/4471112320,
https://www.linkedin.com/jobs/view/4469628925,
https://www.linkedin.com/jobs/view/4469601851,
https://www.indeed.com/viewjob?jk=2dcae2c070d0ed2d,
https://www.indeed.com/viewjob?jk=503c17f392f1e7c4,
https://www.linkedin.com/jobs/view/4470989818,
https://www.indeed.com/viewjob?jk=8261dc890901ce3e,
https://www.linkedin.com/jobs/view/4452318217,
https://www.linkedin.com/jobs/view/4469346254,
https://www.linkedin.com/jobs/view/4471616556,
https://www.indeed.com/viewjob?jk=5fd948fd56ab2d6e,
https://www.linkedin.com/jobs/view/4434746862,
https://www.indeed.com/viewjob?jk=660c7564cc2f180e,
https://www.indeed.com/viewjob?jk=e010dd24cdd78c49,
https://www.indeed.com/viewjob?jk=00c7f8cabae8ec85,
https://www.linkedin.com/jobs/view/4471610883,
https://www.linkedin.com/jobs/view/4462475670,
https://www.indeed.com/viewjob?jk=bccceb2c25197d09,
https://www.indeed.com/viewjob?jk=91d3592956c35cb4,
https://www.indeed.com/viewjob?jk=0aa9075c4d8609e4,
https://www.linkedin.com/jobs/view/4414662269,
https://www.linkedin.com/jobs/view/4471419322,
https://www.indeed.com/viewjob?jk=6e747cbd525b29ff,
https://www.indeed.com/viewjob?jk=f5f96c349f6d3bf9,
https://www.linkedin.com/jobs/view/4452633493,
https://www.linkedin.com/jobs/view/4461328992,
https://www.linkedin.com/jobs/view/4469357862,
https://www.linkedin.com/jobs/view/4471468716,
https://www.linkedin.com/jobs/view/4451940626,
https://www.indeed.com/viewjob?jk=c05967f6e9f8159a,
https://www.indeed.com/viewjob?jk=a4835b7f29da768e,
https://www.indeed.com/viewjob?jk=5177b891a670a052,
https://www.linkedin.com/jobs/view/4471404262,
https://www.linkedin.com/jobs/view/4471142110,
https://www.linkedin.com/jobs/view/4471443414,
https://www.linkedin.com/jobs/view/4469618303,
https://www.indeed.com/viewjob?jk=42aeb3244a81a67b,
https://www.linkedin.com/jobs/view/4442135312,
https://www.linkedin.com/jobs/view/4462418044,
https://www.indeed.com/viewjob?jk=c77c999c45827090,
https://www.linkedin.com/jobs/view/4461329261,
https://www.linkedin.com/jobs/view/4471614796,
https://www.indeed.com/viewjob?jk=cf0e45c505514480,
https://www.linkedin.com/jobs/view/4469611481,
https://www.linkedin.com/jobs/view/4471602946,
https://www.linkedin.com/jobs/view/4469740228,
https://www.linkedin.com/jobs/view/4471139894,
https://www.linkedin.com/jobs/view/4469697835,
https://www.linkedin.com/jobs/view/4471185259,
https://www.linkedin.com/jobs/view/4460933526,
https://www.linkedin.com/jobs/view/4471694584,
https://www.indeed.com/viewjob?jk=0cf1e55a14feffad,
https://www.indeed.com/viewjob?jk=842e198ae76027c5,
https://www.indeed.com/viewjob?jk=91d12f56fef9d2d5,
https://www.linkedin.com/jobs/view/4470048160,
https://www.linkedin.com/jobs/view/4471637605,
https://www.indeed.com/viewjob?jk=79e0b10831e22fe0,
https://www.indeed.com/viewjob?jk=937cb6c22f1932d9,
https://www.indeed.com/viewjob?jk=f396db7cda98e169,
https://www.indeed.com/viewjob?jk=d203f0d8ca9ef9b5,
https://www.linkedin.com/jobs/view/4454097839,
https://www.linkedin.com/jobs/view/4471847414,
https://www.indeed.com/viewjob?jk=a7627cf6e05f4292,
https://www.indeed.com/viewjob?jk=dbf14704490ab2cc,
https://www.indeed.com/viewjob?jk=955307c9220c1cec,
https://www.linkedin.com/jobs/view/4470145429,
https://www.linkedin.com/jobs/view/4469798649,
https://www.indeed.com/viewjob?jk=d7a84ec32c58545b,
https://www.linkedin.com/jobs/view/4472031872,
https://www.indeed.com/viewjob?jk=a9c1f8a7e5ad33f6,
https://www.indeed.com/viewjob?jk=0d2eb8412a748f8a,
https://www.linkedin.com/jobs/view/4428352057,
https://www.indeed.com/viewjob?jk=bcdea89d1c4c8e48,
https://www.linkedin.com/jobs/view/4471696127,
https://www.linkedin.com/jobs/view/4453348911,
https://www.linkedin.com/jobs/view/4470086985,
https://www.indeed.com/viewjob?jk=49eea6697e094f8a,
https://www.indeed.com/viewjob?jk=6e0a806628c0355f,
https://www.linkedin.com/jobs/view/4462861447,
https://www.linkedin.com/jobs/view/4471644084,
https://www.linkedin.com/jobs/view/4435173069,
https://www.indeed.com/viewjob?jk=e7c668c9d8dbe81e,
https://www.linkedin.com/jobs/view/4471883938,
https://www.linkedin.com/jobs/view/4461331639,
https://www.indeed.com/viewjob?jk=60e19cb1feeb1248,
https://www.linkedin.com/jobs/view/4470029951,
https://www.linkedin.com/jobs/view/4471172274,
https://www.linkedin.com/jobs/view/4470019414,
https://www.linkedin.com/jobs/view/4431993029,
https://www.indeed.com/viewjob?jk=0aa5fb09cda88d18,
https://www.linkedin.com/jobs/view/4471843526,
https://www.linkedin.com/jobs/view/4460703100,
https://www.linkedin.com/jobs/view/4470175662,
https://www.indeed.com/viewjob?jk=518a63baaf034670,
https://www.linkedin.com/jobs/view/4463383989,
https://www.linkedin.com/jobs/view/4431972331,
https://www.indeed.com/viewjob?jk=68237d1490056981,
https://www.indeed.com/viewjob?jk=b19852fe8fc00124,
https://www.linkedin.com/jobs/view/4454307500,
https://www.indeed.com/viewjob?jk=d26a4fd87db5864d,
https://www.linkedin.com/jobs/view/4472042991,
https://www.linkedin.com/jobs/view/4471846560,
https://www.linkedin.com/jobs/view/4461694786,
https://www.linkedin.com/jobs/view/4470033202,
https://www.linkedin.com/jobs/view/4470310798,
https://www.indeed.com/viewjob?jk=653835cbb300f648,
https://www.linkedin.com/jobs/view/4471672182,
https://www.indeed.com/viewjob?jk=39db535094946eb9,
https://www.linkedin.com/jobs/view/4463115442,
https://www.linkedin.com/jobs/view/4461698524,
https://www.linkedin.com/jobs/view/4462477413,
https://www.indeed.com/viewjob?jk=2057a23f7459a32c,
https://www.linkedin.com/jobs/view/4471833529,
https://www.indeed.com/viewjob?jk=4fe53002b7888f6f,
https://www.linkedin.com/jobs/view/4469783014,
https://www.linkedin.com/jobs/view/4472034844,
https://www.linkedin.com/jobs/view/4469992205,
https://www.linkedin.com/jobs/view/4471646612,
https://www.linkedin.com/jobs/view/4470052028,
https://www.indeed.com/viewjob?jk=fdd55f50c4b521ff,
https://www.linkedin.com/jobs/view/4471875951,
https://www.indeed.com/viewjob?jk=c6774b7e21376e8e,
https://www.linkedin.com/jobs/view/4471892405,
https://www.indeed.com/viewjob?jk=0fb771c7cd57b461,
https://www.indeed.com/viewjob?jk=7b177c57cddc5c07,
https://www.indeed.com/viewjob?jk=21d4f467e2137027,
https://www.linkedin.com/jobs/view/4469797224,
https://www.linkedin.com/jobs/view/4471670412,
https://www.linkedin.com/jobs/view/4444274642,
https://www.linkedin.com/jobs/view/4443992995,
https://www.indeed.com/viewjob?jk=ab44769cda79e079,
https://www.indeed.com/viewjob?jk=16e80bd9b3628605,
https://www.indeed.com/viewjob?jk=2570def181ad2a52,
https://www.indeed.com/viewjob?jk=98f1dec0421e66f3,
https://www.linkedin.com/jobs/view/4470032245,
https://www.linkedin.com/jobs/view/4470337119,
https://www.linkedin.com/jobs/view/4460437095,
https://www.indeed.com/viewjob?jk=f40726eb4bdc9e20,
https://www.indeed.com/viewjob?jk=535332da71fd8e79,
https://www.indeed.com/viewjob?jk=b1417e8cff5f819b,
https://www.indeed.com/viewjob?jk=db46387a4024f089,
https://www.indeed.com/viewjob?jk=7b3f5ac3a846ea29,
https://www.linkedin.com/jobs/view/4471671986,
https://www.indeed.com/viewjob?jk=eacd01c802a066b1,
https://www.linkedin.com/jobs/view/4453613197,
https://www.indeed.com/viewjob?jk=adc0689952315859,
https://www.indeed.com/viewjob?jk=d7ca8aedfba5170a,
https://www.linkedin.com/jobs/view/4470028957,
https://www.indeed.com/viewjob?jk=be17006d085bdb73,
https://www.indeed.com/viewjob?jk=fadbf7cf56269fa9,
https://www.indeed.com/viewjob?jk=530306f1fa12d1a3,
https://www.linkedin.com/jobs/view/4470011699,
https://www.indeed.com/viewjob?jk=393cff3c6e23b3f2,
https://www.linkedin.com/jobs/view/4471687790,
https://www.linkedin.com/jobs/view/4422668480,
https://www.indeed.com/viewjob?jk=66673b3d5c3fa101,
https://www.linkedin.com/jobs/view/4469784895,
https://www.indeed.com/viewjob?jk=0b167234765ae98d,
https://www.linkedin.com/jobs/view/4469788355,
https://www.indeed.com/viewjob?jk=4459479a33694f0f,
https://www.linkedin.com/jobs/view/4470315386,
https://www.linkedin.com/jobs/view/4471685668,
https://www.indeed.com/viewjob?jk=520a5a96be460973,
https://www.linkedin.com/jobs/view/4471687351,
https://www.linkedin.com/jobs/view/4470322483,
https://www.indeed.com/viewjob?jk=c2ba6f36fcf71894,
https://www.indeed.com/viewjob?jk=339959afd0324aac,
https://www.indeed.com/viewjob?jk=ebf4036e8c3dd01c,
https://www.indeed.com/viewjob?jk=d6ada8c822d1809c,
https://www.indeed.com/viewjob?jk=9ff26493200b6082,
https://www.linkedin.com/jobs/view/4472023411,
https://www.linkedin.com/jobs/view/4470011581,
https://www.linkedin.com/jobs/view/4470101258,
https://www.linkedin.com/jobs/view/4470181191,
https://www.indeed.com/viewjob?jk=7b182c6524c7ab1f,
https://www.linkedin.com/jobs/view/4471673935,
https://www.linkedin.com/jobs/view/4470022331,
https://www.linkedin.com/jobs/view/4453374654,
https://www.linkedin.com/jobs/view/4471672540,
https://www.indeed.com/viewjob?jk=2b702b9248d9646c,
https://www.linkedin.com/jobs/view/4452726616,
https://www.linkedin.com/jobs/view/4426381142,
https://www.indeed.com/viewjob?jk=c35bf2c874ffb977,
https://www.linkedin.com/jobs/view/4470318835,
https://www.linkedin.com/jobs/view/4470300755,
https://www.indeed.com/viewjob?jk=593dc8eda19b5dc5,
https://www.indeed.com/viewjob?jk=72985dfda91864bf,
https://www.linkedin.com/jobs/view/4435176839,
https://www.linkedin.com/jobs/view/4470321802,
https://www.linkedin.com/jobs/view/4450158199,
https://www.linkedin.com/jobs/view/4471880861,
https://www.indeed.com/viewjob?jk=7f7bc20d30836e4c,
https://www.indeed.com/viewjob?jk=e8c283e527a46a20,
https://www.indeed.com/viewjob?jk=08bb03025080507e,
https://www.linkedin.com/jobs/view/4471840693,
https://www.linkedin.com/jobs/view/4469793170,
https://www.linkedin.com/jobs/view/4470087976,
https://www.indeed.com/viewjob?jk=9a132b7a8b65909b,
https://www.linkedin.com/jobs/view/4472012442,
https://www.indeed.com/viewjob?jk=69f7cc4eb8df7a4a,
https://www.linkedin.com/jobs/view/4470159946,
https://www.linkedin.com/jobs/view/4461106100,
https://www.linkedin.com/jobs/view/4444477126,
https://www.indeed.com/viewjob?jk=ab9161cec33b8d44,
https://www.indeed.com/viewjob?jk=51e372ac803e71ee,
https://www.linkedin.com/jobs/view/4471665230,
https://www.linkedin.com/jobs/view/4471666997,
https://www.linkedin.com/jobs/view/4435301832,
https://www.linkedin.com/jobs/view/4470019838,
https://www.linkedin.com/jobs/view/4471692328,
https://www.linkedin.com/jobs/view/4471696128,
https://www.linkedin.com/jobs/view/4469764962,
https://www.indeed.com/viewjob?jk=00249818e96670da,
https://www.indeed.com/viewjob?jk=81b98a9e594032dc,
https://www.linkedin.com/jobs/view/4429595404,
https://www.linkedin.com/jobs/view/4471636346,
https://www.indeed.com/viewjob?jk=ed16b809a9610774,
https://www.linkedin.com/jobs/view/4471644359,
https://www.linkedin.com/jobs/view/4454084090,
https://www.indeed.com/viewjob?jk=13f98c7b0c6d5e06,
https://www.indeed.com/viewjob?jk=fcd19a4f92187647,
https://www.indeed.com/viewjob?jk=efb47da3ac06991b,
https://www.linkedin.com/jobs/view/4469781416,
https://www.linkedin.com/jobs/view/4463193737,
https://www.linkedin.com/jobs/view/4460461190,
https://www.linkedin.com/jobs/view/4470056444,
https://www.linkedin.com/jobs/view/4471657684,
https://www.linkedin.com/jobs/view/4470330564,
https://www.linkedin.com/jobs/view/4470161967,
https://www.linkedin.com/jobs/view/4471845505,
https://www.linkedin.com/jobs/view/4471638595,
https://www.indeed.com/viewjob?jk=6dcb5466f57c7a11,
https://www.linkedin.com/jobs/view/4470155635,
https://www.linkedin.com/jobs/view/4463351603,
https://www.linkedin.com/jobs/view/4454348989,
https://www.linkedin.com/jobs/view/4471645364,
https://www.indeed.com/viewjob?jk=6b1add0518fb1642,
https://www.linkedin.com/jobs/view/4471665821,
https://www.linkedin.com/jobs/view/4453681653,
https://www.linkedin.com/jobs/view/4471645106,
https://www.indeed.com/viewjob?jk=09418a12545e93cf,
https://www.linkedin.com/jobs/view/4471859976,
https://www.indeed.com/viewjob?jk=637931ede28f3714,
https://www.linkedin.com/jobs/view/4463321766,
https://www.linkedin.com/jobs/view/4472041120,
https://www.indeed.com/viewjob?jk=edabecc2e152a5a4,
https://www.linkedin.com/jobs/view/4444757354,
https://www.indeed.com/viewjob?jk=fe01846ddf5ca87b,
https://www.indeed.com/viewjob?jk=9cb5473c8c3f531a,
https://www.linkedin.com/jobs/view/4471826741,
https://www.indeed.com/viewjob?jk=b7d63c2ebd88995d,
https://www.indeed.com/viewjob?jk=5cd68bd5575878fb,
https://www.linkedin.com/jobs/view/4470050151,
https://www.linkedin.com/jobs/view/4470112091,
https://www.indeed.com/viewjob?jk=357ee9a5afc372fa,
https://www.linkedin.com/jobs/view/4415692680,
https://www.indeed.com/viewjob?jk=e866a0c220920532,
https://www.linkedin.com/jobs/view/4471661753,
https://www.linkedin.com/jobs/view/4463301237,
https://www.linkedin.com/jobs/view/4471839019,
https://www.linkedin.com/jobs/view/4471678439,
https://www.indeed.com/viewjob?jk=ca0427632b332f99,
https://www.linkedin.com/jobs/view/4462793402,
https://www.indeed.com/viewjob?jk=577e4aa3e95f5a9f,
https://www.linkedin.com/jobs/view/4465098885,
https://www.indeed.com/viewjob?jk=c89e32bd647acaee,
https://www.linkedin.com/jobs/view/4471843491,
https://www.indeed.com/viewjob?jk=6fd2f4a72e6d62de,
https://www.linkedin.com/jobs/view/4450188679,
https://www.linkedin.com/jobs/view/4444933745,
https://www.indeed.com/viewjob?jk=3fab9e74520b8753,
https://www.linkedin.com/jobs/view/4462843793,
https://www.linkedin.com/jobs/view/4461383412,
https://www.indeed.com/viewjob?jk=ea5116d3ebbf6924,
https://www.linkedin.com/jobs/view/4470126442,
https://www.linkedin.com/jobs/view/4434995718,
https://www.linkedin.com/jobs/view/4450766205,
https://www.linkedin.com/jobs/view/4407464510,
https://www.linkedin.com/jobs/view/4470329232,
https://www.linkedin.com/jobs/view/4450832144,
https://www.indeed.com/viewjob?jk=47b47835a368925e,
https://www.indeed.com/viewjob?jk=86ffb0f17d480c2e,
https://www.linkedin.com/jobs/view/4469776469,
https://www.linkedin.com/jobs/view/4471880741,
https://www.linkedin.com/jobs/view/4443914765,
https://www.linkedin.com/jobs/view/4471872332,
https://www.linkedin.com/jobs/view/4471890370,
https://www.indeed.com/viewjob?jk=ecc0a8aab96abaf0,
https://www.indeed.com/viewjob?jk=0166f03eb3bae398,
https://www.indeed.com/viewjob?jk=91652fc017b4e4e4,
https://www.indeed.com/viewjob?jk=be94f11889d6062b,
https://www.indeed.com/viewjob?jk=a6e68cb5f55b71a4,
https://www.linkedin.com/jobs/view/4470320165,
https://www.linkedin.com/jobs/view/4471690400,
https://www.linkedin.com/jobs/view/4471846489,
https://www.linkedin.com/jobs/view/4426373321,
https://www.linkedin.com/jobs/view/4442958895,
https://www.linkedin.com/jobs/view/4471697154,
https://www.linkedin.com/jobs/view/4471870482,
https://www.linkedin.com/jobs/view/4470052114,
https://www.indeed.com/viewjob?jk=52b4670cb96bd149,
https://www.linkedin.com/jobs/view/4463177286,
https://www.indeed.com/viewjob?jk=563229bea35da289,
https://www.indeed.com/viewjob?jk=d8db3e1217336f10,
https://www.indeed.com/viewjob?jk=69c5a0c47cf0cf62,
https://www.linkedin.com/jobs/view/4463155685,
https://www.linkedin.com/jobs/view/4472021719,
https://www.indeed.com/viewjob?jk=fb02253f757d9bbe,
https://www.linkedin.com/jobs/view/4470040462,
https://www.linkedin.com/jobs/view/4470009996,
https://www.linkedin.com/jobs/view/4453382606,
https://www.linkedin.com/jobs/view/4444469760,
https://www.indeed.com/viewjob?jk=4bd47e8e6033538a,
https://www.linkedin.com/jobs/view/4407471589,
https://www.linkedin.com/jobs/view/4425632660,
https://www.linkedin.com/jobs/view/4390630277,
https://www.linkedin.com/jobs/view/4460431140,
https://www.linkedin.com/jobs/view/4470090234,
https://www.indeed.com/viewjob?jk=42bd4d2449a2e932,
https://www.linkedin.com/jobs/view/4471846556,
https://www.linkedin.com/jobs/view/4472011146,
https://www.linkedin.com/jobs/view/4471677666,
https://www.indeed.com/viewjob?jk=a7796b2c4f1d3edb,
https://www.indeed.com/viewjob?jk=1b034cf01f3e07e5,
https://www.linkedin.com/jobs/view/4463176079,
https://www.linkedin.com/jobs/view/4470607829,
https://www.linkedin.com/jobs/view/4469769962,
https://www.linkedin.com/jobs/view/4471673767,
https://www.linkedin.com/jobs/view/4442962759,
https://www.linkedin.com/jobs/view/4471878188,
https://www.indeed.com/viewjob?jk=02af69c32b159b4f,
https://www.linkedin.com/jobs/view/4471668529,
https://www.linkedin.com/jobs/view/4470183128,
https://www.indeed.com/viewjob?jk=446b92719ac356f8,
https://www.linkedin.com/jobs/view/4471670955,
https://www.indeed.com/viewjob?jk=ead71c3f42012f61,
https://www.indeed.com/viewjob?jk=7223ca659c51ee3d,
https://www.indeed.com/viewjob?jk=554c99542621c220,
https://www.linkedin.com/jobs/view/4470021836,
https://www.linkedin.com/jobs/view/4472032421,
https://www.indeed.com/viewjob?jk=14bcb53e71d3b146,
https://www.linkedin.com/jobs/view/4471837363,
https://www.linkedin.com/jobs/view/4469791244,
https://www.linkedin.com/jobs/view/4453399229,
https://www.linkedin.com/jobs/view/4470039899,
https://www.linkedin.com/jobs/view/4443964026,
https://www.linkedin.com/jobs/view/4471698435,
https://www.linkedin.com/jobs/view/4470119891,
https://www.linkedin.com/jobs/view/4469788415,
https://www.linkedin.com/jobs/view/4453358587,
https://www.linkedin.com/jobs/view/4438445023,
https://www.linkedin.com/jobs/view/4470175999,
https://www.indeed.com/viewjob?jk=83f6f2859b218682,
https://www.indeed.com/viewjob?jk=62972ed982eba926,
https://www.indeed.com/viewjob?jk=461e9d2e2fc66774,
https://www.linkedin.com/jobs/view/4471675714,
https://www.linkedin.com/jobs/view/4470307920,
https://www.linkedin.com/jobs/view/4470062140,
https://www.linkedin.com/jobs/view/4471684596,
https://www.linkedin.com/jobs/view/4470106049,
https://www.linkedin.com/jobs/view/4471894701,
https://www.indeed.com/viewjob?jk=362f689c4f55b3cc,
https://www.indeed.com/viewjob?jk=9e50032462c5b224,
https://www.linkedin.com/jobs/view/4470037282,
https://www.indeed.com/viewjob?jk=e51096570ca12df3,
https://www.linkedin.com/jobs/view/4471691758,
https://www.indeed.com/viewjob?jk=e970d93a7f5524da,
https://www.indeed.com/viewjob?jk=b7f5da2e96667b79,
https://www.linkedin.com/jobs/view/4470336375,
https://www.indeed.com/viewjob?jk=c6410dde6c83b7dd,
https://www.linkedin.com/jobs/view/4472036984,
https://www.indeed.com/viewjob?jk=76e0f817f3028b84,
https://www.linkedin.com/jobs/view/4471809058,
https://www.indeed.com/viewjob?jk=6a9f2f11fc54a235,
https://www.indeed.com/viewjob?jk=947af76e2b9a213e,
https://www.linkedin.com/jobs/view/4470028282,
https://www.linkedin.com/jobs/view/4471697465,
https://www.linkedin.com/jobs/view/4450177847,
https://www.indeed.com/viewjob?jk=1d434ba5f7315da1,
https://www.indeed.com/viewjob?jk=99c73eb2d1f34c4c,
https://www.linkedin.com/jobs/view/4471681430,
https://www.linkedin.com/jobs/view/4471676442,
https://www.linkedin.com/jobs/view/4461377477,
https://www.indeed.com/viewjob?jk=ff8309c844a90f45,
https://www.linkedin.com/jobs/view/4471804338,
https://www.linkedin.com/jobs/view/4463199200,
https://www.indeed.com/viewjob?jk=6b05b02cc246601f,
https://www.indeed.com/viewjob?jk=b9f92a6e4efcd4f7,
https://www.linkedin.com/jobs/view/4462847893,
https://www.indeed.com/viewjob?jk=25d52365c7368e5d,
https://www.linkedin.com/jobs/view/4469765983,
https://www.indeed.com/viewjob?jk=df759aeee6fad73c,
https://www.indeed.com/viewjob?jk=acda0d840f252acd,
https://www.linkedin.com/jobs/view/4470140510,
https://www.indeed.com/viewjob?jk=4caafb62ae37b667,
https://www.indeed.com/viewjob?jk=ab260befffc8e4cc,
https://www.linkedin.com/jobs/view/4470056468,
https://www.indeed.com/viewjob?jk=740e61113a337c5c,
https://www.indeed.com/viewjob?jk=c1eeb48f37318fe8,
https://www.linkedin.com/jobs/view/4417016117,
https://www.linkedin.com/jobs/view/4470310591,
https://www.linkedin.com/jobs/view/4470003988,
https://www.linkedin.com/jobs/view/4472295228,
https://www.indeed.com/viewjob?jk=85b25c4be086a24a,
https://www.indeed.com/viewjob?jk=7671a981b7d1a463,
https://www.linkedin.com/jobs/view/4426148833,
https://www.linkedin.com/jobs/view/4470765990,
https://www.linkedin.com/jobs/view/4470370311,
https://www.indeed.com/viewjob?jk=585838eb1c510275,
https://www.indeed.com/viewjob?jk=47501f6038100d00,
https://www.linkedin.com/jobs/view/4470501229,
https://www.linkedin.com/jobs/view/4470515337,
https://www.indeed.com/viewjob?jk=0d935e3aa37e2157,
https://www.linkedin.com/jobs/view/4470521365,
https://www.indeed.com/viewjob?jk=a1ec283e7dea1601,
https://www.linkedin.com/jobs/view/4465305281,
https://www.linkedin.com/jobs/view/4472201467,
https://www.linkedin.com/jobs/view/4472083195,
https://www.linkedin.com/jobs/view/4472057725,
https://www.linkedin.com/jobs/view/4472076540,
https://www.linkedin.com/jobs/view/4434391072,
https://www.linkedin.com/jobs/view/4472232437,
https://www.indeed.com/viewjob?jk=d71a3d9454517f0b,
https://www.linkedin.com/jobs/view/4461674956,
https://www.indeed.com/viewjob?jk=a39dbf4bbf193b02,
https://www.indeed.com/viewjob?jk=80d6bc35fccc5564,
https://www.indeed.com/viewjob?jk=43311fa42b8a14bb,
https://www.linkedin.com/jobs/view/4470533404,
https://www.linkedin.com/jobs/view/4444006514,
https://www.indeed.com/viewjob?jk=9cb21b88b107547c,
https://www.indeed.com/viewjob?jk=fd956bc19d2baf80,
https://www.indeed.com/viewjob?jk=35f0c01ce2e60ef7,
https://www.indeed.com/viewjob?jk=e132653e4b07925f,
https://www.indeed.com/viewjob?jk=7041c28fc3a44e20,
https://www.indeed.com/viewjob?jk=25abcf4dfcf2b54a,
https://www.linkedin.com/jobs/view/4472213552,
https://www.indeed.com/viewjob?jk=1c75a3e0cd2d3de9,
https://www.indeed.com/viewjob?jk=30ebf8394a04edc9,
https://www.linkedin.com/jobs/view/4472075236,
https://www.linkedin.com/jobs/view/4472081860,
https://www.indeed.com/viewjob?jk=8b7a1bd8af02f9dc,
https://www.linkedin.com/jobs/view/4435115148,
https://www.linkedin.com/jobs/view/4472289180,
https://www.indeed.com/viewjob?jk=c36db9a3907ffc26,
https://www.linkedin.com/jobs/view/4472078757,
https://www.linkedin.com/jobs/view/4472091583,
https://www.linkedin.com/jobs/view/4470567295,
https://www.indeed.com/viewjob?jk=e4b9ba37cbe060f4,
https://www.linkedin.com/jobs/view/4470557514,
https://www.linkedin.com/jobs/view/4470571468,
https://www.linkedin.com/jobs/view/4453237135,
https://www.linkedin.com/jobs/view/4444491159,
https://www.indeed.com/viewjob?jk=8720909b23307119,
https://www.linkedin.com/jobs/view/4472405125,
https://www.linkedin.com/jobs/view/4472072898,
https://www.linkedin.com/jobs/view/4470521096,
https://www.linkedin.com/jobs/view/4463396475,
https://www.indeed.com/viewjob?jk=1e18ae52f184a167,
https://www.linkedin.com/jobs/view/4470717955,
https://www.linkedin.com/jobs/view/4463669373,
https://www.indeed.com/viewjob?jk=d34e470973e91478,
https://www.linkedin.com/jobs/view/4472269152,
https://www.indeed.com/viewjob?jk=95dab816de86b594,
https://www.linkedin.com/jobs/view/4453256039,
https://www.linkedin.com/jobs/view/4470781089,
https://www.indeed.com/viewjob?jk=8a5b34d6f4ce176e,
https://www.linkedin.com/jobs/view/4470500736,
https://www.indeed.com/viewjob?jk=7b9394c873da6ea6,
https://www.indeed.com/viewjob?jk=e98b978975404f6c,
https://www.indeed.com/viewjob?jk=31b41eefc9a57a07,
https://www.indeed.com/viewjob?jk=5dd9f6d7652d86e1,
https://www.indeed.com/viewjob?jk=c4aefc26fb898c7c,
https://www.linkedin.com/jobs/view/4454800309,
https://www.linkedin.com/jobs/view/4472042904,
https://www.indeed.com/viewjob?jk=ce29813b2f72ef49,
https://www.linkedin.com/jobs/view/4470700789,
https://www.linkedin.com/jobs/view/4470525066,
https://www.linkedin.com/jobs/view/4472094420,
https://www.linkedin.com/jobs/view/4472096845,
https://www.indeed.com/viewjob?jk=25cf999a0aa948c9,
https://www.linkedin.com/jobs/view/4470708636,
https://www.linkedin.com/jobs/view/4453238805,
https://www.indeed.com/viewjob?jk=31f9d5ab12e7871b,
https://www.indeed.com/viewjob?jk=93c97ee05f82c6a5,
https://www.linkedin.com/jobs/view/4447063141,
https://www.linkedin.com/jobs/view/4472222571,
https://www.linkedin.com/jobs/view/4472284079,
https://www.linkedin.com/jobs/view/4472277523,
https://www.indeed.com/viewjob?jk=c8baa22e9e1e873d,
https://www.linkedin.com/jobs/view/4472085989,
https://www.linkedin.com/jobs/view/4463132485,
https://www.indeed.com/viewjob?jk=e43b798e57c62a81,
https://www.linkedin.com/jobs/view/4470195674,
https://www.linkedin.com/jobs/view/4472212492,
https://www.linkedin.com/jobs/view/4471044557,
https://www.linkedin.com/jobs/view/4454319608,
https://www.linkedin.com/jobs/view/4472088991,
https://www.indeed.com/viewjob?jk=3dfbb973de1255bd,
https://www.linkedin.com/jobs/view/4434363514,
https://www.linkedin.com/jobs/view/4470363285,
https://www.linkedin.com/jobs/view/4451241227,
https://www.indeed.com/viewjob?jk=a73076d7804ec433,
https://www.indeed.com/viewjob?jk=6fff4da81fdb9837,
https://www.linkedin.com/jobs/view/4444031331,
https://www.linkedin.com/jobs/view/4463702118,
https://www.indeed.com/viewjob?jk=5c815b6eb42fbff3,
https://www.linkedin.com/jobs/view/4462320804,
https://www.linkedin.com/jobs/view/4470505669,
https://www.indeed.com/viewjob?jk=23c831c5784199e7,
https://www.linkedin.com/jobs/view/4472234454,
https://www.indeed.com/viewjob?jk=c2eecc6397d65335,
https://www.indeed.com/viewjob?jk=b9b7c8e3a0302fbd,
https://www.linkedin.com/jobs/view/4461941191,
https://www.linkedin.com/jobs/view/4463170969,
https://www.linkedin.com/jobs/view/4345698231,
https://www.indeed.com/viewjob?jk=5290f604b4dcfffd,
https://www.linkedin.com/jobs/view/4451909599,
https://www.indeed.com/viewjob?jk=ee6267178d184b5c,
https://www.indeed.com/viewjob?jk=5be24ffeb9ea2682,
https://www.indeed.com/viewjob?jk=4fb20a82dd8ca001,
https://www.indeed.com/viewjob?jk=c999d8daba517e0c,
https://www.linkedin.com/jobs/view/4472241525,
https://www.linkedin.com/jobs/view/4472206071,
https://www.indeed.com/viewjob?jk=c7f92757852cf608,
https://www.linkedin.com/jobs/view/4472245573,
https://www.linkedin.com/jobs/view/4472256828,
https://www.indeed.com/viewjob?jk=df71167428027070,
https://www.indeed.com/viewjob?jk=c93f66c0d83a5d16,
https://www.linkedin.com/jobs/view/4472207580,
https://www.indeed.com/viewjob?jk=2857db00292c0f03,
https://www.linkedin.com/jobs/view/4471046426,
https://www.indeed.com/viewjob?jk=42ee8d369663e6df,
https://www.linkedin.com/jobs/view/4472078017,
https://www.linkedin.com/jobs/view/4470769412,
https://www.linkedin.com/jobs/view/4472239118,
https://www.linkedin.com/jobs/view/4472086402,
https://www.linkedin.com/jobs/view/4472203726,
https://www.linkedin.com/jobs/view/4472225183,
https://www.indeed.com/viewjob?jk=d1275a7b8dc8d482,
https://www.indeed.com/viewjob?jk=ff16cd4a591a128b,
https://www.linkedin.com/jobs/view/4470703391,
https://www.indeed.com/viewjob?jk=e05e4fbb126a045a,
https://www.indeed.com/viewjob?jk=7ee39505e4325f30,
https://www.indeed.com/viewjob?jk=2e8121b8c05bfaad,
https://www.linkedin.com/jobs/view/4470714485,
https://www.linkedin.com/jobs/view/4454841745,
https://www.indeed.com/viewjob?jk=41d6f651b851824f,
https://www.linkedin.com/jobs/view/4444390846,
https://www.linkedin.com/jobs/view/4454351987,
https://www.linkedin.com/jobs/view/4472243574,
https://www.indeed.com/viewjob?jk=1375bbe153797170,
https://www.linkedin.com/jobs/view/4472084865,
https://www.linkedin.com/jobs/view/4453703131,
https://www.linkedin.com/jobs/view/4472285047,
https://www.linkedin.com/jobs/view/4472211525,
https://www.linkedin.com/jobs/view/4427642073,
https://www.indeed.com/viewjob?jk=42e7200c60c7e9d5,
https://www.indeed.com/viewjob?jk=eb1b08c13f630789,
https://www.linkedin.com/jobs/view/4472072118,
https://www.indeed.com/viewjob?jk=008348f031f1c1bb,
https://www.indeed.com/viewjob?jk=f39598bd4c78ba71,
https://www.linkedin.com/jobs/view/4470704778,
https://www.linkedin.com/jobs/view/4472263367,
https://www.indeed.com/viewjob?jk=982313e6af274a2b,
https://www.indeed.com/viewjob?jk=2eab24a8e79964b7,
https://www.indeed.com/viewjob?jk=8748a8af79e1c4c1,
https://www.linkedin.com/jobs/view/4472262561,
https://www.linkedin.com/jobs/view/4472097939,
https://www.indeed.com/viewjob?jk=482202b67888d546,
https://www.indeed.com/viewjob?jk=de4f96deb1d94e6e,
https://www.linkedin.com/jobs/view/4470761280,
https://www.linkedin.com/jobs/view/4441067016,
https://www.linkedin.com/jobs/view/4470554256,
https://www.linkedin.com/jobs/view/4470510355,
https://www.indeed.com/viewjob?jk=e42f56e3d1755aa7,
https://www.indeed.com/viewjob?jk=e3b5283cd58a474b,
https://www.indeed.com/viewjob?jk=715d99b4660802bc,
https://www.linkedin.com/jobs/view/4470371331,
https://www.linkedin.com/jobs/view/4454564650,
https://www.indeed.com/viewjob?jk=5a7451ccd2c368df,
https://www.indeed.com/viewjob?jk=c9c167a474c9a104,
https://www.indeed.com/viewjob?jk=059a21b88b97e921,
https://www.linkedin.com/jobs/view/4470704077,
https://www.indeed.com/viewjob?jk=e5d3ab6951ad4aef,
https://www.indeed.com/viewjob?jk=a48f8c858e859983,
https://www.linkedin.com/jobs/view/4471125390,
https://www.linkedin.com/jobs/view/4435340505,
https://www.linkedin.com/jobs/view/4472204958,
https://www.linkedin.com/jobs/view/4470731517,
https://www.indeed.com/viewjob?jk=a87bd05d5a4ed757,
https://www.indeed.com/viewjob?jk=573c173344d4a9d5,
https://www.linkedin.com/jobs/view/4462339114,
https://www.indeed.com/viewjob?jk=3c78f5f0475f5f7a,
https://www.indeed.com/viewjob?jk=f1877251cecbac6b,
https://www.linkedin.com/jobs/view/4472209892,
https://www.indeed.com/viewjob?jk=a52b6bd3530e92bc,
https://www.indeed.com/viewjob?jk=612812395e8caca3,
https://www.indeed.com/viewjob?jk=f0589ecabe9b6a7d,
https://www.indeed.com/viewjob?jk=222579a03cdf5618,
https://www.linkedin.com/jobs/view/4472047997,
https://www.linkedin.com/jobs/view/4472222874,
https://www.linkedin.com/jobs/view/4472079759,
https://www.linkedin.com/jobs/view/4463777466,
https://www.indeed.com/viewjob?jk=223c56175a84b3fc,
https://www.indeed.com/viewjob?jk=1570eacf21384c02,
https://www.linkedin.com/jobs/view/4472220243,
https://www.indeed.com/viewjob?jk=e0f8f5322fb9517a,
https://www.linkedin.com/jobs/view/4472092171,
https://www.linkedin.com/jobs/view/4472200798,
https://www.indeed.com/viewjob?jk=3e7812c163a989ee,
https://www.indeed.com/viewjob?jk=809d74cde8cd1e91,
https://www.linkedin.com/jobs/view/4472227117,
https://www.indeed.com/viewjob?jk=90810cded777308f,
https://www.indeed.com/viewjob?jk=bb3f974d30cdf312,
https://www.linkedin.com/jobs/view/4472287228,
https://www.indeed.com/viewjob?jk=986e0cd967904817,
https://www.linkedin.com/jobs/view/4451236879,
https://www.linkedin.com/jobs/view/4470389409,
https://www.linkedin.com/jobs/view/4472061170,
https://www.linkedin.com/jobs/view/4470190736,
https://www.linkedin.com/jobs/view/4433133804,
https://www.linkedin.com/jobs/view/4470724258,
https://www.indeed.com/viewjob?jk=532a58d9947285db,
https://www.indeed.com/viewjob?jk=d8f5b447a23b6e94,
https://www.linkedin.com/jobs/view/4470784128,
https://www.linkedin.com/jobs/view/4463657056,
https://www.indeed.com/viewjob?jk=a3ffe3b2e2bf7460,
https://www.indeed.com/viewjob?jk=1e6026643bafec41,
https://www.indeed.com/viewjob?jk=fa2888eb7eaaff68,
https://www.linkedin.com/jobs/view/4450408257,
https://www.linkedin.com/jobs/view/4461935336,
https://www.indeed.com/viewjob?jk=e2a33ec4b4b30f42,
https://www.linkedin.com/jobs/view/4470546239,
https://www.linkedin.com/jobs/view/4472230572,
https://www.linkedin.com/jobs/view/4471020805,
https://www.linkedin.com/jobs/view/4464837096,
https://www.linkedin.com/jobs/view/4444246328,
https://www.indeed.com/viewjob?jk=ebe1a6b394219e9b,
https://www.indeed.com/viewjob?jk=18c2aabcca385327,
https://www.linkedin.com/jobs/view/4443426510,
https://www.linkedin.com/jobs/view/4470733109,
https://www.indeed.com/viewjob?jk=5a42ea5785251406,
https://www.linkedin.com/jobs/view/4443929605,
https://www.linkedin.com/jobs/view/4470190642,
https://www.linkedin.com/jobs/view/4463669698,
https://www.linkedin.com/jobs/view/4470752343,
https://www.indeed.com/viewjob?jk=23862309d8cb93a8,
https://www.linkedin.com/jobs/view/4472083122,
https://www.linkedin.com/jobs/view/4444963947,
https://www.indeed.com/viewjob?jk=a3e8331a8022b8d7,
https://www.linkedin.com/jobs/view/4470195290,
https://www.linkedin.com/jobs/view/4472246532,
https://www.indeed.com/viewjob?jk=bd58b42dbb401918,
https://www.linkedin.com/jobs/view/4472084700,
https://www.linkedin.com/jobs/view/4472283524,
https://www.indeed.com/viewjob?jk=6c82843c49fee590,
https://www.linkedin.com/jobs/view/4453249721,
https://www.linkedin.com/jobs/view/4451244942,
https://www.linkedin.com/jobs/view/4461197448,
https://www.indeed.com/viewjob?jk=0742ea04634c8a24,
https://www.linkedin.com/jobs/view/4470510093,
https://www.linkedin.com/jobs/view/4454070235,
https://www.linkedin.com/jobs/view/4472083137,
https://www.linkedin.com/jobs/view/4472209448,
https://www.indeed.com/viewjob?jk=26d5cd1b013c0ebe,
https://www.indeed.com/viewjob?jk=b918a31f75122fa9,
https://www.linkedin.com/jobs/view/4472205561,
https://www.indeed.com/viewjob?jk=f4b289a7754f4998,
https://www.linkedin.com/jobs/view/4472212585,
https://www.linkedin.com/jobs/view/4472219009,
https://www.indeed.com/viewjob?jk=5bcf5b66aa46a15b,
https://www.indeed.com/viewjob?jk=2538d063960a7337,
https://www.linkedin.com/jobs/view/4470569003,
https://www.indeed.com/viewjob?jk=d789b23bd759021c,
https://www.indeed.com/viewjob?jk=98c0dae0a0d2e7ac,
https://www.indeed.com/viewjob?jk=7f185c11772e0fff,
https://www.linkedin.com/jobs/view/4472095607,
https://www.indeed.com/viewjob?jk=56b85f3ccd9a4af5,
https://www.indeed.com/viewjob?jk=c7db41d6c833bb05,
https://www.linkedin.com/jobs/view/4472047992,
https://www.linkedin.com/jobs/view/4444613232,
https://www.linkedin.com/jobs/view/4472252477,
https://www.indeed.com/viewjob?jk=2b1cfead2e65560b,
https://www.indeed.com/viewjob?jk=477a299aeb6d5910,
https://www.linkedin.com/jobs/view/4444602402,
https://www.linkedin.com/jobs/view/4441087172,
https://www.linkedin.com/jobs/view/4454586352,
https://www.linkedin.com/jobs/view/4463390827,
https://www.linkedin.com/jobs/view/4472097486,
https://www.linkedin.com/jobs/view/4444714947,
https://www.indeed.com/viewjob?jk=fbfef7662b82c67f,
https://www.linkedin.com/jobs/view/4470711083,
https://www.linkedin.com/jobs/view/4451290204,
https://www.linkedin.com/jobs/view/4472235423,
https://www.indeed.com/viewjob?jk=ccefe874a1665d3c,
https://www.indeed.com/viewjob?jk=85fef5cb538a4d35,
https://www.linkedin.com/jobs/view/4470716238,
https://www.linkedin.com/jobs/view/4472202699,
https://www.indeed.com/viewjob?jk=ea26f35775e51883,
https://www.indeed.com/viewjob?jk=241292ff452fb69c,
https://www.linkedin.com/jobs/view/4453246040,
https://www.linkedin.com/jobs/view/4461992002,
https://www.linkedin.com/jobs/view/4462327286,
https://www.linkedin.com/jobs/view/4470778106,
https://www.linkedin.com/jobs/view/4472223232,
https://www.linkedin.com/jobs/view/4463675172,
https://www.linkedin.com/jobs/view/4472060003,
https://www.indeed.com/viewjob?jk=8642a273c3619cb5,
https://www.indeed.com/viewjob?jk=ab5eb98e0ce24eca,
https://www.indeed.com/viewjob?jk=02ef4baa368ddac6,
https://www.linkedin.com/jobs/view/4470776484,
https://www.linkedin.com/jobs/view/4470198554,
https://www.linkedin.com/jobs/view/4470702671,
https://www.indeed.com/viewjob?jk=974748fb72607e7e,
https://www.linkedin.com/jobs/view/4472098169,
https://www.indeed.com/viewjob?jk=92d65db77e42d7e7,
https://www.indeed.com/viewjob?jk=bb68a08d4cbb2b98,
https://www.linkedin.com/jobs/view/4454315216,
https://www.linkedin.com/jobs/view/4472088482,
https://www.linkedin.com/jobs/view/4472258826,
https://www.indeed.com/viewjob?jk=3da0e8e38fd60851,
https://www.indeed.com/viewjob?jk=ac461818955cafd5,
https://www.indeed.com/viewjob?jk=d1338af32e6a4ea2,
https://www.linkedin.com/jobs/view/4453351327,
https://www.indeed.com/viewjob?jk=83d50642c2442ae8,
https://www.linkedin.com/jobs/view/4472204826,
https://www.indeed.com/viewjob?jk=03ed7a7cc7cac21c,
https://www.linkedin.com/jobs/view/4472236580,
https://www.linkedin.com/jobs/view/4462323948,
https://www.linkedin.com/jobs/view/4435891756,
https://www.linkedin.com/jobs/view/4463662768,
https://www.linkedin.com/jobs/view/4453628190,
https://www.linkedin.com/jobs/view/4470387929,
https://www.linkedin.com/jobs/view/4461199786,
https://www.indeed.com/viewjob?jk=a3f0856290eeae38,
https://www.indeed.com/viewjob?jk=b206fed103808679,
https://www.linkedin.com/jobs/view/4454089622,
https://www.linkedin.com/jobs/view/4470373950,
https://www.linkedin.com/jobs/view/4470192170,
https://www.linkedin.com/jobs/view/4470188825,
https://www.indeed.com/viewjob?jk=da8bda883301b3fc,
https://www.linkedin.com/jobs/view/4472083837,
https://www.linkedin.com/jobs/view/4470734105,
https://www.linkedin.com/jobs/view/4441843709,
https://www.indeed.com/viewjob?jk=4f55e339e30ed6a1,
https://www.linkedin.com/jobs/view/4472209809,
https://www.linkedin.com/jobs/view/4470727763,
https://www.indeed.com/viewjob?jk=adee09fc7660caf2,
https://www.linkedin.com/jobs/view/4472058896,
https://www.linkedin.com/jobs/view/4461402668,
https://www.linkedin.com/jobs/view/4472257044,
https://www.linkedin.com/jobs/view/4472254170,
https://www.linkedin.com/jobs/view/4427635127,
https://www.indeed.com/viewjob?jk=10db2d8c4f644ad6,
https://www.linkedin.com/jobs/view/4433125121,
https://www.indeed.com/viewjob?jk=c61bfa54b9c51679,
https://www.linkedin.com/jobs/view/4454554624,
https://www.indeed.com/viewjob?jk=554234381927446e,
https://www.indeed.com/viewjob?jk=134db7318f28f861,
https://www.indeed.com/viewjob?jk=8cac1bfe1d56d8a0,
https://www.linkedin.com/jobs/view/4471301161,
https://www.linkedin.com/jobs/view/4408555274,
https://www.linkedin.com/jobs/view/4461822431,
https://www.indeed.com/viewjob?jk=fd8d48c2433730cf,
https://www.indeed.com/viewjob?jk=0106013df066e23f,
https://www.linkedin.com/jobs/view/4444313069,
https://www.linkedin.com/jobs/view/4471084988,
https://www.linkedin.com/jobs/view/4445230594,
https://www.linkedin.com/jobs/view/4469712547,
https://www.linkedin.com/jobs/view/4472440609,
https://www.linkedin.com/jobs/view/4470595762,
https://www.linkedin.com/jobs/view/4445241740,
https://www.linkedin.com/jobs/view/4445205244,
https://www.indeed.com/viewjob?jk=0a575dd6bee1237c,
https://www.linkedin.com/jobs/view/4315859595,
https://www.indeed.com/viewjob?jk=8995ac00ba7b8acf,
https://www.linkedin.com/jobs/view/4472433684,
https://www.linkedin.com/jobs/view/4472430600,
https://www.linkedin.com/jobs/view/4428169881,
https://www.linkedin.com/jobs/view/4429381656,
https://www.linkedin.com/jobs/view/4471095182,
https://www.linkedin.com/jobs/view/4471071862,
https://www.linkedin.com/jobs/view/4441850853,
https://www.linkedin.com/jobs/view/4472441722,
https://www.indeed.com/viewjob?jk=9169b9b1e3d1939a,
https://www.linkedin.com/jobs/view/4472400588,
https://www.indeed.com/viewjob?jk=affae3385cbc41b0,
https://www.indeed.com/viewjob?jk=c309adf62c35c3f6,
https://www.linkedin.com/jobs/view/4442362030,
https://www.indeed.com/viewjob?jk=3e2a930e7a420e8f,
https://www.indeed.com/viewjob?jk=1af4eedf86ce42c7,
https://www.linkedin.com/jobs/view/4463392773,
https://www.linkedin.com/jobs/view/4382527480,
https://www.indeed.com/viewjob?jk=54e47cebccdf4ee8,
https://www.indeed.com/viewjob?jk=1988996420068864,
https://www.linkedin.com/jobs/view/4470575419,
https://www.linkedin.com/jobs/view/4471083859,
https://www.indeed.com/viewjob?jk=5c91ca67ec4c6007,
https://www.indeed.com/viewjob?jk=d4ddb4955184b258,
https://www.indeed.com/viewjob?jk=4b31e3caac6e3ec7,
https://www.linkedin.com/jobs/view/4444494792,
https://www.linkedin.com/jobs/view/4444041529,
https://www.linkedin.com/jobs/view/4451226942,
https://www.indeed.com/viewjob?jk=12126e0e54c1fa43,
https://www.indeed.com/viewjob?jk=c5c5cf69272cd681,
https://www.linkedin.com/jobs/view/4426153625,
https://www.linkedin.com/jobs/view/4454572617,
https://www.linkedin.com/jobs/view/4472424890,
https://www.indeed.com/viewjob?jk=506cc33e754529e1,
https://www.linkedin.com/jobs/view/4462329922,
https://www.linkedin.com/jobs/view/4471064543,
https://www.linkedin.com/jobs/view/4419490952,
https://www.indeed.com/viewjob?jk=e80875087014ce8b,
https://www.linkedin.com/jobs/view/4451279691,
https://www.linkedin.com/jobs/view/4462318481,
https://www.indeed.com/viewjob?jk=f5fefc89c0f74935,
https://www.linkedin.com/jobs/view/4463629918,
https://www.indeed.com/viewjob?jk=665a0bfd90f4baa9,
https://www.indeed.com/viewjob?jk=c4d110d9617574c6,
https://www.indeed.com/viewjob?jk=f831b6d7efe8c24d,
https://www.linkedin.com/jobs/view/4472441073,
https://www.linkedin.com/jobs/view/4472450664,
https://www.indeed.com/viewjob?jk=55e2c6823b8fe332,
https://www.linkedin.com/jobs/view/4454807250,
https://www.indeed.com/viewjob?jk=a4ab0299b5d6d8cb,
https://www.linkedin.com/jobs/view/4416758547,
https://www.linkedin.com/jobs/view/4436387272,
https://www.indeed.com/viewjob?jk=fc64d6a349f0bf67,
https://www.indeed.com/viewjob?jk=28b3da12e6f56cf4,
https://www.linkedin.com/jobs/view/4394766573,
https://www.indeed.com/viewjob?jk=87111c76960b237e,
https://www.linkedin.com/jobs/view/4462305954,
https://www.linkedin.com/jobs/view/4444979376,
https://www.linkedin.com/jobs/view/4461816423,
https://www.linkedin.com/jobs/view/4462336273,
https://www.linkedin.com/jobs/view/4463721983,
https://www.linkedin.com/jobs/view/4466868929,
https://www.linkedin.com/jobs/view/4406679188,
https://www.linkedin.com/jobs/view/4426651815,
https://www.linkedin.com/jobs/view/4426363746,
https://www.indeed.com/viewjob?jk=c4441be4ee262240,
https://www.linkedin.com/jobs/view/4444968730,
https://www.indeed.com/viewjob?jk=8446fed5c23c68b2,
https://www.linkedin.com/jobs/view/4471085400,
https://www.linkedin.com/jobs/view/4435415868,
https://www.linkedin.com/jobs/view/4444653003,
https://www.linkedin.com/jobs/view/4468019497,
https://www.linkedin.com/jobs/view/4406716728,
https://www.linkedin.com/jobs/view/4461415009,
https://www.linkedin.com/jobs/view/4444279228,
https://www.linkedin.com/jobs/view/4445234407,
https://www.linkedin.com/jobs/view/4387185393,
https://www.linkedin.com/jobs/view/4325398678,
https://www.linkedin.com/jobs/view/4469589708,
https://www.linkedin.com/jobs/view/4461410759,
https://www.linkedin.com/jobs/view/4461241846,
https://www.indeed.com/viewjob?jk=e4a6516aa74e5836,
https://www.linkedin.com/jobs/view/4443453194,
https://www.linkedin.com/jobs/view/4471094078,
https://www.indeed.com/viewjob?jk=42ecdf41f8c0c96b,
https://www.indeed.com/viewjob?jk=9012e29f91e78562,
https://www.linkedin.com/jobs/view/4400308639,
https://www.linkedin.com/jobs/view/4424809133,
https://www.linkedin.com/jobs/view/4472462151,
https://www.linkedin.com/jobs/view/4453706225,
https://www.linkedin.com/jobs/view/4472428445,
https://www.linkedin.com/jobs/view/4471053543,
https://www.linkedin.com/jobs/view/4436783595,
https://www.linkedin.com/jobs/view/4416416818,
https://www.linkedin.com/jobs/view/4472283111,
https://www.linkedin.com/jobs/view/4454308863,
https://www.linkedin.com/jobs/view/4453723808,
https://www.linkedin.com/jobs/view/4472450513,
https://www.indeed.com/viewjob?jk=610b3ca758ec957b,
https://www.indeed.com/viewjob?jk=04ef77e003fcc103,
https://www.indeed.com/viewjob?jk=e4fee89a18b8d133,
https://www.indeed.com/viewjob?jk=66d2c10d42a1655c,
https://www.linkedin.com/jobs/view/4416734480,
https://www.indeed.com/viewjob?jk=49422a0b44af9be6,
https://www.linkedin.com/jobs/view/4471095435,
https://www.indeed.com/viewjob?jk=7d55a501fc68d234,
https://www.linkedin.com/jobs/view/4441852431,
https://www.linkedin.com/jobs/view/4472459158,
https://www.linkedin.com/jobs/view/4462649191,
https://www.linkedin.com/jobs/view/4471074462,
https://www.linkedin.com/jobs/view/4469350941,
https://www.linkedin.com/jobs/view/4472453641,
https://www.linkedin.com/jobs/view/4408003227,
https://www.linkedin.com/jobs/view/4427639105,
https://www.indeed.com/viewjob?jk=545301b6252fe7dc,
https://www.indeed.com/viewjob?jk=f26dd6b9c86d1f90,
https://www.indeed.com/viewjob?jk=d33d58b749c8291a,
https://www.linkedin.com/jobs/view/4235568776,
https://www.linkedin.com/jobs/view/4463708026,
https://www.indeed.com/viewjob?jk=d02c37e8b1dcd6c3,
https://www.linkedin.com/jobs/view/4461184692,
https://www.linkedin.com/jobs/view/4444041537,
https://www.linkedin.com/jobs/view/4398558409,
https://www.linkedin.com/jobs/view/4433125996,
https://www.linkedin.com/jobs/view/4471305089,
https://www.linkedin.com/jobs/view/4444051272,
https://www.linkedin.com/jobs/view/4444062046,
https://www.linkedin.com/jobs/view/4471081255,
https://www.indeed.com/viewjob?jk=66acf44353f4d67d,
https://www.linkedin.com/jobs/view/4469760927,
https://www.linkedin.com/jobs/view/4384777856,
https://www.linkedin.com/jobs/view/4442167846,
https://www.indeed.com/viewjob?jk=f0a56f7844564dd9,
https://www.linkedin.com/jobs/view/4472461170,
https://www.linkedin.com/jobs/view/4454549160,
https://www.indeed.com/viewjob?jk=8a0df0c5bd136aba,
https://www.linkedin.com/jobs/view/4463668747,
https://www.indeed.com/viewjob?jk=55e937f449285771,
https://www.indeed.com/viewjob?jk=86b48660aada8c35,
https://www.indeed.com/viewjob?jk=5ebb51f7c0ec337d,
https://www.linkedin.com/jobs/view/4424842109,
https://www.indeed.com/viewjob?jk=c4f05bd1bec2db50,
https://www.linkedin.com/jobs/view/4444048333,
https://www.linkedin.com/jobs/view/4463776464,
https://www.linkedin.com/jobs/view/4453514808,
https://www.linkedin.com/jobs/view/4435427455,
https://www.linkedin.com/jobs/view/4472441850,
https://www.indeed.com/viewjob?jk=6905db794f0654d9,
https://www.indeed.com/viewjob?jk=5ba2c26c8a29e83c,
https://www.linkedin.com/jobs/view/4444758312,
https://www.linkedin.com/jobs/view/4432395963,
https://www.linkedin.com/jobs/view/4470815058,
https://www.linkedin.com/jobs/view/4368261634,
https://www.indeed.com/viewjob?jk=55c3e3c292c392c1,
https://www.indeed.com/viewjob?jk=3c7b09bf7faf8d3b,
https://www.linkedin.com/jobs/view/4472437958,
https://www.linkedin.com/jobs/view/4424805107,
https://www.indeed.com/viewjob?jk=039822617fa4a59c,
https://www.indeed.com/viewjob?jk=9965d52e50423162,
https://www.indeed.com/viewjob?jk=3058d78c7b34f829,
https://www.linkedin.com/jobs/view/4463680110,
https://www.linkedin.com/jobs/view/4461812503,
https://www.indeed.com/viewjob?jk=3a5c5aa853ccf5c2,
https://www.indeed.com/viewjob?jk=82606f173c0d8ecb,
https://www.linkedin.com/jobs/view/4444606374,
https://www.linkedin.com/jobs/view/4471091644,
https://www.linkedin.com/jobs/view/4426988724,
https://www.linkedin.com/jobs/view/4444969598,
https://www.linkedin.com/jobs/view/4444784196,
https://www.indeed.com/viewjob?jk=cec14c2ea868e72d,
https://www.indeed.com/viewjob?jk=87c43b2ec64e9988,
https://www.linkedin.com/jobs/view/4454808875,
https://www.linkedin.com/jobs/view/4472430936,
https://www.linkedin.com/jobs/view/4470562936,
https://www.linkedin.com/jobs/view/4471090727,
https://www.indeed.com/viewjob?jk=1df3460f87ccaf0d,
https://www.indeed.com/viewjob?jk=aaf9395b360d2afa,
https://www.linkedin.com/jobs/view/4470564903,
https://www.linkedin.com/jobs/view/4444390847,
https://www.linkedin.com/jobs/view/4470575333,
https://www.linkedin.com/jobs/view/4443987108,
https://www.indeed.com/viewjob?jk=71c1410b93c1b202,
https://www.indeed.com/viewjob?jk=f877b7059225e838,
https://www.linkedin.com/jobs/view/4471060900,
https://www.linkedin.com/jobs/view/4470577756,
https://www.indeed.com/viewjob?jk=13f2cbc44b6aabed,
https://www.indeed.com/viewjob?jk=57e94eab98d580e4,
https://www.linkedin.com/jobs/view/4472408400,
https://www.linkedin.com/jobs/view/4454817751,
https://www.indeed.com/viewjob?jk=0d60d6de2ee3ecd6,
https://www.linkedin.com/jobs/view/4454878689,
https://www.linkedin.com/jobs/view/4461808488,
https://www.indeed.com/viewjob?jk=b3145c3327aff2b6,
https://www.linkedin.com/jobs/view/4444604361,
https://www.linkedin.com/jobs/view/4409062442,
https://www.linkedin.com/jobs/view/4471303191,
https://www.indeed.com/viewjob?jk=3fdd5bfe3198b186,
https://www.indeed.com/viewjob?jk=680bf1fc2e6e90e5,
https://www.indeed.com/viewjob?jk=0b133347e50a4b21,
https://www.linkedin.com/jobs/view/4435072015,
https://www.indeed.com/viewjob?jk=75fbce8a0e8394ed,
https://www.linkedin.com/jobs/view/4390633177,
https://www.linkedin.com/jobs/view/4454356908,
https://www.linkedin.com/jobs/view/4463666523,
https://www.linkedin.com/jobs/view/4463629598,
https://www.linkedin.com/jobs/view/4471097156,
https://www.indeed.com/viewjob?jk=aed79e626725dcd1,
https://www.indeed.com/viewjob?jk=bfffa0e58651d355,
https://www.linkedin.com/jobs/view/4463602911,
https://www.linkedin.com/jobs/view/4398933777,
https://www.linkedin.com/jobs/view/4460831088,
https://www.indeed.com/viewjob?jk=674a5e95ac5933d5,
https://www.indeed.com/viewjob?jk=c96f14b1e17b65fd,
https://www.linkedin.com/jobs/view/4453718986,
https://www.linkedin.com/jobs/view/4472430931,
https://www.indeed.com/viewjob?jk=95fa6fafbd1f8691,
https://www.indeed.com/viewjob?jk=2ee32058e290bd51,
https://www.indeed.com/viewjob?jk=8c2da8a16fe721fc,
https://www.linkedin.com/jobs/view/4398590295,
https://www.indeed.com/viewjob?jk=21c4b62831520f0b,
https://www.linkedin.com/jobs/view/4472401846,
https://www.indeed.com/viewjob?jk=735207b8a3f0cb2f,
https://www.linkedin.com/jobs/view/4472440316,
https://www.linkedin.com/jobs/view/4471046708,
https://www.linkedin.com/jobs/view/4451289075,
https://www.linkedin.com/jobs/view/4441855604,
https://www.linkedin.com/jobs/view/4470566900,
https://www.indeed.com/viewjob?jk=1f9c685a38a23d0f,
https://www.linkedin.com/jobs/view/4434071154,
https://www.indeed.com/viewjob?jk=b34568bb27d8767f,
https://www.indeed.com/viewjob?jk=f7a09b384d1b9c1a,
https://www.linkedin.com/jobs/view/4463647715,
https://www.linkedin.com/jobs/view/4471093081,
https://www.linkedin.com/jobs/view/4463660947,
https://www.indeed.com/viewjob?jk=a66560065d73b1f7,
https://www.linkedin.com/jobs/view/4407485307,
https://www.indeed.com/viewjob?jk=1f1e462debe30243,
https://www.linkedin.com/jobs/view/4444758501,
https://www.linkedin.com/jobs/view/4472294667,
https://www.indeed.com/viewjob?jk=d85b499c700123ba,
https://www.indeed.com/viewjob?jk=b57277eea732d2fa,
https://www.linkedin.com/jobs/view/4427108801,
https://www.linkedin.com/jobs/view/4471088325,
https://www.indeed.com/viewjob?jk=3648ce4169648012,
https://www.indeed.com/viewjob?jk=db8630db8030d31e,
https://www.indeed.com/viewjob?jk=87400eeef4554989,
https://www.linkedin.com/jobs/view/4433126564,
https://www.linkedin.com/jobs/view/4472444699,
https://www.linkedin.com/jobs/view/4400275053,
https://www.linkedin.com/jobs/view/4462335947,
https://www.linkedin.com/jobs/view/4470564819,
https://www.linkedin.com/jobs/view/4444978598,
https://www.linkedin.com/jobs/view/4454830371,
https://www.linkedin.com/jobs/view/4472444183,
https://www.linkedin.com/jobs/view/4454558992,
https://www.linkedin.com/jobs/view/4434073116,
https://www.linkedin.com/jobs/view/4472413311,
https://www.linkedin.com/jobs/view/4472401531,
https://www.indeed.com/viewjob?jk=b00e67f79df92ec0,
https://www.indeed.com/viewjob?jk=d29e21ac5f74a5c5,
https://www.linkedin.com/jobs/view/4470591349,
https://www.indeed.com/viewjob?jk=0f0a24e8eedb047e,
https://www.linkedin.com/jobs/view/4471321823,
https://www.linkedin.com/jobs/view/4470862020,
https://www.linkedin.com/jobs/view/4470868864,
https://www.indeed.com/viewjob?jk=16bc9fb25b3ca023,
https://www.linkedin.com/jobs/view/4472492983,
https://www.indeed.com/viewjob?jk=3e5e560138e4d30c,
https://www.linkedin.com/jobs/view/4472458611,
https://www.linkedin.com/jobs/view/4427964496,
https://www.indeed.com/viewjob?jk=fe1dde5e3dd0715d,
https://www.linkedin.com/jobs/view/4462911274,
https://www.indeed.com/viewjob?jk=7cb44ec26353e596,
https://www.linkedin.com/jobs/view/4467990376,
https://www.linkedin.com/jobs/view/4472490131,
https://www.linkedin.com/jobs/view/4445310829,
https://www.linkedin.com/jobs/view/4471330609,
https://www.linkedin.com/jobs/view/4428155542,
https://www.linkedin.com/jobs/view/4471396222,
https://www.indeed.com/viewjob?jk=5249cac271960676,
https://www.linkedin.com/jobs/view/4471319941,
https://www.linkedin.com/jobs/view/4470867625,
https://www.indeed.com/viewjob?jk=6536fd2643992c8d,
https://www.linkedin.com/jobs/view/4472748014,
https://www.linkedin.com/jobs/view/4470867649,
https://www.indeed.com/viewjob?jk=af59b5acdf656016,
https://www.linkedin.com/jobs/view/4470834119,
https://www.linkedin.com/jobs/view/4470850647,
https://www.indeed.com/viewjob?jk=25fd305123706a08,
https://www.linkedin.com/jobs/view/4472739486,
https://www.linkedin.com/jobs/view/4471304417,
https://www.linkedin.com/jobs/view/4471380637,
https://www.linkedin.com/jobs/view/4406431132,
https://www.indeed.com/viewjob?jk=f26c0fb2c5c789d0,
https://www.linkedin.com/jobs/view/4444398447,
https://www.linkedin.com/jobs/view/4470854196,
https://www.linkedin.com/jobs/view/4472480710,
https://www.linkedin.com/jobs/view/4444376253,
https://www.linkedin.com/jobs/view/4472489673,
https://www.linkedin.com/jobs/view/4471349049,
https://www.linkedin.com/jobs/view/4471099568,
https://www.linkedin.com/jobs/view/4472730516,
https://www.linkedin.com/jobs/view/4472734689,
https://www.indeed.com/viewjob?jk=25760ac2d3d21bd5,
https://www.linkedin.com/jobs/view/4470886135,
https://www.indeed.com/viewjob?jk=9f85da9f0272c1ea,
https://www.linkedin.com/jobs/view/4461816392,
https://www.indeed.com/viewjob?jk=f8c63e749dbceaa1,
https://www.indeed.com/viewjob?jk=35a4767a84bf79a7,
https://www.indeed.com/viewjob?jk=2eca362acf3f8cbd,
https://www.linkedin.com/jobs/view/4472722180,
https://www.linkedin.com/jobs/view/4471388557,
https://www.indeed.com/viewjob?jk=14056b313c511cd6,
https://www.linkedin.com/jobs/view/4470858957,
https://www.linkedin.com/jobs/view/4472472362,
https://www.indeed.com/viewjob?jk=ee93df11ccb3bc6e,
https://www.linkedin.com/jobs/view/4462070807,
https://www.indeed.com/viewjob?jk=16d23155aac1a969,
https://www.linkedin.com/jobs/view/4472475375,
https://www.linkedin.com/jobs/view/4470850194,
https://www.linkedin.com/jobs/view/4471097446,
https://www.indeed.com/viewjob?jk=f18916de0f6ca0fd,
https://www.indeed.com/viewjob?jk=5b03245ad8069c0c,
https://www.linkedin.com/jobs/view/4472730861,
https://www.linkedin.com/jobs/view/4472486933,
https://www.linkedin.com/jobs/view/4418465881,
https://www.linkedin.com/jobs/view/4472741273,
https://www.linkedin.com/jobs/view/4472705752,
https://www.linkedin.com/jobs/view/4471346839,
https://www.indeed.com/viewjob?jk=f7a5739d30dd44a3,
https://www.linkedin.com/jobs/view/4472733176,
https://www.indeed.com/viewjob?jk=1447fad85129eb61,
https://www.indeed.com/viewjob?jk=dc11874637f72bf9,
https://www.linkedin.com/jobs/view/4455975040,
https://www.linkedin.com/jobs/view/4436787397,
https://www.linkedin.com/jobs/view/4471391457,
https://www.indeed.com/viewjob?jk=358216e731f37701,
https://www.linkedin.com/jobs/view/4444600417,
https://www.indeed.com/viewjob?jk=3ce0ffc030a2ebc6,
https://www.indeed.com/viewjob?jk=916d8bd9a87485bb,
https://www.linkedin.com/jobs/view/4470819942,
https://www.linkedin.com/jobs/view/4472493011,
https://www.indeed.com/viewjob?jk=3d35fd5280c1f31d,
https://www.linkedin.com/jobs/view/4471385673,
https://www.linkedin.com/jobs/view/4472708674,
https://www.linkedin.com/jobs/view/4445242121,
https://www.linkedin.com/jobs/view/4471305293,
https://www.linkedin.com/jobs/view/4384783444,
https://www.linkedin.com/jobs/view/4470876329,
https://www.linkedin.com/jobs/view/4442347972,
https://www.linkedin.com/jobs/view/4406680209,
https://www.indeed.com/viewjob?jk=602a4cb89f09c98b,
https://www.linkedin.com/jobs/view/4444981391,
https://www.linkedin.com/jobs/view/4471330655,
https://www.indeed.com/viewjob?jk=b201504a319dc833,
https://www.indeed.com/viewjob?jk=998c139cce2716ca,
https://www.linkedin.com/jobs/view/4472456709,
https://www.indeed.com/viewjob?jk=001887b2535f8038,
https://www.indeed.com/viewjob?jk=5ef719554f8c090b,
https://www.linkedin.com/jobs/view/4442373001,
https://www.indeed.com/viewjob?jk=e9970cd188195a01,
https://www.linkedin.com/jobs/view/4428106475,
https://www.linkedin.com/jobs/view/4470839848,
https://www.linkedin.com/jobs/view/4472709642,
https://www.indeed.com/viewjob?jk=98a68ca4eb2908dc,
https://www.linkedin.com/jobs/view/4471507004,
https://www.linkedin.com/jobs/view/4451282540,
https://www.linkedin.com/jobs/view/4471392583,
https://www.linkedin.com/jobs/view/4387754991,
https://www.linkedin.com/jobs/view/4444658004,
https://www.linkedin.com/jobs/view/4416726483,
https://www.indeed.com/viewjob?jk=e9fadd67c5d6b60a,
https://www.linkedin.com/jobs/view/4465943589,
https://www.indeed.com/viewjob?jk=c1421f1429da2c29,
https://www.linkedin.com/jobs/view/4470867683,
https://www.linkedin.com/jobs/view/4471303441,
https://www.linkedin.com/jobs/view/4429125886,
https://www.linkedin.com/jobs/view/4471306675,
https://www.linkedin.com/jobs/view/4471310302,
https://www.linkedin.com/jobs/view/4396326529,
https://www.linkedin.com/jobs/view/4466113613,
https://www.indeed.com/viewjob?jk=6b130010ecd9a37a,
https://www.indeed.com/viewjob?jk=960abd19ab136dcb,
https://www.linkedin.com/jobs/view/4472454902,
https://www.linkedin.com/jobs/view/4472735602,
https://www.linkedin.com/jobs/view/4442364006,
https://www.linkedin.com/jobs/view/4472477956,
https://www.indeed.com/viewjob?jk=9c3fc964d25b741c,
https://www.linkedin.com/jobs/view/4470851604,
https://www.linkedin.com/jobs/view/4406725191,
https://www.linkedin.com/jobs/view/4417182007,
https://www.indeed.com/viewjob?jk=eaef49e7a6b85dae,
https://www.linkedin.com/jobs/view/4470847448,
https://www.indeed.com/viewjob?jk=8caddfdbe0e7a9b2,
https://www.linkedin.com/jobs/view/4472458508,
https://www.indeed.com/viewjob?jk=43b9735da92ab901,
https://www.linkedin.com/jobs/view/4472737027,
https://www.linkedin.com/jobs/view/4449693591,
https://www.linkedin.com/jobs/view/4470860036,
https://www.indeed.com/viewjob?jk=b1f8313a21a62209,
https://www.indeed.com/viewjob?jk=599b32669168b02b,
https://www.linkedin.com/jobs/view/4471346365,
https://www.linkedin.com/jobs/view/4433132867,
https://www.linkedin.com/jobs/view/4472467053,
https://www.linkedin.com/jobs/view/4445225399,
https://www.linkedin.com/jobs/view/4470863352,
https://www.linkedin.com/jobs/view/4472495746,
https://www.linkedin.com/jobs/view/4445271115,
https://www.indeed.com/viewjob?jk=c5ba5ab8b5fe3cef,
https://www.linkedin.com/jobs/view/4472495012,
https://www.linkedin.com/jobs/view/4444968837,
https://www.indeed.com/viewjob?jk=80e51a510ca2a200,
https://www.linkedin.com/jobs/view/4462019920,
https://www.indeed.com/viewjob?jk=c3b565c537efec19,
https://www.indeed.com/viewjob?jk=7d5caa67208c3bab,
https://www.indeed.com/viewjob?jk=ac7f8854e9e50823,
https://www.linkedin.com/jobs/view/4472467580,
https://www.linkedin.com/jobs/view/4416573307,
https://www.linkedin.com/jobs/view/4471337388,
https://www.indeed.com/viewjob?jk=6cc222d8fe450a39,
https://www.linkedin.com/jobs/view/4472485552,
https://www.linkedin.com/jobs/view/4308114738,
https://www.linkedin.com/jobs/view/4470865617,
https://www.linkedin.com/jobs/view/4472728793,
https://www.linkedin.com/jobs/view/4470850324,
https://www.linkedin.com/jobs/view/4471369993,
https://www.linkedin.com/jobs/view/4472744124,
https://www.indeed.com/viewjob?jk=21c769825a223d8d,
https://www.linkedin.com/jobs/view/4445272729,
https://www.linkedin.com/jobs/view/4472716277,
https://www.linkedin.com/jobs/view/4444610292,
https://www.linkedin.com/jobs/view/4472705393,
https://www.indeed.com/viewjob?jk=b4885d3a115f0f1a,
https://www.linkedin.com/jobs/view/4472720278,
https://www.linkedin.com/jobs/view/4471387900,
https://www.indeed.com/viewjob?jk=5fd1eb1bede99397,
https://www.linkedin.com/jobs/view/4472708259,
https://www.linkedin.com/jobs/view/4472742298,
https://www.linkedin.com/jobs/view/4471384747,
https://www.linkedin.com/jobs/view/4471315017,
https://www.linkedin.com/jobs/view/4472715980,
https://www.indeed.com/viewjob?jk=4feb506476e22b2e,
https://www.indeed.com/viewjob?jk=2f5198f77e4be96b,
https://www.linkedin.com/jobs/view/4472486493,
https://www.indeed.com/viewjob?jk=251a783e46b488a2,
https://www.linkedin.com/jobs/view/4471301413,
https://www.linkedin.com/jobs/view/4437313263,
https://www.indeed.com/viewjob?jk=f1f9e8fbd35a4ce2,
https://www.linkedin.com/jobs/view/4444968724,
https://www.linkedin.com/jobs/view/4470824674,
https://www.indeed.com/viewjob?jk=9c0ecd2b179ce8d7,
https://www.linkedin.com/jobs/view/4472748263,
https://www.linkedin.com/jobs/view/4451280258,
https://www.linkedin.com/jobs/view/4445628562,
https://www.linkedin.com/jobs/view/4472727876,
https://www.linkedin.com/jobs/view/4470908306,
https://www.linkedin.com/jobs/view/4470868134,
https://www.linkedin.com/jobs/view/4427081073,
https://www.linkedin.com/jobs/view/4471098639,
https://www.linkedin.com/jobs/view/4471375894,
https://www.linkedin.com/jobs/view/4470822897,
https://www.linkedin.com/jobs/view/4472485591,
https://www.indeed.com/viewjob?jk=52f3810215ca9aac,
https://www.linkedin.com/jobs/view/4472449753,
https://www.indeed.com/viewjob?jk=dfe1b6b72201e383,
https://www.linkedin.com/jobs/view/4441842711,
https://www.indeed.com/viewjob?jk=ab3d2c47519378ae,
https://www.linkedin.com/jobs/view/4472738288,
https://www.indeed.com/viewjob?jk=700bdc16dff43cec,
https://www.linkedin.com/jobs/view/4471382269,
https://www.linkedin.com/jobs/view/4408286652,
https://www.indeed.com/viewjob?jk=cd5b128d869bc7e2,
https://www.indeed.com/viewjob?jk=b7542e62cb54984f,
https://www.indeed.com/viewjob?jk=4321282fe3132ef2,
https://www.linkedin.com/jobs/view/4472731919,
https://www.linkedin.com/jobs/view/4471351137,
https://www.indeed.com/viewjob?jk=458125326b5b7bbf,
https://www.linkedin.com/jobs/view/4472736446,
https://www.indeed.com/viewjob?jk=fcf6d9637a0dc1e9,
https://www.linkedin.com/jobs/view/4472483465,
https://www.linkedin.com/jobs/view/4405886732,
https://www.linkedin.com/jobs/view/4471390398,
https://www.indeed.com/viewjob?jk=4b4ef43af18e4ab9,
https://www.linkedin.com/jobs/view/4471385806,
https://www.linkedin.com/jobs/view/4434199993,
https://www.indeed.com/viewjob?jk=409a841e43e5b7c9,
https://www.linkedin.com/jobs/view/4470839524,
https://www.linkedin.com/jobs/view/4472719846,
https://www.indeed.com/viewjob?jk=2af7016cdcc97306,
https://www.linkedin.com/jobs/view/4472732569,
https://www.indeed.com/viewjob?jk=57ccd377fc350718,
https://www.linkedin.com/jobs/view/4472449812,
https://www.indeed.com/viewjob?jk=0170beda7a313736,
https://www.indeed.com/viewjob?jk=c8d74bb4f70eda16,
https://www.linkedin.com/jobs/view/4471333647,
https://www.indeed.com/viewjob?jk=5b4ea630165ee825,
https://www.linkedin.com/jobs/view/4398136094,
https://www.linkedin.com/jobs/view/4444981660,
https://www.linkedin.com/jobs/view/4320992362,
https://www.linkedin.com/jobs/view/4471350260,
https://www.indeed.com/viewjob?jk=9ac8a793a4d96688,
https://www.indeed.com/viewjob?jk=cda8d0c10c53fc1c,
https://www.linkedin.com/jobs/view/4471310277,
https://www.linkedin.com/jobs/view/4471374939,
https://www.linkedin.com/jobs/view/4461824432,
https://www.linkedin.com/jobs/view/4472497017,
https://www.indeed.com/viewjob?jk=78d2c35f10a2633b,
https://www.linkedin.com/jobs/view/4471099449,
https://www.linkedin.com/jobs/view/4470889051,
https://www.linkedin.com/jobs/view/4455125616,
https://www.indeed.com/viewjob?jk=9d000160573a8a4d,
https://www.indeed.com/viewjob?jk=320e8c560d98ff7d,
https://www.indeed.com/viewjob?jk=a66c287e5b3af91f,
https://www.linkedin.com/jobs/view/4471342499,
https://www.indeed.com/viewjob?jk=c94d5a0ce4fe41b7,
https://www.linkedin.com/jobs/view/4465369388,
https://www.linkedin.com/jobs/view/4471389781,
https://www.indeed.com/viewjob?jk=ae4c1413a35e88c1,
https://www.linkedin.com/jobs/view/4472498538,
https://www.indeed.com/viewjob?jk=bca7a0181dfa5b46,
https://www.indeed.com/viewjob?jk=250cc3383512feee,
https://www.linkedin.com/jobs/view/4470857993,
https://www.indeed.com/viewjob?jk=d13047436c032537,
https://www.linkedin.com/jobs/view/4473079095,
https://www.indeed.com/viewjob?jk=c9e82b7b6280167c,
https://www.linkedin.com/jobs/view/4473006554,
https://www.linkedin.com/jobs/view/4473015702,
https://www.linkedin.com/jobs/view/4471549977,
https://www.linkedin.com/jobs/view/4471574421,
https://www.linkedin.com/jobs/view/4473070202,
https://www.linkedin.com/jobs/view/4460686872,
https://www.linkedin.com/jobs/view/4473035529,
https://www.indeed.com/viewjob?jk=31772668944b4ab2,
https://www.linkedin.com/jobs/view/4472772719,
https://www.indeed.com/viewjob?jk=38642976ae30de03,
https://www.linkedin.com/jobs/view/4471233036,
https://www.linkedin.com/jobs/view/4470880809,
https://www.linkedin.com/jobs/view/4424812128,
https://www.indeed.com/viewjob?jk=ff9cac95df1dec90,
https://www.indeed.com/viewjob?jk=313e8ae1109e0119,
https://www.linkedin.com/jobs/view/4471539810,
https://www.indeed.com/viewjob?jk=5517af5ad38c3c5a,
https://www.indeed.com/viewjob?jk=52bf10ea9a8bc99b,
https://www.linkedin.com/jobs/view/4471715317,
https://www.indeed.com/viewjob?jk=d2c4bd3d5b90d23c,
https://www.indeed.com/viewjob?jk=fead7ab5a6a2d32f,
https://www.indeed.com/viewjob?jk=c86c0cca24c1c346,
https://www.indeed.com/viewjob?jk=deae1942967eb22e,
https://www.indeed.com/viewjob?jk=ab6c952ff3335d05,
https://www.linkedin.com/jobs/view/4471232411,
https://www.linkedin.com/jobs/view/4455360541,
https://www.indeed.com/viewjob?jk=ed118ff2ae4449dd,
https://www.linkedin.com/jobs/view/4473207904,
https://www.linkedin.com/jobs/view/4473019123,
https://www.linkedin.com/jobs/view/4471283877,
https://www.indeed.com/viewjob?jk=7b8c35ae655a5c80,
https://www.indeed.com/viewjob?jk=545a4bf7d0426df3,
https://www.linkedin.com/jobs/view/4471224644,
https://www.linkedin.com/jobs/view/4471531171,
https://www.linkedin.com/jobs/view/4472786281,
https://www.indeed.com/viewjob?jk=e27e3679b603bf19,
https://www.linkedin.com/jobs/view/4471534985,
https://www.indeed.com/viewjob?jk=698277fbc1977bca,
https://www.linkedin.com/jobs/view/4473074783,
https://www.linkedin.com/jobs/view/4473226028,
https://www.linkedin.com/jobs/view/4471259467,
https://www.indeed.com/viewjob?jk=40deaeb565f0e998,
https://www.linkedin.com/jobs/view/4471544229,
https://www.linkedin.com/jobs/view/4471707731,
https://www.indeed.com/viewjob?jk=88d7657011ab6939,
https://www.indeed.com/viewjob?jk=a20c7d813c2b2379,
https://www.linkedin.com/jobs/view/4471529758,
https://www.indeed.com/viewjob?jk=6499b83315a3f329,
https://www.linkedin.com/jobs/view/4455710136,
https://www.linkedin.com/jobs/view/4471729246,
https://www.indeed.com/viewjob?jk=d34baf45ae025aa5,
https://www.indeed.com/viewjob?jk=6567eee385b41d0f,
https://www.indeed.com/viewjob?jk=1d80e20e6c49d29b,
https://www.indeed.com/viewjob?jk=aba923e19edc8836,
https://www.linkedin.com/jobs/view/4471558764,
https://www.indeed.com/viewjob?jk=1b6fde39753230f7,
https://www.indeed.com/viewjob?jk=ab82f833c8a383c6,
https://www.indeed.com/viewjob?jk=c9cf68417024700f,
https://www.linkedin.com/jobs/view/4473217632,
https://www.linkedin.com/jobs/view/4471586325,
https://www.linkedin.com/jobs/view/4473093422,
https://www.indeed.com/viewjob?jk=7f99e03d92ec16d1,
https://www.indeed.com/viewjob?jk=70db9bfc922b68f2,
https://www.linkedin.com/jobs/view/4473025766,
https://www.indeed.com/viewjob?jk=f64c87bb94e47f58,
https://www.linkedin.com/jobs/view/4471212681,
https://www.linkedin.com/jobs/view/4472763246,
https://www.indeed.com/viewjob?jk=f780e20292005a4b,
https://www.linkedin.com/jobs/view/4471569536,
https://www.linkedin.com/jobs/view/4472798939,
https://www.indeed.com/viewjob?jk=6a00d029ca7c28e7,
https://www.indeed.com/viewjob?jk=adcc71bf3b83686d,
https://www.indeed.com/viewjob?jk=e7c4b521910b4eb2,
https://www.indeed.com/viewjob?jk=4ea9b393f70f4d2f,
https://www.linkedin.com/jobs/view/4471258254,
https://www.indeed.com/viewjob?jk=7019ae7620b7799c,
https://www.indeed.com/viewjob?jk=73b249b48cff4978,
https://www.indeed.com/viewjob?jk=b64cde9ff4a0c4be,
https://www.indeed.com/viewjob?jk=3db2f1cc87e7bd53,
https://www.linkedin.com/jobs/view/4471553660,
https://www.indeed.com/viewjob?jk=768e826873245edc,
https://www.indeed.com/viewjob?jk=9503b42334ecd393,
https://www.indeed.com/viewjob?jk=dc2acc12ac4abf67,
https://www.indeed.com/viewjob?jk=db8b83beca3a8d8b,
https://www.indeed.com/viewjob?jk=c0c8abc0dd4a7ced,
https://www.indeed.com/viewjob?jk=c75718265e56f1fd,
https://www.linkedin.com/jobs/view/4471224254,
https://www.linkedin.com/jobs/view/4471296192,
https://www.linkedin.com/jobs/view/4471720966,
https://www.linkedin.com/jobs/view/4471507896,
https://www.linkedin.com/jobs/view/4471507832,
https://www.linkedin.com/jobs/view/4472765905,
https://www.linkedin.com/jobs/view/4462432896,
https://www.indeed.com/viewjob?jk=9735ecf75c4e3416,
https://www.linkedin.com/jobs/view/4470878914,
https://www.indeed.com/viewjob?jk=b07c867baa1ecdd0,
https://www.linkedin.com/jobs/view/4473043515,
https://www.indeed.com/viewjob?jk=bcf7106084895f69,
https://www.indeed.com/viewjob?jk=738cc47565e43ff6,
https://www.linkedin.com/jobs/view/4471205168,
https://www.linkedin.com/jobs/view/4471503144,
https://www.indeed.com/viewjob?jk=3e38a68ba5ff330a,
https://www.indeed.com/viewjob?jk=b2ce01d6c436ae08,
https://www.linkedin.com/jobs/view/4472796510,
https://www.linkedin.com/jobs/view/4455458901,
https://www.linkedin.com/jobs/view/4471216336,
https://www.indeed.com/viewjob?jk=2e62054ea68c4dbe,
https://www.linkedin.com/jobs/view/4471916103,
https://www.linkedin.com/jobs/view/4472760001,
https://www.linkedin.com/jobs/view/4472779668,
https://www.linkedin.com/jobs/view/4471254361,
https://www.linkedin.com/jobs/view/4471534575,
https://www.linkedin.com/jobs/view/4473029157,
https://www.linkedin.com/jobs/view/4450861728,
https://www.indeed.com/viewjob?jk=ca5c74a74a1b6708,
https://www.linkedin.com/jobs/view/4471719918,
https://www.indeed.com/viewjob?jk=44e0bdd46ae852c5,
https://www.indeed.com/viewjob?jk=6c26553f79aa6183,
https://www.linkedin.com/jobs/view/4471536827,
https://www.linkedin.com/jobs/view/4471905040,
https://www.linkedin.com/jobs/view/4427695398,
https://www.linkedin.com/jobs/view/4455234279,
https://www.indeed.com/viewjob?jk=d93253b37fa3af47,
https://www.linkedin.com/jobs/view/4471257267,
https://www.indeed.com/viewjob?jk=1130089c657258e2,
https://www.linkedin.com/jobs/view/4473013367,
https://www.linkedin.com/jobs/view/4471217921,
https://www.linkedin.com/jobs/view/4473220520,
https://www.linkedin.com/jobs/view/4471264071,
https://www.linkedin.com/jobs/view/4462680772,
https://www.indeed.com/viewjob?jk=b00d3b36e9a8c296,
https://www.indeed.com/viewjob?jk=03cde2f554ed1b50,
https://www.indeed.com/viewjob?jk=3a520f42dc4b46fc,
https://www.indeed.com/viewjob?jk=b5d63cf13570656c,
https://www.linkedin.com/jobs/view/4471568256,
https://www.linkedin.com/jobs/view/4473042813,
https://www.indeed.com/viewjob?jk=ff72903873993e9f,
https://www.linkedin.com/jobs/view/4471522697,
https://www.indeed.com/viewjob?jk=27d10a73ec6ed347,
https://www.indeed.com/viewjob?jk=94a0b880553f8a44,
https://www.linkedin.com/jobs/view/4460717834,
https://www.indeed.com/viewjob?jk=4f9dfc60b7a80f66,
https://www.linkedin.com/jobs/view/4472757825,
https://www.linkedin.com/jobs/view/4473007297,
https://www.linkedin.com/jobs/view/4473244474,
https://www.indeed.com/viewjob?jk=b8864db21397b27d,
https://www.indeed.com/viewjob?jk=767ef5a7234ea1d2,
https://www.linkedin.com/jobs/view/4473075322,
https://www.linkedin.com/jobs/view/4472784902,
https://www.indeed.com/viewjob?jk=1851c593ac7e1a99,
https://www.indeed.com/viewjob?jk=f35340be7c327fdc,
https://www.linkedin.com/jobs/view/4472782089,
https://www.linkedin.com/jobs/view/4471508239,
https://www.linkedin.com/jobs/view/4472761703,
https://www.linkedin.com/jobs/view/4473207915,
https://www.indeed.com/viewjob?jk=d17990f6870ce48d,
https://www.linkedin.com/jobs/view/4414039859,
https://www.indeed.com/viewjob?jk=a68aea11f6e34c5d,
https://www.linkedin.com/jobs/view/4472012108,
https://www.linkedin.com/jobs/view/4454447113,
https://www.linkedin.com/jobs/view/4471557878,
https://www.indeed.com/viewjob?jk=25f67271a60b8dd4,
https://www.linkedin.com/jobs/view/4471581906,
https://www.linkedin.com/jobs/view/4461930488,
https://www.linkedin.com/jobs/view/4471733514,
https://www.linkedin.com/jobs/view/4473046763,
https://www.indeed.com/viewjob?jk=109a9ca8f725b770,
https://www.linkedin.com/jobs/view/4471518487,
https://www.indeed.com/viewjob?jk=1767c07c8629bbe9,
https://www.indeed.com/viewjob?jk=ff6b52d6eae379e7,
https://www.linkedin.com/jobs/view/4472792961,
https://www.linkedin.com/jobs/view/4473015723,
https://www.indeed.com/viewjob?jk=f82e591d4471d9da,
https://www.indeed.com/viewjob?jk=f953be4921f48b50,
https://www.indeed.com/viewjob?jk=cc1b829d4e6e643c,
https://www.linkedin.com/jobs/view/4471571989,
https://www.indeed.com/viewjob?jk=ffb57af8e0476a89,
https://www.linkedin.com/jobs/view/4473080219,
https://www.linkedin.com/jobs/view/4473220172,
https://www.linkedin.com/jobs/view/4472797126,
https://www.indeed.com/viewjob?jk=06f868ffebeb4b19,
https://www.indeed.com/viewjob?jk=5f05bb78aa28a07e,
https://www.linkedin.com/jobs/view/4473060798,
https://www.linkedin.com/jobs/view/4473030282,
https://www.linkedin.com/jobs/view/4473014381,
https://www.linkedin.com/jobs/view/4472742847,
https://www.indeed.com/viewjob?jk=e9ee87a03afc41b6,
https://www.indeed.com/viewjob?jk=6b12a161ac82b66c,
https://www.linkedin.com/jobs/view/4473233313,
https://www.linkedin.com/jobs/view/4471232234,
https://www.linkedin.com/jobs/view/4471580443,
https://www.indeed.com/viewjob?jk=78f9a72d2b53b175,
https://www.indeed.com/viewjob?jk=6bc303ff832ff952,
https://www.linkedin.com/jobs/view/4471257269,
https://www.linkedin.com/jobs/view/4473264581,
https://www.indeed.com/viewjob?jk=6c5c0f9bc9c02be6,
https://www.indeed.com/viewjob?jk=cd1476ee290a394e,
https://www.linkedin.com/jobs/view/4471701707,
https://www.linkedin.com/jobs/view/4464129915,
https://www.linkedin.com/jobs/view/4470892542,
https://www.linkedin.com/jobs/view/4473073124,
https://www.linkedin.com/jobs/view/4470882379,
https://www.indeed.com/viewjob?jk=24c778ce7e413c0b,
https://www.linkedin.com/jobs/view/4471525291,
https://www.linkedin.com/jobs/view/4471228037,
https://www.linkedin.com/jobs/view/4473031740,
https://www.indeed.com/viewjob?jk=3b136ce3bd952e44,
https://www.indeed.com/viewjob?jk=400f1bddc84b4e80,
https://www.linkedin.com/jobs/view/4471506103,
https://www.indeed.com/viewjob?jk=4be71c8b38eac7ce,
https://www.linkedin.com/jobs/view/4472776184,
https://www.indeed.com/viewjob?jk=60db3a77e3f4d77d,
https://www.indeed.com/viewjob?jk=a55ec566f07bb281,
https://www.linkedin.com/jobs/view/4462907125,
https://www.linkedin.com/jobs/view/4472746983,
https://www.indeed.com/viewjob?jk=65513425fada5d30,
https://www.linkedin.com/jobs/view/4471571104,
https://www.indeed.com/viewjob?jk=0b4d3a193ee69a6b,
https://www.indeed.com/viewjob?jk=b1c08b458d6da7c6,
https://www.linkedin.com/jobs/view/4414069485,
https://www.linkedin.com/jobs/view/4384757165,
https://www.indeed.com/viewjob?jk=f6ef506157a961b5,
https://www.indeed.com/viewjob?jk=567cb268e32f080c,
https://www.indeed.com/viewjob?jk=fd200a76b2ecc113,
https://www.linkedin.com/jobs/view/4454446215,
https://www.linkedin.com/jobs/view/4473065324,
https://www.linkedin.com/jobs/view/4473056442,
https://www.linkedin.com/jobs/view/4444649083,
https://www.indeed.com/viewjob?jk=1a3234b417c700b2,
https://www.linkedin.com/jobs/view/4471203548,
https://www.linkedin.com/jobs/view/4473234685,
https://www.linkedin.com/jobs/view/4473000774,
https://www.linkedin.com/jobs/view/4471720328,
https://www.linkedin.com/jobs/view/4473032979,
https://www.indeed.com/viewjob?jk=d3e0e6ba6b68d915,
https://www.linkedin.com/jobs/view/4473268508,
https://www.linkedin.com/jobs/view/4473203790,
https://www.indeed.com/viewjob?jk=4e42b4cec2ad3b29,
https://www.indeed.com/viewjob?jk=f389c5ca0c871770,
https://www.indeed.com/viewjob?jk=31ffc272f4dbc65e,
https://www.linkedin.com/jobs/view/4473089256,
https://www.linkedin.com/jobs/view/4473018168,
https://www.linkedin.com/jobs/view/4470882381,
https://www.linkedin.com/jobs/view/4471583130,
https://www.indeed.com/viewjob?jk=3c001e45b05ddfe6,
https://www.indeed.com/viewjob?jk=ac66f2e057c3e9de,
https://www.linkedin.com/jobs/view/4455551621,
https://www.linkedin.com/jobs/view/4470895252,
https://www.indeed.com/viewjob?jk=fa4f54c150dfc61d,
https://www.linkedin.com/jobs/view/4471222720,
https://www.indeed.com/viewjob?jk=2634e474905222b5,
https://www.linkedin.com/jobs/view/4473073153,
https://www.linkedin.com/jobs/view/4418199757,
https://www.indeed.com/viewjob?jk=3405ac73d4b7e3d6,
https://www.indeed.com/viewjob?jk=95b9ee98111f6a63,
https://www.linkedin.com/jobs/view/4471503415,
https://www.linkedin.com/jobs/view/4471291415,
https://www.linkedin.com/jobs/view/4473066816,
https://www.indeed.com/viewjob?jk=b59db169d8617417,
https://www.indeed.com/viewjob?jk=fb7720839e9059ab,
https://www.linkedin.com/jobs/view/4471567378,
https://www.linkedin.com/jobs/view/4471287502,
https://www.indeed.com/viewjob?jk=2e32493f51c3dafa,
https://www.linkedin.com/jobs/view/4471714889,
https://www.indeed.com/viewjob?jk=8cba11322bd907ac,
https://www.linkedin.com/jobs/view/4473071101,
https://www.indeed.com/viewjob?jk=0ad92b7ccd76ca88,
https://www.indeed.com/viewjob?jk=65d6ff29faddd389,
https://www.indeed.com/viewjob?jk=8492e40522bb7ce6,
https://www.linkedin.com/jobs/view/4470898976,
https://www.linkedin.com/jobs/view/4473000371,
https://www.indeed.com/viewjob?jk=6056c9472bbd9525,
https://www.linkedin.com/jobs/view/4473010224,
https://www.linkedin.com/jobs/view/4471244577,
https://www.indeed.com/viewjob?jk=5c245d814088a793,
https://www.linkedin.com/jobs/view/4471206996,
https://www.indeed.com/viewjob?jk=760f0b39678dcdbb,
https://www.indeed.com/viewjob?jk=d5fa312c5ae9253f,
https://www.linkedin.com/jobs/view/4471568649,
https://www.indeed.com/viewjob?jk=f7626c80641e5d04,
https://www.linkedin.com/jobs/view/4473008202,
https://www.indeed.com/viewjob?jk=00990ff8e458e541,
https://www.linkedin.com/jobs/view/4471286569,
https://www.indeed.com/viewjob?jk=e04f175950fd46e7,
https://www.indeed.com/viewjob?jk=c0d623a103989e58,
https://www.indeed.com/viewjob?jk=5ed6612a3eb839b3,
https://www.linkedin.com/jobs/view/4471207337,
https://www.linkedin.com/jobs/view/4470891548,
https://www.indeed.com/viewjob?jk=cee97578d52b8d6e,
https://www.linkedin.com/jobs/view/4473033417,
https://www.linkedin.com/jobs/view/4473019526,
https://www.indeed.com/viewjob?jk=84050c0b835ea577,
https://www.indeed.com/viewjob?jk=19118b684a00c1ed,
https://www.linkedin.com/jobs/view/4472745715,
https://www.indeed.com/viewjob?jk=2dc6c1e955db2b28,
https://www.linkedin.com/jobs/view/4470892232,
https://www.linkedin.com/jobs/view/4473048020,
https://www.linkedin.com/jobs/view/4471524117,
https://www.indeed.com/viewjob?jk=c5b31f57f18dfb64,
https://www.linkedin.com/jobs/view/4472790848,
https://www.linkedin.com/jobs/view/4424873873,
https://www.indeed.com/viewjob?jk=56be319023330fad,
https://www.indeed.com/viewjob?jk=b6ff73ebd78335c7,
https://www.linkedin.com/jobs/view/4472766324,
https://www.linkedin.com/jobs/view/4471202945,
https://www.linkedin.com/jobs/view/4473077579,
https://www.linkedin.com/jobs/view/4473040984,
https://www.linkedin.com/jobs/view/4473022615,
https://www.linkedin.com/jobs/view/4473021586,
https://www.linkedin.com/jobs/view/4471287687,
https://www.indeed.com/viewjob?jk=4b5ce3a5eba957b2,
https://www.indeed.com/viewjob?jk=e0d658194247d01e,
https://www.linkedin.com/jobs/view/4471582209,
https://www.indeed.com/viewjob?jk=c5a2a007d153b630,
https://www.linkedin.com/jobs/view/4473002361,
https://www.linkedin.com/jobs/view/4471541833,
https://www.indeed.com/viewjob?jk=bce523129bf7a68a,
https://www.linkedin.com/jobs/view/4471564250,
https://www.linkedin.com/jobs/view/4471202768,
https://www.indeed.com/viewjob?jk=b54c7cf7e0d49278,
https://www.linkedin.com/jobs/view/4472778042,
https://www.linkedin.com/jobs/view/4472783140,
https://www.indeed.com/viewjob?jk=e478c39e513e8a5e,
https://www.linkedin.com/jobs/view/4471905084,
https://www.linkedin.com/jobs/view/4473203820,
https://www.linkedin.com/jobs/view/4472740771,
https://www.linkedin.com/jobs/view/4472788818,
https://www.indeed.com/viewjob?jk=9d6c7b9c7d5f2631,
https://www.indeed.com/viewjob?jk=d71e9676d47635d1,
https://www.linkedin.com/jobs/view/4471592880,
https://www.indeed.com/viewjob?jk=94a4830466d2da03,
https://www.linkedin.com/jobs/view/4473012249,
https://www.linkedin.com/jobs/view/4471575125,
https://www.linkedin.com/jobs/view/4471569304,
https://www.linkedin.com/jobs/view/4470880410,
https://www.linkedin.com/jobs/view/4471254381,
https://www.linkedin.com/jobs/view/4472799426,
https://www.linkedin.com/jobs/view/4471382913,
https://www.indeed.com/viewjob?jk=8217d016a9eba180,
https://www.indeed.com/viewjob?jk=e6ed1746955f683d,
https://www.linkedin.com/jobs/view/4471764011,
https://www.indeed.com/viewjob?jk=9d9091b7558f5722,
https://www.indeed.com/viewjob?jk=1e2ab787df7485c5,
https://www.linkedin.com/jobs/view/4445127958,
https://www.linkedin.com/jobs/view/4473289131,
https://www.indeed.com/viewjob?jk=380078fddaba4412,
https://www.linkedin.com/jobs/view/4460794520,
https://www.indeed.com/viewjob?jk=5b949e648fcfd52a,
https://www.indeed.com/viewjob?jk=4c506b9d94df418f,
https://www.linkedin.com/jobs/view/4462718216,
https://www.indeed.com/viewjob?jk=69f5cb0624d70d38,
https://www.indeed.com/viewjob?jk=95a91d4054bfbf5d,
https://www.indeed.com/viewjob?jk=ef95e24fdbb4d9f5,
https://www.indeed.com/viewjob?jk=988240a6d2c08639,
https://www.linkedin.com/jobs/view/4471919178,
https://www.indeed.com/viewjob?jk=bd911f7fcf3cb847,
https://www.linkedin.com/jobs/view/4471940153,
https://www.indeed.com/viewjob?jk=82c5a446f28775ce,
https://www.indeed.com/viewjob?jk=56929a31a1e56444,
https://www.indeed.com/viewjob?jk=ff7ffaf00ffb9271,
https://www.indeed.com/viewjob?jk=64e6143540f18e5b,
https://www.indeed.com/viewjob?jk=e13acec74c2d7c20,
https://www.indeed.com/viewjob?jk=14bbab20816fe2dc,
https://www.indeed.com/viewjob?jk=00e605186953793d,
https://www.indeed.com/viewjob?jk=cf17ce1d5a256e84,
https://www.indeed.com/viewjob?jk=6ab097d9a582fe92,
https://www.indeed.com/viewjob?jk=d6b406ff78ae037e,
https://www.indeed.com/viewjob?jk=f43a22022d1da8e1,
https://www.indeed.com/viewjob?jk=98036b9e425f3edd,
https://www.indeed.com/viewjob?jk=5fa4ad2a26434afd,
https://www.indeed.com/viewjob?jk=ce1e2dfa48ffae90,
https://www.indeed.com/viewjob?jk=c9bdbd0c4c478644,
https://www.indeed.com/viewjob?jk=662330d54ebcb6df,
https://www.linkedin.com/jobs/view/4471752430,
https://www.indeed.com/viewjob?jk=cf49a06371295225,
https://www.linkedin.com/jobs/view/4454299611,
https://www.indeed.com/viewjob?jk=a539a3adf1b94461,
https://www.indeed.com/viewjob?jk=58eab9495c2d091d,
https://www.linkedin.com/jobs/view/4473500046,
https://www.linkedin.com/jobs/view/4473257865,
https://www.indeed.com/viewjob?jk=0074bde97d79c5c9,
https://www.indeed.com/viewjob?jk=22a751096256e852,
https://www.linkedin.com/jobs/view/4471746231,
https://www.indeed.com/viewjob?jk=bebce43fce55c361,
https://www.linkedin.com/jobs/view/4471917629,
https://www.linkedin.com/jobs/view/4473288947,
https://www.linkedin.com/jobs/view/4471747597,
https://www.linkedin.com/jobs/view/4471830421,
https://www.linkedin.com/jobs/view/4473272854,
https://www.indeed.com/viewjob?jk=c6dbfb40aee0deee,
https://www.indeed.com/viewjob?jk=f9cbbc520123f517,
https://www.linkedin.com/jobs/view/4473514076,
https://www.linkedin.com/jobs/view/4471939009,
https://www.linkedin.com/jobs/view/4471562525,
https://www.indeed.com/viewjob?jk=6d1dcef880cc1550,
https://www.indeed.com/viewjob?jk=daa4dae87a2eb012,
https://www.indeed.com/viewjob?jk=5eed736c15bd43db,
https://www.linkedin.com/jobs/view/4471920645,
https://www.indeed.com/viewjob?jk=04a6f6082d397368,
https://www.indeed.com/viewjob?jk=f364f1f14a2b6e74,
https://www.indeed.com/viewjob?jk=9c6ee0b13a875d6b,
https://www.indeed.com/viewjob?jk=9da6ed8ce9fe4635,
https://www.linkedin.com/jobs/view/4473270464,
https://www.indeed.com/viewjob?jk=8ddb0b555f08ca68,
https://www.indeed.com/viewjob?jk=6f9c8616c769137a,
https://www.indeed.com/viewjob?jk=f5b3f2dfed9fd98c,
https://www.linkedin.com/jobs/view/4471207587,
https://www.linkedin.com/jobs/view/4454408154,
https://www.linkedin.com/jobs/view/4473276669,
https://www.linkedin.com/jobs/view/4471233352,
https://www.indeed.com/viewjob?jk=e42fa5a02b23f8eb,
https://www.indeed.com/viewjob?jk=4dca2fba69ec136d,
https://www.linkedin.com/jobs/view/4473047361,
https://www.indeed.com/viewjob?jk=042547d8646563ab,
https://www.indeed.com/viewjob?jk=215820432e33aaa5,
https://www.indeed.com/viewjob?jk=098133ea15d075e0,
https://www.linkedin.com/jobs/view/4471542819,
https://www.indeed.com/viewjob?jk=d78ac4b9cad3ffb8,
https://www.linkedin.com/jobs/view/4471749571,
https://www.indeed.com/viewjob?jk=6c77c95c2fae29e8,
https://www.linkedin.com/jobs/view/4471550411,
https://www.linkedin.com/jobs/view/4471905530,
https://www.indeed.com/viewjob?jk=6d9c05fc31a0b68c,
https://www.linkedin.com/jobs/view/4473281123,
https://www.indeed.com/viewjob?jk=ce50d747646ca995,
https://www.indeed.com/viewjob?jk=90116177beb86277,
https://www.indeed.com/viewjob?jk=5bdad948116b6140,
https://www.indeed.com/viewjob?jk=bd5600122f9eaa2c,
https://www.linkedin.com/jobs/view/4471927600,
https://www.indeed.com/viewjob?jk=5fb5ead3608c0c87,
https://www.linkedin.com/jobs/view/4473275093,
https://www.indeed.com/viewjob?jk=1a593039702f074d,
https://www.indeed.com/viewjob?jk=3ed7ea430e59a297,
https://www.indeed.com/viewjob?jk=e472f6c6871bc926,
https://www.indeed.com/viewjob?jk=da7bf1168f64cda3,
https://www.indeed.com/viewjob?jk=39ba39732ae485f9,
https://www.linkedin.com/jobs/view/4473235050,
https://www.indeed.com/viewjob?jk=4a788092acdf3bd7,
https://www.linkedin.com/jobs/view/4471907773,
https://www.indeed.com/viewjob?jk=d7eebca1bc9320fe,
https://www.indeed.com/viewjob?jk=b224db4603881a0d,
https://www.indeed.com/viewjob?jk=4ae49adf0d3c91e2,
https://www.linkedin.com/jobs/view/4471761157,
https://www.linkedin.com/jobs/view/4470806255,
https://www.indeed.com/viewjob?jk=fd6da81f7257d4b7,
https://www.linkedin.com/jobs/view/4452510201,
https://www.indeed.com/viewjob?jk=1eee2aa6e78e09d0,
https://www.indeed.com/viewjob?jk=c6b38bc102c5728b,
https://www.linkedin.com/jobs/view/4473298530,
https://www.linkedin.com/jobs/view/4470043168,
https://www.indeed.com/viewjob?jk=a55c0e6ac3d1726c,
https://www.indeed.com/viewjob?jk=5746fd02dacee946,
https://www.indeed.com/viewjob?jk=c3408229fb106c50,
https://www.indeed.com/viewjob?jk=6ad5d27c061c545f,
https://www.linkedin.com/jobs/view/4471927072,
https://www.linkedin.com/jobs/view/4471930275,
https://www.indeed.com/viewjob?jk=93af9e06b7998f58,
https://www.indeed.com/viewjob?jk=985e9af11376fbd1,
https://www.indeed.com/viewjob?jk=4bb9f6d5699d60fc,
https://www.indeed.com/viewjob?jk=8fd04152376703d0,
https://www.indeed.com/viewjob?jk=3fd5ec31f21ef543,
https://www.linkedin.com/jobs/view/4471598776,
https://www.indeed.com/viewjob?jk=d95f8b66ba3d0f64,
https://www.linkedin.com/jobs/view/4455386446,
https://www.linkedin.com/jobs/view/4471937156,
https://www.linkedin.com/jobs/view/4473267829,
https://www.indeed.com/viewjob?jk=1d190af2ff729a69,
https://www.indeed.com/viewjob?jk=aa1a6bc8119e1841,
https://www.indeed.com/viewjob?jk=5cf53113d09bdcac,
https://www.indeed.com/viewjob?jk=c3f443acb2aefb33,
https://www.linkedin.com/jobs/view/4471909407,
https://www.indeed.com/viewjob?jk=4a2de857988d75fe,
https://www.indeed.com/viewjob?jk=5b94da0ad834a8a3,
https://www.indeed.com/viewjob?jk=c438149e7ca5d729,
https://www.linkedin.com/jobs/view/4471219347,
https://www.linkedin.com/jobs/view/4471746230,
https://www.linkedin.com/jobs/view/4471760124,
https://www.indeed.com/viewjob?jk=0e6997431336faae,
https://www.indeed.com/viewjob?jk=1aece9fefb08ffe6,
https://www.linkedin.com/jobs/view/4471927627,
https://www.linkedin.com/jobs/view/4445147283,
https://www.indeed.com/viewjob?jk=bd5ac84b30c86a58,
https://www.linkedin.com/jobs/view/4473031300,
https://www.indeed.com/viewjob?jk=b819f5be276e32d6,
https://www.indeed.com/viewjob?jk=a57f499efde6fe7b,
https://www.indeed.com/viewjob?jk=7296708bd1998d08,
https://www.linkedin.com/jobs/view/4471934254,
https://www.linkedin.com/jobs/view/4471914721,
https://www.indeed.com/viewjob?jk=e9354106294e6bdd,
https://www.indeed.com/viewjob?jk=cb404b4854af17ee,
https://www.linkedin.com/jobs/view/4445273648,
https://www.linkedin.com/jobs/view/4471747785,
https://www.linkedin.com/jobs/view/4471931335,
https://www.indeed.com/viewjob?jk=0532874994fd629a,
https://www.indeed.com/viewjob?jk=22fa86844ed9cf49,
https://www.linkedin.com/jobs/view/4385887779,
https://www.linkedin.com/jobs/view/4473267747,
https://www.indeed.com/viewjob?jk=a13aef4e48b5e8d0,
https://www.indeed.com/viewjob?jk=8e8bfe447c982f51,
https://www.linkedin.com/jobs/view/4386000075,
https://www.linkedin.com/jobs/view/4473510093,
https://www.indeed.com/viewjob?jk=9f8f2129a3e3e960,
https://www.indeed.com/viewjob?jk=1029d553de16721e,
https://www.indeed.com/viewjob?jk=41a0fa2de7b6eb2d,
https://www.indeed.com/viewjob?jk=6fc29dea59a0dbd0,
https://www.linkedin.com/jobs/view/4473015772,
https://www.indeed.com/viewjob?jk=2f38c59850c52ea0,
https://www.linkedin.com/jobs/view/4473014950,
https://www.indeed.com/viewjob?jk=3958af41570f58ac,
https://www.linkedin.com/jobs/view/4473270993,
https://www.indeed.com/viewjob?jk=bb2f8ff4a66be084,
https://www.linkedin.com/jobs/view/4462527687,shi international|associate analytics engineer data visualization
https://www.linkedin.com/jobs/view/4473579240,w b mason|junior data analyst
https://www.linkedin.com/jobs/view/4471263072,bank of america|client quantitative analyst i
https://www.linkedin.com/jobs/view/4471778043,jerry|associate data scientist
https://www.linkedin.com/jobs/view/4472619470,haymarket media us|data analyst client reporting and insights
https://www.linkedin.com/jobs/view/4472326373,tata consultancy services|anti money laundering analyst
https://www.linkedin.com/jobs/view/4468196844,kpmg us|associate financial crimes
https://www.indeed.com/viewjob?jk=57677e6b89713bc9,tecomet|jr data engineer
https://www.linkedin.com/jobs/view/4471775350,jitsu|business insights analyst
https://www.indeed.com/viewjob?jk=1e399c426e21f256,university federal credit union|associate cyber risk analyst
https://www.linkedin.com/jobs/view/4454908492,federal home loan bank of chicago|business risk management analyst
https://www.linkedin.com/jobs/view/4473546395,optum|program integrity clinical compliance auditor
https://www.linkedin.com/jobs/view/4472307668,hifi|compliance associate
https://www.indeed.com/viewjob?jk=9a141cd0c2f28e97,vallen|operations analyst i rfid solutions field implementation
https://www.linkedin.com/jobs/view/4473751164,u s customs and border protection|management and program analyst
https://www.linkedin.com/jobs/view/4471934978,integra fec|data analyst associate data scientist
https://www.linkedin.com/jobs/view/4445787338,freddie mac|capital markets analyst quantitative
https://www.linkedin.com/jobs/view/4471770363,fresh|analyst global forecasting
https://www.linkedin.com/jobs/view/4473759286,boston children s hospital|healthcare data analyst i
https://www.linkedin.com/jobs/view/4471797175,doordash|associate new verticals grocery merchant strategy operations
https://www.linkedin.com/jobs/view/4471776748,molex|vendor managed inventory specialist
https://www.linkedin.com/jobs/view/4473568372,boston university|research data analyst i clinical pathology lab medicine
https://www.linkedin.com/jobs/view/4473285609,inspyr solutions|drilling data analyst
https://www.indeed.com/viewjob?jk=52fee7fe2cb5b527,providence anesthesiology associates pa|business intelligence analyst i
https://www.linkedin.com/jobs/view/4472184902,burgeon it services|machine learning chicago il
https://www.linkedin.com/jobs/view/4471772420,evercore|data analyst private capital advisory new york
https://www.linkedin.com/jobs/view/4471781690,fidelity bank|data automation analyst i
https://www.linkedin.com/jobs/view/4454408376,tempus ai|associate studies portfolio strategy
https://www.linkedin.com/jobs/view/4472172538,welch s|material planner
https://www.linkedin.com/jobs/view/4471514992,home depot|associate data scientist blacklocus
https://www.linkedin.com/jobs/view/4471772927,bloomberg|electronic communications surveillance analyst
https://www.indeed.com/viewjob?jk=993d34746a0e1e45,tech marine business|jr data analyst
https://www.linkedin.com/jobs/view/4472171010,sharkninja|sales operations specialist
https://www.linkedin.com/jobs/view/4428152269,spacex|systems analyst supply chain
https://www.indeed.com/viewjob?jk=9a6372b62380f8ea,ogc global|data scientist
https://www.indeed.com/viewjob?jk=c9a883fc34abf3fa,search homeless services|data analyst
https://www.linkedin.com/jobs/view/4473082321,nutrabolt|associate supply planner
https://www.linkedin.com/jobs/view/4469566169,keurig dr pepper|supply chain planner
https://www.linkedin.com/jobs/view/4472456937,ingenics usa|production control specialist 3rd shift
https://www.linkedin.com/jobs/view/4473511166,pinnacle career coaching|compliance associate
https://www.linkedin.com/jobs/view/4464647495,verisk|risk analyst
https://www.linkedin.com/jobs/view/4454282605,precision medicine|associate research scientist real world evidence
https://www.indeed.com/viewjob?jk=75273d4216fb7441,university of north carolina at chapel hill|data driven envirolab temporary research specialist data analyst
https://www.linkedin.com/jobs/view/4410980362,prophet|insights associate
https://www.linkedin.com/jobs/view/4464901526,liberty mutual insurance|analyst development program boston ma plano tx seattle wa
https://www.indeed.com/viewjob?jk=6c5a045313eebdff,serco|program data analyst navy yard washington d c
https://www.linkedin.com/jobs/view/4463127738,poltrona frau|inventory planner
https://www.linkedin.com/jobs/view/4473717135,pryzm|federal data analyst
https://www.linkedin.com/jobs/view/4462538492,kpler|junior analyst nat gas lng
https://www.linkedin.com/jobs/view/4473063278,university of texas at austin|centralized clinical research operations analyst ii
https://www.linkedin.com/jobs/view/4455537080,crowe|risk technology consultant
https://www.linkedin.com/jobs/view/4471900940,lifecanvas technologies|biomedical data analyst
https://www.linkedin.com/jobs/view/4471942818,pearson|specialist service management
https://www.linkedin.com/jobs/view/4473577153,deloitte|supply chain openings
https://www.linkedin.com/jobs/view/4473060623,ineos olefins polymers usa|business analyst
https://www.linkedin.com/jobs/view/4453686031,devon energy|data analysis professional supply chain
https://www.linkedin.com/jobs/view/4473581463,truist|data scientist i
https://www.indeed.com/viewjob?jk=045d792db134b78e,abacus|data engineer
https://www.linkedin.com/jobs/view/4466923632,united community|fraud agent i
https://www.linkedin.com/jobs/view/4471775133,jerry|associate bizops analytics
https://www.linkedin.com/jobs/view/4473516002,charlotte tilbury beauty|analyst commercial planning
https://www.linkedin.com/jobs/view/4473510741,televisaunivision|sales operations analyst
https://www.indeed.com/viewjob?jk=175ba58909181004,curant health|data reporting analyst
https://www.linkedin.com/jobs/view/4471779051,sol de janeiro|planner key accounts
https://www.indeed.com/viewjob?jk=a3072c22e2e2224c,troutman pepper locke|emerge operations analyst
https://www.indeed.com/viewjob?jk=456e0e7958682e8c,peak workforce solutions|power bi data analyst
https://www.indeed.com/viewjob?jk=7ce3db6801de047c,scale media|data analyst finance
https://www.linkedin.com/jobs/view/4469480938,mount sinai health system|associate bioinformatician windreich department of ai human health
https://www.linkedin.com/jobs/view/4473502746,origin staffing|investment compliance data analyst
https://www.indeed.com/viewjob?jk=7b1848702a77a6e0,brmi|risk analyst
https://www.linkedin.com/jobs/view/4473515596,equinox|allocator retail
https://www.linkedin.com/jobs/view/4464631620,accenture federal services|business analyst
https://www.linkedin.com/jobs/view/4464902555,bj s wholesale club|supply chain analyst
https://www.linkedin.com/jobs/view/4473932056,nestl|sales analyst adusa and costco
https://www.linkedin.com/jobs/view/4471716240,yeti|consumer insights analyst
https://www.indeed.com/viewjob?jk=52ec4910e12be376,aramco americas|associate market risk analyst
https://www.indeed.com/viewjob?jk=65709095314cc942,renaissance learning|data analyst i
https://www.indeed.com/viewjob?jk=a42301c01054bcd6,prime data centers|procurement analyst data center
https://www.indeed.com/viewjob?jk=ee60ebb0df686ab5,commonwealth of massachusetts|data performance analyst
https://www.linkedin.com/jobs/view/4471784339,solomon page|policy form compliance analyst
https://www.linkedin.com/jobs/view/4471759884,medline|analyst prime vendor
https://www.linkedin.com/jobs/view/4468851930,crane chempharma energy|business analyst
https://www.linkedin.com/jobs/view/4471586555,tanium|sales operations analyst
https://www.linkedin.com/jobs/view/4473098237,deloitte|consultant ii technology 3rd party risk management tax transformation
https://www.linkedin.com/jobs/view/4463113454,baker hughes|material planner
https://www.linkedin.com/jobs/view/4473030814,amazon|business analyst amzl utr ppt
https://www.indeed.com/viewjob?jk=f0dd6f35dca132e4,coreweave|insurance risk analyst
https://www.linkedin.com/jobs/view/4472315499,aristocrat interactive|marketing analyst
https://www.indeed.com/viewjob?jk=c0a0f4de55d7ce3a,american dental education association|data analyst
https://www.linkedin.com/jobs/view/4463570673,mather|research associate
https://www.indeed.com/viewjob?jk=d61b406cce1f358f,hanover insurance|human resources compliance analyst
https://www.indeed.com/viewjob?jk=3972caa31e4bb836,tiaa|early talent rotational program nuveen operations
https://www.linkedin.com/jobs/view/4472101502,techtronic industries tti|demand planner
https://www.linkedin.com/jobs/view/4473573672,primerica|brokerage surveillance analyst
https://www.indeed.com/viewjob?jk=25024801f8fc1759,state of colorado|associate data analyst transportation
https://www.linkedin.com/jobs/view/4464697279,trepp|product management analyst
https://www.linkedin.com/jobs/view/4471949891,kraft heinz|analyst portfolio marketing
https://www.indeed.com/viewjob?jk=6b3e6e8832c3a5bf,cme|hr operations analyst
https://www.indeed.com/viewjob?jk=a985d6d1ad046cdf,ignite insurance systems|risk analyst
https://www.indeed.com/viewjob?jk=5b51bad59a2feb0c,lockton companies|risk analyst
https://www.indeed.com/viewjob?jk=4a960b89facfb41f,wego chemical|product operations analyst
https://www.linkedin.com/jobs/view/4471941510,tpg|y analytics health and social impact associate
https://www.indeed.com/viewjob?jk=b0a144cf5c5421e1,geico|business intelligence analyst
https://www.linkedin.com/jobs/view/4473793323,enhance it|data analyst
https://www.indeed.com/viewjob?jk=bbb3594a26c84670,southeast connections|sec payroll operations analyst
https://www.linkedin.com/jobs/view/4471751560,otr solutions|risk specialist
https://www.linkedin.com/jobs/view/4465013281,jpmorganchase|risk management credit risk associate
https://www.linkedin.com/jobs/view/4472153853,jpmorganchase|analyst etf basket operations
https://www.linkedin.com/jobs/view/4473030239,marathon petroleum|trading operations analyst power
https://www.indeed.com/viewjob?jk=32c11b96e9ed238c,star of hope mission|advancement operations research analyst
https://www.indeed.com/viewjob?jk=896375ab9816c013,dhl|business data analyst ii
https://www.indeed.com/viewjob?jk=83df52bee4296559,mercury insurance|data engineer i
https://www.indeed.com/viewjob?jk=cb16d38559fc0b69,southern hobby distribution|data engineer
https://www.linkedin.com/jobs/view/4473599602,inaba foods|category sales analyst
https://www.linkedin.com/jobs/view/4473021451,collins aerospace|materials planner
https://www.indeed.com/viewjob?jk=0ef20e9a1cf900f3,sc state credit union|fraud risk analyst
https://www.indeed.com/viewjob?jk=a0b2d14f10a63dd8,capgemini|data analyst
https://www.indeed.com/viewjob?jk=f64e725c864ea050,scale media|data analyst generalist
https://www.indeed.com/viewjob?jk=46640b226a49286f,new york city department of education|intake technical assistance specialist dece
https://www.linkedin.com/jobs/view/4428872808,invenergy|associate reliability compliance
https://www.indeed.com/viewjob?jk=dbd486c10e7214ff,cook county state s attorney s office|legislative analyst attorney
https://www.linkedin.com/jobs/view/4455904395,amazon|scaled abuse specialist special projects investigations
https://www.linkedin.com/jobs/view/4461997165,bolton|inventory analyst
https://www.indeed.com/viewjob?jk=1fde6e918187f68d,univision communications|analyst privacy operations
https://www.indeed.com/viewjob?jk=59aca85cc941780d,norton rose fulbright|compliance lawyer
https://www.linkedin.com/jobs/view/4473515590,equinox|planner retail
https://www.linkedin.com/jobs/view/4472313557,shiftsmart|strategy ops associate growth insights
https://www.linkedin.com/jobs/view/4473543966,bj s wholesale club|merchandise planner
https://www.indeed.com/viewjob?jk=9d56f62e0d6d6938,lepre enterprises pty|revenue operations analyst
https://www.indeed.com/viewjob?jk=dd597d4613905931,finix consulting|business data analyst
https://www.indeed.com/viewjob?jk=4c0caf29ed0f795c,halvik|strategic plans and policy analyst
https://www.indeed.com/viewjob?jk=43de10da0bbe2c25,nxp semiconductors|data engineer data analyst
https://www.linkedin.com/jobs/view/4473590171,truist|risk finance data management analyst ii
https://www.indeed.com/viewjob?jk=d581d93d0b3b2ded,dominion energy|operations analyst i
https://www.linkedin.com/jobs/view/4472167086,international|logistics analyst day night shift
https://www.indeed.com/viewjob?jk=c3d11062c26f66ab,norton rose fulbright|compliance analyst
https://www.indeed.com/viewjob?jk=862f99b2894ab7aa,colorado judicial branch|court operations analyst
https://www.linkedin.com/jobs/view/4471939517,careismatic brands|supply chain planning analyst
https://www.linkedin.com/jobs/view/4473792663,walgreens|analyst data analytics
https://www.indeed.com/viewjob?jk=d03588a1b73e4260,team tti|demand planner
https://www.linkedin.com/jobs/view/4471552779,purpose financial|data quality analyst
https://www.indeed.com/viewjob?jk=4845b6f68e1f83bf,irhythm technologies|sales operations analyst
https://www.indeed.com/viewjob?jk=9383ad7957838575,builders mutual insurance|data engineer ii
https://www.indeed.com/viewjob?jk=b3a4d08295a81918,husch blackwell|time entry compliance analyst
https://www.indeed.com/viewjob?jk=82e8361f7787e17a,koniag government services|policy analyst ii
https://www.linkedin.com/jobs/view/4473542548,pegasystems|data analyst
https://www.indeed.com/viewjob?jk=97fdb52ecbbf528f,lowe s home improvement|demand planner
https://www.indeed.com/viewjob?jk=c469f17e16d1444c,first community credit union|data analyst ii
https://www.indeed.com/viewjob?jk=aef85bcdcd9de75f,techtronic industries|demand planner
https://www.indeed.com/viewjob?jk=e396bb8ce2f1d4bf,crane worldwide logistics|customs compliance coordinator
https://www.indeed.com/viewjob?jk=5c1cc300bc0fc2ed,cadence design systems|sales operations analyst
https://www.linkedin.com/jobs/view/4473030815,amazon|business analyst amazon logistics amzl otr planning
https://www.indeed.com/viewjob?jk=b5ee9dfe19a870d1,credence|maintenance data analyst u 2
https://www.indeed.com/viewjob?jk=24ff6a19267eea30,aarp|budgeting operations analyst
https://www.indeed.com/viewjob?jk=d17303c8f5a63116,atlas copco|international trade analyst
https://www.indeed.com/viewjob?jk=59a90dbafb9834e7,wgsn|client success executive
https://www.linkedin.com/jobs/view/4471760699,atrium health|data scientist associate transplant
https://www.indeed.com/viewjob?jk=1ec71a885b06a951,devry university|online visiting professor of healthcare analytics
https://www.indeed.com/viewjob?jk=b0b5bfd54d99c15a,cps energy|customer info solutions specialist 1
https://www.indeed.com/viewjob?jk=a0f29bf3a2529092,segra|network data analyst ii
https://www.indeed.com/viewjob?jk=3d6dda8d857b1cf4,tanner health|tmg operations analyst tmg financial
https://www.indeed.com/viewjob?jk=3b67e1583513beb2,i aps|us dept of labor ilab planned procurement bench of evaluation experts
https://www.indeed.com/viewjob?jk=50691c27456c77b1,astroturf|business data analyst
https://www.indeed.com/viewjob?jk=348e5db865b7b83e,complete turbine services|records analyst
https://www.indeed.com/viewjob?jk=1baaf83a3d80b44c,stan ventures|freelance pr data specialist
https://www.indeed.com/viewjob?jk=56ad991be3d5924a,morgan stanley|vulnerability management operations analyst
https://www.indeed.com/viewjob?jk=b338a4078e927102,state of south carolina|public information coordinator i
https://www.linkedin.com/jobs/view/4472145586,jpmorganchase|data scientist senior associate
https://www.linkedin.com/jobs/view/4472601537,columbia university irving medical center|data analyst
https://www.linkedin.com/jobs/view/4472322387,morgan stanley|associate risk policy management
https://www.linkedin.com/jobs/view/4455948697,confido|applied ai data analyst
https://www.linkedin.com/jobs/view/4473919079,palmetto|quanititive associate capital markets
https://www.indeed.com/viewjob?jk=0ab2a1b4ed517ff1,xpertbizz|senior data analyst
https://www.indeed.com/viewjob?jk=cf200310ff23b59b,centene|senior manager finance fp a
https://www.indeed.com/viewjob?jk=5e35a082d7a04210,capgemini|guidewire service delivery manager
https://www.indeed.com/viewjob?jk=455315b58617b9d8,known|manager media strategy
https://www.indeed.com/viewjob?jk=00c60c18d7d7c2d8,paperless post|staff product manager guest experience
https://www.linkedin.com/jobs/view/4446000030,centric brands|digital demand retail planning manager
https://www.linkedin.com/jobs/view/4462548499,betterment|revenue operations manager revenue planning insights
https://www.linkedin.com/jobs/view/4428434173,flexport|analyst transportation supply chain strategy
https://www.linkedin.com/jobs/view/4472601242,jetblue|senior analyst fp a
https://www.linkedin.com/jobs/view/4462551023,ralph lauren|account planning manager lauren rtw
https://www.linkedin.com/jobs/view/4472313472,tarte cosmetics|senior coordinator production planning
https://www.linkedin.com/jobs/view/4471779458,jetblue|senior analyst airline optimization
https://www.linkedin.com/jobs/view/4471953694,fiserv|analyst ii financial crimes compliance investigations
https://www.linkedin.com/jobs/view/4433993233,betterment|sr fraud analyst
https://www.linkedin.com/jobs/view/4471779849,bank of china usa|legal compliance department l2 financial intelligence unit associate avp
https://www.linkedin.com/jobs/view/4473791726,sofi|compliance analytics senior analyst
https://www.linkedin.com/jobs/view/4472301573,aaratech|data analyst
https://www.linkedin.com/jobs/view/4468515070,kpmg us|senior associate financial crimes
https://www.linkedin.com/jobs/view/4462565562,cfsb|sr associate team lead fraud risk oversight
https://www.linkedin.com/jobs/view/4421870416,stonex|futures onboarding specialist
https://www.linkedin.com/jobs/view/4472105357,barclays|suspicious activity reporting specialist
https://www.linkedin.com/jobs/view/4446165426,deutsche bank|divisional risk and control specialist cash management
https://www.linkedin.com/jobs/view/4471928823,affirm|analytics lead deposit fraud risk
https://www.indeed.com/viewjob?jk=4b82dbc084c3912c,news|senior compliance analyst technology operations
https://www.linkedin.com/jobs/view/4471768454,jerry|senior associate bizops analytics
https://www.linkedin.com/jobs/view/4464905388,datadog|gtm strategy operations associate new york
https://www.linkedin.com/jobs/view/4454936108,metropolitan transportation authority|staff analyst series
https://www.linkedin.com/jobs/view/4473511312,wtw|early careers affinity placement analyst
https://www.linkedin.com/jobs/view/4463577723,anthropic|gtm strategy operations amer enterprise tech
https://www.linkedin.com/jobs/view/4473556959,pwc|pharma and life sciences r d operations consultant senior associate
https://www.linkedin.com/jobs/view/4454793444,google|strategy and operations senior associate
https://www.linkedin.com/jobs/view/4473545529,bank of america|wm operations strategy transformation process design consultant
https://www.linkedin.com/jobs/view/4473559882,pwc|pharma and life sciences r d operations consultant senior associate
https://www.indeed.com/viewjob?jk=81f6ab73ebaa04cc,spotify|senior revenue operations analyst
https://www.linkedin.com/jobs/view/4473515331,ice|senior business analyst nyse institute
https://www.linkedin.com/jobs/view/4473925009,nyc public schools|policy development coordinator early childhood dece
https://www.linkedin.com/jobs/view/4473908050,nyc department of health and mental hygiene|policy manager bureau of children youth families development disabilities
https://www.linkedin.com/jobs/view/4465006178,nyc health hospitals|government affairs and strategic initiatives coordinator
https://www.linkedin.com/jobs/view/4471543678,new york city department of consumer and worker protection|director of legislative affairs
https://www.linkedin.com/jobs/view/4471795680,barclays|data privacy specialist
https://www.linkedin.com/jobs/view/4452524200,mastercard|director artificial intelligence policy
https://www.linkedin.com/jobs/view/4353065016,metroplushealth|product specialist materials
https://www.linkedin.com/jobs/view/4473527228,pyramid consulting|public policy manager ii emerging technologies
https://www.linkedin.com/jobs/view/4471935362,hatch|environment people and place analyst
https://www.linkedin.com/jobs/view/4472601220,meta|program manager specialized integrity risk assessments
https://www.linkedin.com/jobs/view/4472613656,percy|affordable housing compliance expert relocation provided
https://www.linkedin.com/jobs/view/4473775847,amalgamated bank|privacy officer
https://www.linkedin.com/jobs/view/4473516615,msig usa|workers compensation product specialist
https://www.indeed.com/viewjob?jk=e74e6da2d15cbab7,new york city department of housing preservation development|compliance specialist lead hazard control healthy homes
https://www.indeed.com/viewjob?jk=17a3fdedf60fd7a2,new york city department of health and mental hygiene|policy manager bureau of children youth families development disabilities
https://www.linkedin.com/jobs/view/4470068468,norc at university of chicago|sas data scientist i health data research
https://www.linkedin.com/jobs/view/4471994967,aaratech|data analyst
https://www.linkedin.com/jobs/view/4473752037,forsyth barnes consultancy|pricing analyst
https://www.linkedin.com/jobs/view/4470327201,vizient|senior analytics insights associate
https://www.linkedin.com/jobs/view/4472156446,ajinomoto health nutrition north america|supply chain data planning specialist
https://www.linkedin.com/jobs/view/4471953357,oil dri of america|regional sales analyst
https://www.linkedin.com/jobs/view/4473530327,motorola solutions|marketing business analyst
https://www.indeed.com/viewjob?jk=fa6e874661eba5ac,capital one|data engineer 4
https://www.indeed.com/viewjob?jk=61913d9ae3b7c261,u s bank|senior cx analytics consultant merchant payment services
https://www.indeed.com/viewjob?jk=983b077e73c6b610,united airlines|data analytics manager
https://www.indeed.com/viewjob?jk=6a24e54c0e5c06ad,okta|staff data analyst people analytics
https://www.indeed.com/viewjob?jk=554dfb44c6e950c5,grant thornton|data analyst data migration senior associate
https://www.indeed.com/viewjob?jk=1b03322c69d75e5e,adyen|senior optimization data analyst
https://www.linkedin.com/jobs/view/4471963386,kraft heinz|sr planner demand
https://www.linkedin.com/jobs/view/4473515623,forcebrands|demand planner
https://www.linkedin.com/jobs/view/4473714224,inaba foods|sales analyst
https://www.linkedin.com/jobs/view/4428433163,flexport|analyst transportation supply chain strategy
https://www.linkedin.com/jobs/view/4465072768,tropicana brands|senior supply chain planner
https://www.linkedin.com/jobs/view/4464936016,kinaxis|senior solutions consultant supply chain optimization
https://www.linkedin.com/jobs/view/4464670958,braze|senior sales operations analyst
https://www.indeed.com/viewjob?jk=568a1306ec6ce979,kraft heinz|sr planner demand
https://www.linkedin.com/jobs/view/4454787876,adyen|associate fraud analyst
https://www.linkedin.com/jobs/view/4462978454,transunion|senior risk management analyst
https://www.linkedin.com/jobs/view/4471936734,affirm|analytics lead deposit fraud risk
https://www.linkedin.com/jobs/view/4471762958,northern trust|central bank governance specialist
https://www.linkedin.com/jobs/view/4473521923,cboe global markets|senior security governance analyst
https://www.linkedin.com/jobs/view/4471747954,jcw|senior auditor data analytics
https://www.linkedin.com/jobs/view/4472312696,ironwood capital management|operational diligence analyst
https://www.linkedin.com/jobs/view/4473707412,stryker|senior technology risk analyst
https://www.linkedin.com/jobs/view/4472623240,harris oakmark|senior compliance officer investment compliance
https://www.linkedin.com/jobs/view/4464437179,capital one|risk manager network participant risk oversight testing monitoring
https://www.linkedin.com/jobs/view/4471781965,alixpartners|investigations compliance privacy director
https://www.linkedin.com/jobs/view/4471765503,jerry|senior associate bizops analytics
https://www.linkedin.com/jobs/view/4437811203,coinbase|business operations senior associate institutional
https://www.linkedin.com/jobs/view/4473560790,pwc|pharma and life sciences r d operations consultant senior associate
https://www.linkedin.com/jobs/view/4471954483,brg|senior associate revenue cycle healthcare
https://www.linkedin.com/jobs/view/4471788844,covista|senior business analyst
https://www.linkedin.com/jobs/view/4464662319,salesforce|business planning operations lead agentforce operations
https://www.linkedin.com/jobs/view/4462546842,grant thornton|value creation associate summer
https://www.linkedin.com/jobs/view/4472169387,uber|sr associate commercial operations us c retail
https://www.linkedin.com/jobs/view/4471261280,accenture|p c management consultant
https://www.linkedin.com/jobs/view/4473591933,norc at university of chicago|research director i health policy specialist
https://www.linkedin.com/jobs/view/4472132309,women of vine spirits|director state government relations
https://www.linkedin.com/jobs/view/4472095951,ziply fiber|local government relations manager
https://www.linkedin.com/jobs/view/4473513651,msig usa|workers compensation product specialist
https://www.linkedin.com/jobs/view/4459255109,intact insurance u s|p c insurance product development specialist
https://www.linkedin.com/jobs/view/4473508339,irca|senior regulatory specialist foods
https://www.linkedin.com/jobs/view/4473551806,dla piper|hr compliance manager
https://www.linkedin.com/jobs/view/4471763675,jerry|insurance compliance regulatory senior lead
https://www.linkedin.com/jobs/view/4472306675,mars|director scientific and regulatory affairs confectionery north america
https://www.linkedin.com/jobs/view/4472307254,blistex|regulatory documentation specialist
https://www.linkedin.com/jobs/view/4473534105,uber|us immigration specialist
https://www.linkedin.com/jobs/view/4473568390,beth israel lahey health|healthcare data analyst
https://www.linkedin.com/jobs/view/4471964048,brg|senior associate healthcare analytics
https://www.linkedin.com/jobs/view/4464906403,liberty mutual insurance|senior analyst property claims analytics
https://www.indeed.com/viewjob?jk=818cadf1ddc0e3eb,merck|scientist wet lab automation
https://www.linkedin.com/jobs/view/4461962607,stop shop|analyst iii demand planning fresh
https://www.linkedin.com/jobs/view/4442874718,mathworks|senior financial analyst sales planning forecasting
https://www.linkedin.com/jobs/view/4473545693,bj s wholesale club|sr merchandise planner
https://www.linkedin.com/jobs/view/4455373152,linksquares|senior gtm data analyst
https://www.linkedin.com/jobs/view/4473796865,keurig dr pepper|senior supply chain analyst
https://www.linkedin.com/jobs/view/4473507359,globe composite solutions|production planner
https://www.linkedin.com/jobs/view/4464935358,entegris|senior specialist finance business partner
https://www.linkedin.com/jobs/view/4445260306,enel north america|principal analyst nodal power markets
https://www.linkedin.com/jobs/view/4459980991,national grid|senior workforce management performance analyst kraken
https://www.linkedin.com/jobs/view/4471764883,palo alto networks|gtm rev ops manager
https://www.linkedin.com/jobs/view/4471785160,palo alto networks|gtm rev ops manager
https://www.linkedin.com/jobs/view/4471933933,affirm|analytics lead deposit fraud risk
https://www.linkedin.com/jobs/view/4471779470,great gray trust|senior information security analyst
https://www.linkedin.com/jobs/view/4473790868,voya financial|sr operational risk analyst business risk management
https://www.linkedin.com/jobs/view/4464931393,deloitte|manager anti money laundering financial crime and fraud
https://www.linkedin.com/jobs/view/4473598579,stryker|senior technology risk analyst
https://www.linkedin.com/jobs/view/4418445023,crowe|financial services cybersecurity internal audit senior consultant
https://www.linkedin.com/jobs/view/4473507610,nextphase search|senior compliance specialist
https://www.linkedin.com/jobs/view/4449733010,brown brothers harriman|aml kyc manager
https://www.linkedin.com/jobs/view/4471983891,kpmg us|manager third party risk inquires
https://www.linkedin.com/jobs/view/4473563353,crowe|large bank information technology internal audit senior consultant
https://www.linkedin.com/jobs/view/4473702532,stryker|lead technology risk analyst
https://www.linkedin.com/jobs/view/4471776071,jerry|senior associate bizops analytics
https://www.linkedin.com/jobs/view/4473904588,trebecon|business operation analyst w2 profiles
https://www.linkedin.com/jobs/view/4473568379,pwc|pharma and life sciences r d operations consultant senior associate
https://www.linkedin.com/jobs/view/4473557393,bj s wholesale club|lead merchandising operations analyst
https://www.linkedin.com/jobs/view/4473040656,cvs health|senior decision scientist retail operations
https://www.linkedin.com/jobs/view/4473510355,staples|sr analyst bi insights
https://www.linkedin.com/jobs/view/4473553641,mitre|intermediate applied operations research analyst
https://www.indeed.com/viewjob?jk=dd5031154f72598c,palo alto networks|gtm rev ops manager
https://www.linkedin.com/jobs/view/4473299603,amazon|principal public policy
https://www.linkedin.com/jobs/view/4462535433,arbella insurance|legal compliance specialist
https://www.linkedin.com/jobs/view/4387160312,charles river associates|senior associate utility regulation and finance
https://www.linkedin.com/jobs/view/4472307354,mit blueprint labs|policy and research manager education initiatives
https://www.linkedin.com/jobs/view/4460053021,collegium pharmaceutical|manager regulatory affairs
https://www.linkedin.com/jobs/view/4473547563,liberty mutual insurance|principal regulatory compliance
https://www.linkedin.com/jobs/view/4436514531,vertex pharmaceuticals|director regulatory labeling strategy
https://www.linkedin.com/jobs/view/4455383666,foundation medicine|sr regulatory affairs specialist
https://www.linkedin.com/jobs/view/4473553157,johnson johnson medtech|digital health regulatory affairs manager
https://www.linkedin.com/jobs/view/4471768447,jerry|insurance compliance regulatory senior lead
https://www.linkedin.com/jobs/view/4473906574,hays|associate director regulatory affairs advertising promotion
https://www.linkedin.com/jobs/view/4465303234,enel north america|hseq data compliance manager
https://www.linkedin.com/jobs/view/4473558603,dla piper|hr compliance manager
https://www.linkedin.com/jobs/view/4464635525,accenture federal services|ai data analyst
https://www.linkedin.com/jobs/view/4472317030,aaratech|data analyst
https://www.linkedin.com/jobs/view/4473906746,expo experts|data analyst
https://www.linkedin.com/jobs/view/4471964049,brg|senior associate healthcare analytics
https://www.linkedin.com/jobs/view/4454787843,koniag government services|reporting analytics specialist
https://www.linkedin.com/jobs/view/4469060553,kpmg us|senior associate data science
https://www.linkedin.com/jobs/view/4473575240,deloitte|finance data reporting automation engineer
https://www.linkedin.com/jobs/view/4472312348,dla careers|supply system analyst
https://www.linkedin.com/jobs/view/4471950829,lawelawe technology services|management analyst
https://www.indeed.com/viewjob?jk=f2f834cd66553a29,capital one|data engineer 4
https://www.indeed.com/viewjob?jk=7c716e3c5f8f027b,capital one|data engineer 4
https://www.indeed.com/viewjob?jk=728810aecb8457fd,capital one|data engineer 4
https://www.indeed.com/viewjob?jk=d4513b9cc944391a,prevailance|knowledge management data analyst
https://www.indeed.com/viewjob?jk=cc858d2605f26dbd,capital one|sr manager data analyst enterprise data risk
https://www.indeed.com/viewjob?jk=013cd8fcf05d452e,saic|bi developer tableau power bi
https://www.indeed.com/viewjob?jk=402992014bd3bfa3,vtg defense|systems engineer sme
https://www.indeed.com/viewjob?jk=b6c6e73a17a6f74f,information technology senior management forum|sr manager data analyst enterprise data risk
https://www.indeed.com/viewjob?jk=9deeea99945c61c2,eastern research|power bi developer
https://www.indeed.com/viewjob?jk=c24c3ab71dfe34cf,e infosol|data analyst
https://www.indeed.com/viewjob?jk=2b872bc91817834b,caci international|jiatf 401 network and cyber test data analyst
https://www.indeed.com/viewjob?jk=1a876435a2874e33,kalman|chief data scientist data analyst
https://www.indeed.com/viewjob?jk=f3741fad568d1a75,okta|staff data analyst people analytics
https://www.indeed.com/viewjob?jk=f7e5082b9e17099e,people technology processes|data analyst and onr on site team lead
https://www.indeed.com/viewjob?jk=e8d112c61656061d,scale ai|senior data analyst public sector
https://www.indeed.com/viewjob?jk=5c8b176b683dd749,rain|financial crimes risk senior data analyst data scientist
https://www.linkedin.com/jobs/view/4454907535,xometry|manager data analytics pricing yield management
https://www.linkedin.com/jobs/view/4465880859,nestl|sr analyst sales operations
https://www.linkedin.com/jobs/view/4473724187,lmi|data scientist clearance required
https://www.linkedin.com/jobs/view/4473903411,markon|fp a analyst
https://www.linkedin.com/jobs/view/4471938824,alteryx|senior financial analyst gtm
https://www.linkedin.com/jobs/view/4471932993,alteryx|senior financial analyst gtm
https://www.linkedin.com/jobs/view/4449679058,nestl|senior supply chain analytics analyst
https://www.linkedin.com/jobs/view/4455920433,amazon|senior financial analyst nacf
https://www.linkedin.com/jobs/view/4473565357,mitre|intermediate applied operations research analyst
https://www.linkedin.com/jobs/view/4473547352,fluence|business analyst fp a and business partnering
https://www.linkedin.com/jobs/view/4455912875,amazon|instock manager wwgs inventory management
https://www.linkedin.com/jobs/view/4473504814,lightshift energy|senior associate financial planning analysis
https://www.linkedin.com/jobs/view/4472601125,control risks|senior due diligence analyst
https://www.linkedin.com/jobs/view/4463816571,koniag government services|senior financial intelligence analyst
https://www.linkedin.com/jobs/view/4473590871,amentum|join our talent network financial crimes analyst
https://www.linkedin.com/jobs/view/4473527212,aalis management consulting|sr purchase card compliance analyst
https://www.linkedin.com/jobs/view/4473734168,momentum engineering|analyst 3
https://www.linkedin.com/jobs/view/4473794526,ptsol progressive technology solutions|operational risk analyst
https://www.linkedin.com/jobs/view/4471941496,affirm|analytics lead deposit fraud risk
https://www.linkedin.com/jobs/view/4473530503,spacex|intelligence analyst
https://www.linkedin.com/jobs/view/4473731395,ruchman and associates|investigative analysts
https://www.linkedin.com/jobs/view/4471968214,charles river associates|associate investigations
https://www.linkedin.com/jobs/view/4472306736,wesbanco|avp enterprise risk management analyst ii risk management
https://www.linkedin.com/jobs/view/4471965965,ey|forensics and integrity services crisis and investigations analyst mclean
https://www.linkedin.com/jobs/view/4473767560,weeghman briggs|compliance analyst 3 with security clearance
https://www.indeed.com/viewjob?jk=34d1329ad99f14a4,cvent|senior analyst security risk and compliance
https://www.indeed.com/viewjob?jk=68e2b1992900a4fd,booz allen hamilton|financial compliance analyst
https://www.indeed.com/viewjob?jk=83c77db714bf1da7,booz allen hamilton|financial compliance analyst
https://www.linkedin.com/jobs/view/4471956858,saliense|management analyst
https://www.linkedin.com/jobs/view/4471781648,blue origin|mba direct pathways
https://www.linkedin.com/jobs/view/4473703767,saliense|business process reengineering specialist
https://www.linkedin.com/jobs/view/4471957360,dla careers|management and program analyst
https://www.linkedin.com/jobs/view/4473564724,pwc|pharma and life sciences r d operations consultant senior associate
https://www.linkedin.com/jobs/view/4471968771,mission technologies a division of hii|dsca business analyst mid level
https://www.linkedin.com/jobs/view/4473508925,aalis management consulting|senior strategic planning business analyst
https://www.linkedin.com/jobs/view/4473716901,strategic ventures consulting|business analyst
https://www.linkedin.com/jobs/view/4471959284,brg|senior associate revenue cycle healthcare
https://www.linkedin.com/jobs/view/4464677657,ankura|senior associate digital transformation
https://www.indeed.com/viewjob?jk=576b6a85a2bd00b7,vantor|devsecops engineer
https://www.indeed.com/viewjob?jk=0f8098f87f91d860,systems planning and analysis|military operations analyst
https://www.linkedin.com/jobs/view/4473547267,halvik|strategic plans and policy analyst
https://www.linkedin.com/jobs/view/4468081407,kpmg us|senior associate federal healthcare policy
https://www.linkedin.com/jobs/view/4473767484,dni|technology and human rights policy analyst with security clearance
https://www.linkedin.com/jobs/view/4473784198,dni|general human rights analyst with security clearance
https://www.linkedin.com/jobs/view/4472220688,nakupuna companies|senior legislative analyst
https://www.linkedin.com/jobs/view/4472127378,koniag government services|policy analyst ii
https://www.linkedin.com/jobs/view/4473735171,momentum engineering|analyst 2 3
https://www.linkedin.com/jobs/view/4471957650,modern technology solutions|senior legislative strategic integration advisor
https://www.linkedin.com/jobs/view/4473550246,halvik|senior mobilization authorities and governance sme
https://www.linkedin.com/jobs/view/4473518727,aalis management consulting|sr comment analyst fdms lead
https://www.linkedin.com/jobs/view/4473713248,cherokee federal|commodity juris analyst iii
https://www.linkedin.com/jobs/view/4473908480,uspto|patent examination policy advisor
https://www.linkedin.com/jobs/view/4473783265,weeghman briggs|rules analyst l2 with security clearance
https://www.linkedin.com/jobs/view/4472300093,amivero|business process specialist technical policy writer
https://www.indeed.com/viewjob?jk=b9945390049134e7,forge|international policy analyst
https://www.indeed.com/viewjob?jk=c0f4aabc6e3d0576,phia|senior cyber policy analyst
https://www.indeed.com/viewjob?jk=3c1edf23ca255a5c,saic|cbrn defense senior analyst
https://www.indeed.com/viewjob?jk=f2b7ca5a790ed490,saic|policy analyst
https://www.indeed.com/viewjob?jk=ebce9d38a7628808,w2 consulting|senior policy liaison
https://www.indeed.com/viewjob?jk=7a1dcbd5923bbe60,booz allen hamilton|cyberspace policy analyst senior
https://www.indeed.com/viewjob?jk=1eeba238f9e8151f,booz allen hamilton|cyberspace policy analyst senior
https://www.linkedin.com/jobs/view/4472780454,comfort systems usa|sr demand planner
https://www.linkedin.com/jobs/view/4473025822,cheniere energy|senior lead specialist inventory
https://www.linkedin.com/jobs/view/4472113743,citgo|sr performance management analyst
https://www.linkedin.com/jobs/view/4473564020,argus media|senior analyst consulting
https://www.linkedin.com/jobs/view/4471254382,bank of america|cons prod strategic analyst iv h4
https://www.linkedin.com/jobs/view/4471926083,trane technologies|logistics engineer
https://www.linkedin.com/jobs/view/4471578978,tiaa|early talent rotational program enterprise analytics retirement strategy
https://www.linkedin.com/jobs/view/4473031108,bank of america|cons prod strat analyst iii
https://www.linkedin.com/jobs/view/4471206338,everbank|lending strategy business ops associate data analytics reporting
https://www.linkedin.com/jobs/view/4473557934,pwc|pharma and life sciences r d operations consultant senior associate
https://www.indeed.com/viewjob?jk=a8dda03309a36648,fitch irick|senior operations analyst
https://www.linkedin.com/jobs/view/4452294345,hyster yale materials handling|supply chain rotational i program
https://www.linkedin.com/jobs/view/4473729015,lowe s companies|demand planner
https://www.linkedin.com/jobs/view/4472145618,food lion|analyst demand planning
https://www.linkedin.com/jobs/view/4473599474,lowe s companies|associate inventory planner irp
https://www.linkedin.com/jobs/view/4473532843,clorox|customer senior analyst
https://www.linkedin.com/jobs/view/4473568211,owens corning|s op analyst
https://www.linkedin.com/jobs/view/4473598852,sealed air|senior analyst pricing value management
https://www.indeed.com/viewjob?jk=445b25f88fb851f5,advance auto parts|sr manager inventory management
https://www.linkedin.com/jobs/view/4471517864,proterra|fp a analyst
https://www.linkedin.com/jobs/view/4472615662,central electric power cooperative|senior load forecast analyst i
https://www.linkedin.com/jobs/view/4473912532,newrez|senior analyst strategic analytics
https://www.linkedin.com/jobs/view/4471952323,horton|financial analyst
https://www.linkedin.com/jobs/view/4471746685,sotalent|associate data scientist
https://www.linkedin.com/jobs/view/4473027461,fort bend isd|analyst data systems
https://www.linkedin.com/jobs/view/4473583506,uthealth houston|data management analyst school of public health
https://www.linkedin.com/jobs/view/4471773856,providence anesthesiology associates|business intelligence analyst i
https://www.indeed.com/viewjob?jk=e676705f796c8e21,vaya health|application product developer
https://www.indeed.com/viewjob?jk=5bf411f9d73b2687,u s bank|senior cx analytics consultant merchant payment services
https://www.indeed.com/viewjob?jk=7fdf61d8c4404072,usaa|audit data analyst senior auditor
https://www.indeed.com/viewjob?jk=77738978d2d45803,thermo fisher scientific|data analyst project manager
https://www.indeed.com/viewjob?jk=af50cd7ec5e0f758,cpi security|senior marketing data analyst
https://www.indeed.com/viewjob?jk=69a83c08d1c2f0bc,wells fargo|product owner intraday liquidity
https://www.indeed.com/viewjob?jk=749e777408a46a2a,mcgough construction|senior construction performance analyst
https://www.indeed.com/viewjob?jk=37f60133c2d8362a,booz allen hamilton|data scientist
https://www.indeed.com/viewjob?jk=c7eff57c65f2339c,fct|senior data engineer
https://www.indeed.com/viewjob?jk=4e30c6b4e3631e24,metlife|technology data analyst
https://www.indeed.com/viewjob?jk=2e9c8de251a43567,hartford|director data and analytics ai engineering
https://www.indeed.com/viewjob?jk=3fcf53b983246baf,titan technologies|senior data analyst
https://www.linkedin.com/jobs/view/4445339059,petco|senior analyst operations process
https://www.linkedin.com/jobs/view/4473028918,pwc|product development excellence senior associate
https://www.linkedin.com/jobs/view/4471547817,ryan|senior consultant business solutions
https://www.linkedin.com/jobs/view/4471766824,usaa|business process owner 1 life claims experience team
https://www.linkedin.com/jobs/view/4473910714,marathon petroleum|value chain model optimization advisor engineer
https://www.linkedin.com/jobs/view/4472310606,thermon|cost analyst
https://www.indeed.com/viewjob?jk=7f22be7c4cda970a,usaa|lead business strategy analyst p c workforce analytics
https://www.indeed.com/viewjob?jk=28bc879351ac1569,usaa|business strategy analyst senior
https://www.indeed.com/viewjob?jk=fc3c9577b4e02c20,usaa|business strategy analyst
https://www.linkedin.com/jobs/view/4465880273,eqt|commodities services analyst senior analyst
https://www.linkedin.com/jobs/view/4473553991,pwc|pharma and life sciences r d operations consultant senior associate
https://www.linkedin.com/jobs/view/4472314489,pemex deer park|senior business analyst
https://www.linkedin.com/jobs/view/4455525514,pwc|fme developer consultant senior associate
https://www.linkedin.com/jobs/view/4455534498,pwc|gis web ai developer senior associate
https://www.linkedin.com/jobs/view/4473796300,urban electric|business intelligence developer
https://www.linkedin.com/jobs/view/4471960488,ana|hris analyst
https://www.indeed.com/viewjob?jk=6cd974f05e851035,nan|public information coordinator i
https://www.indeed.com/viewjob?jk=5097e17f334d2c2a,blue cross blue shield|lead data analyst
https://www.indeed.com/viewjob?jk=164b86f20eb58b85,fct|senior data engineer
https://www.linkedin.com/jobs/view/4472314709,cox little|data analyst
https://www.indeed.com/viewjob?jk=1468ed588c3cbccf,google|business intelligence analyst google global infrastructure strategy and operations
https://www.linkedin.com/jobs/view/4473046339,pwc|product development excellence senior associate
https://www.linkedin.com/jobs/view/4446116809,spacex|sr business analyst
https://www.indeed.com/viewjob?jk=2d082e0ab095f86a,lam research|business operations analyst 4
https://www.linkedin.com/jobs/view/4452541550,robinhood|data solutions validation sr specialist
https://www.linkedin.com/jobs/view/4473076934,deloitte|senior technology 3rd party risk tax transformation
https://www.linkedin.com/jobs/view/4408596043,block|staff data analyst block compliance
https://www.linkedin.com/jobs/view/4473002925,ss c technologies|compliance officer trust officer
https://www.linkedin.com/jobs/view/4471935763,affirm|analytics lead deposit fraud risk
https://www.linkedin.com/jobs/view/4471927978,affirm|analytics lead deposit fraud risk
https://www.linkedin.com/jobs/view/4368283246,riveron|financial planning and analysis senior associate
https://www.linkedin.com/jobs/view/4473072096,checkr|strategic finance senior analyst
https://www.linkedin.com/jobs/view/4471533152,vf|smartwool icebreaker senior analyst gtm pricing costing margin amer
https://www.linkedin.com/jobs/view/4472318806,ardent mills|supply chain system data analyst
https://www.linkedin.com/jobs/view/4472313369,zimmer biomet|senior fp a analyst
https://www.linkedin.com/jobs/view/4472313368,zimmer biomet|senior fp a analyst
https://www.linkedin.com/jobs/view/4470333065,vizient|senior analytics insights associate
https://www.linkedin.com/jobs/view/4473266811,ooni|senior demand planner
https://www.linkedin.com/jobs/view/4464983356,oracle|supply demand planner oci networking
https://www.linkedin.com/jobs/view/4473778548,ashton north|senior demand planner
https://www.linkedin.com/jobs/view/4455944936,acrisure|lead quantitative analyst revenue intelligence
https://www.linkedin.com/jobs/view/4471952343,disco|senior fp a analyst
https://www.linkedin.com/jobs/view/4471793074,applied materials|program manager materials planning
https://www.indeed.com/viewjob?jk=b2cb3aaf26e38266,ooni limited|senior demand planner
https://www.linkedin.com/jobs/view/4471235152,purpose financial|information security grc analyst iii
https://www.linkedin.com/jobs/view/4467205971,bluecross blueshield of south carolina|internal financial controls analyst
https://www.linkedin.com/jobs/view/4473515495,aml rightsource|senior financial crimes investigator
https://www.linkedin.com/jobs/view/4419515891,rsi|nuclear material control accountability specialist
https://www.linkedin.com/jobs/view/4473797637,voya financial|sr operational risk analyst business risk management
https://www.linkedin.com/jobs/view/4471975257,south carolina department of juvenile justice|prea compliance specialist
https://www.linkedin.com/jobs/view/4471237379,usaa|decision science analyst senior life company data and analytics paid media performance analyst social search
https://www.linkedin.com/jobs/view/4464652960,rheem manufacturing|distribution center planner iii
https://www.linkedin.com/jobs/view/4471761867,frost|data analyst iii
https://www.linkedin.com/jobs/view/4473521022,envision technology solutions|data scientist
https://www.linkedin.com/jobs/view/4473282709,mckesson|sr analyst customer demand planning
https://www.linkedin.com/jobs/view/4473288526,mckesson|sr analyst consensus demand planning
https://www.linkedin.com/jobs/view/4473061549,dexcom|sr planner analyst
https://www.linkedin.com/jobs/view/4473520302,truist|financial crimes analyst iii
https://www.linkedin.com/jobs/view/4473554666,visa|program manager compliance
https://www.linkedin.com/jobs/view/4471945219,affirm|analytics lead deposit fraud risk
https://www.indeed.com/viewjob?jk=626819f24d9c1d11,marsh|risk summer intern college program
https://www.linkedin.com/jobs/view/4473011419,napa auto parts|senior analyst
https://www.linkedin.com/jobs/view/4464697201,clorox|senior demand planner
https://www.linkedin.com/jobs/view/4471767843,veritiv|senior demand planner
https://www.linkedin.com/jobs/view/4471933868,delta air lines|sr data analyst operations performance and planning
https://www.linkedin.com/jobs/view/4464666048,rheem manufacturing|distribution center planner iii
https://www.linkedin.com/jobs/view/4470563449,lightera|pricing and forecast specialist
https://www.linkedin.com/jobs/view/4471777488,veritiv|inventory planner
https://www.linkedin.com/jobs/view/4428424249,flexport|analyst transportation supply chain strategy
https://www.indeed.com/viewjob?jk=24b14f68836c4b9b,veritiv|senior demand planner
https://www.indeed.com/viewjob?jk=11333fa1e089dcd0,frontier natural gas|gas pipeline compliance analyst
https://www.indeed.com/viewjob?jk=852211720082e7b6,truist|financial crimes analyst iii
https://www.indeed.com/viewjob?jk=d1b1ff04ca98f5c6,leggett platt|compliance analyst
https://www.indeed.com/viewjob?jk=ac8fd646a3e11bcc,nan|risk analyst
https://www.indeed.com/viewjob?jk=99277fbdcbffca8a,amentum|senior cybersecurity analyst
https://www.indeed.com/viewjob?jk=98a93dc07664acf5,wm|sr renewable natural gas compliance analyst
https://www.indeed.com/viewjob?jk=7f59dac3262899bb,aramco americas|sr market risk analyst
https://www.indeed.com/viewjob?jk=db8bf3660e9d0adc,capgemini|junior data scientist
https://www.indeed.com/viewjob?jk=f4fe6f701d815419,capgemini|junior data scientist
https://www.indeed.com/viewjob?jk=9ba0e741d255470c,u s bank|senior cx analytics consultant merchant payment services
https://www.indeed.com/viewjob?jk=6425633f280a19e8,ryder system|lead customer insights and data analyst
https://www.indeed.com/viewjob?jk=60b04b5236bea49b,thermo fisher scientific|data analyst project manager
https://www.indeed.com/viewjob?jk=455cf326e5d6a614,cox enterprises|data analysis manager
https://www.indeed.com/viewjob?jk=ce28ee1aa730fa30,global payments|business data analyst
https://www.indeed.com/viewjob?jk=80a04d7cca55a38d,fct|senior data engineer
https://www.indeed.com/viewjob?jk=15c4d2ba09e3f54d,google|business intelligence analyst google global infrastructure strategy and operations
https://www.indeed.com/viewjob?jk=78efdc07ec27a085,nan|senior business intelligence analyst database engineer
https://www.indeed.com/viewjob?jk=f0458ef37f8e8dd5,activeprospect|revenue operations analyst marketing
https://www.indeed.com/viewjob?jk=01ee24c1e8944199,t mobile|sr analyst broadband business intelligence
https://www.indeed.com/viewjob?jk=de80060f6d7987a7,prowers medical center|compliance officer
https://www.indeed.com/viewjob?jk=bca63303530d9e5c,state of colorado|traffic data analyst denver
https://www.indeed.com/viewjob?jk=f0c613104583d041,echostar|senior data analyst data management bi
https://www.indeed.com/viewjob?jk=6b3e55296134238f,google|business intelligence analyst google global infrastructure strategy and operations
https://www.indeed.com/viewjob?jk=f21095866c8ea2dc,frost|data analyst iii
https://www.indeed.com/viewjob?jk=50dcc6d5afd6e6fc,vantor|operations analyst
https://www.indeed.com/viewjob?jk=378931ed981a6a49,vantor|operations analyst
https://www.indeed.com/viewjob?jk=c85a18e37631403c,deloitte|cyber threat intel analyst
https://www.indeed.com/viewjob?jk=95a317b861b273e9,ursa major technologies|senior manager strategy agenda
https://www.indeed.com/viewjob?jk=258f561df537786b,booz allen hamilton|defensive cyber operations analyst
https://www.indeed.com/viewjob?jk=f80838470f057257,booz allen hamilton|defensive cyber operations analyst
https://www.indeed.com/viewjob?jk=1feac0d7fd7e6e17,nan|sr consultant microsoft purview data security governance
https://www.indeed.com/viewjob?jk=8f3d04ff5e8cd4ab,usaa|quantitative risk analyst lead p c
https://www.indeed.com/viewjob?jk=9ebedeb940032159,varteq|data analyst
https://www.indeed.com/viewjob?jk=ce10f5834e9375f7,scale media|senior data analyst finance
https://www.indeed.com/viewjob?jk=8742287b830ebcb3,caci international|data analyst
https://www.indeed.com/viewjob?jk=ed859e450f4fb1f8,upstart|senior infrastructure engineer
https://www.indeed.com/viewjob?jk=7b90fda3c4ec82e7,health center partners of southern california|ihp manager healthcare data integration
https://www.indeed.com/viewjob?jk=541d630216741888,guttmacher institute|senior data analyst
https://www.indeed.com/viewjob?jk=167837cdd894945f,chromalloy|senior epicor erp data migration specialist
https://www.indeed.com/viewjob?jk=6ba76a4ee500fd63,lockheed martin|data analyst stf e4 advanced
https://www.linkedin.com/jobs/view/4471936963,emonics|associate data analyst
https://www.linkedin.com/jobs/view/4471975359,haystack|data analyst
https://www.linkedin.com/jobs/view/4454934612,applied systems|business insights analyst
https://www.linkedin.com/jobs/view/4471746227,charles schwab|specialist business strategy trading services
https://www.indeed.com/viewjob?jk=35186e563b1a46a9,rippling|data analyst payments
https://www.linkedin.com/jobs/view/4471921907,siemens healthineers|commercial strategy performance analyst within cst and est
https://www.linkedin.com/jobs/view/4471794866,nyu langone health|data analyst
https://www.indeed.com/viewjob?jk=24e9bddd262f10a8,capital one|data engineer 4
https://www.indeed.com/viewjob?jk=e514f15ff0b1be4b,capital one|data engineer 4
https://www.indeed.com/viewjob?jk=68101adf03f8ea37,capital one|data engineer 4
https://www.indeed.com/viewjob?jk=98b9323fde0e076c,capital one|data engineer 4
https://www.indeed.com/viewjob?jk=660e2cf474b4e061,capital one|data engineer 5
https://www.linkedin.com/jobs/view/4471763672,jerry|associate data scientist
https://www.linkedin.com/jobs/view/4471772225,jerry|associate data scientist
https://www.indeed.com/viewjob?jk=b576eb7aae049f1e,w b mason|junior data analyst
https://www.indeed.com/viewjob?jk=8c13406c81164399,abacus|data engineer
https://www.indeed.com/viewjob?jk=d86f759344da5731,abacus|data engineer
https://www.indeed.com/viewjob?jk=d273f84f7342b5f6,evercore|data analyst private capital advisory new york
https://www.linkedin.com/jobs/view/4471760832,jerry|associate bizops analytics
https://www.linkedin.com/jobs/view/4471757980,jerry|associate bizops analytics
https://www.indeed.com/viewjob?jk=fe8a39bb4284ec59,boston children s hospital|healthcare data analyst i
https://www.indeed.com/viewjob?jk=cf886c5ea8b95926,university of texas at austin|centralized clinical research operations analyst ii
https://www.linkedin.com/jobs/view/4473086690,deloitte|consultant ii technology 3rd party risk management tax transformation
https://www.linkedin.com/jobs/view/4471959084,pearson|specialist service management
https://www.linkedin.com/jobs/view/4471940873,pearson|specialist service management
https://www.linkedin.com/jobs/view/4455519254,crowe|risk technology consultant
https://www.indeed.com/viewjob?jk=1238b17db6bdb274,renaissance learning|data analyst i
https://www.indeed.com/viewjob?jk=e298137bb5e0e932,verisk|risk analyst
https://www.linkedin.com/jobs/view/4473017906,marathon petroleum|trading operations analyst power
https://www.linkedin.com/jobs/view/4473711294,inaba foods|category sales analyst
https://www.indeed.com/viewjob?jk=cbdcb6a0ee644759,norton rose fulbright|compliance lawyer
https://www.indeed.com/viewjob?jk=11883c7d5be19355,norton rose fulbright|compliance analyst
https://www.linkedin.com/jobs/view/4472375348,pcs wireless|junior data analyst
https://www.linkedin.com/jobs/view/4455795535,amazon|business analyst i global logistics domestic first mile
https://www.linkedin.com/jobs/view/4437422411,adore me|associate analyst data analytics
https://www.linkedin.com/jobs/view/4474105877,constellation brands|logistics fulfillment planning analyst
https://www.linkedin.com/jobs/view/4446343924,whoop|business analyst i
https://www.linkedin.com/jobs/view/4474338129,wsp in u s|data analytics program management consultant
https://www.linkedin.com/jobs/view/4473983077,havi|supply chain planning analyst
https://www.linkedin.com/jobs/view/4472392326,aecom|entry level data scientist networking event with aecom
https://www.linkedin.com/jobs/view/4463433041,kroll|associate investigations diligence and compliance
https://www.linkedin.com/jobs/view/4473552565,liberty university|strategy operations analyst i
https://www.linkedin.com/jobs/view/4474308591,calibre cpa|data analyst
https://www.indeed.com/viewjob?jk=7a29f976f0454932,haymarket media|data analyst client insights and reporting
https://www.linkedin.com/jobs/view/4474346803,cook county government|performance management analyst
https://www.linkedin.com/jobs/view/4446750009,herm s|vie data analyst new york
https://www.linkedin.com/jobs/view/4472355219,ryder system|data analyst ii
https://www.linkedin.com/jobs/view/4472335017,live casino hotel maryland|aml coordinator maryland
https://www.linkedin.com/jobs/view/4462170511,amazon|business intelligence engineer internal audit data analytics support
https://www.linkedin.com/jobs/view/4465086136,moore|data analyst
https://www.linkedin.com/jobs/view/4473917361,njm insurance|claims insights analyst associate
https://www.linkedin.com/jobs/view/4463868802,smithfield foods|associate demand planner
https://www.indeed.com/viewjob?jk=312a15f7e12d3884,carnegie mellon university|associate data scientist
https://www.linkedin.com/jobs/view/4474123398,videojet technologies|global installed base commercial excellence analyst
https://www.linkedin.com/jobs/view/4459266555,resolution economics|labor employment consultant i
https://www.linkedin.com/jobs/view/4472640997,teradyne|business intelligence professional
https://www.indeed.com/viewjob?jk=647d32eb31b1193e,gbu life|enterprise data data engineer i
https://www.linkedin.com/jobs/view/4465318787,ankura|university associate forensic data analytics
https://www.linkedin.com/jobs/view/4474327125,beacon hill|data analyst
https://www.linkedin.com/jobs/view/4474338675,wayfair|operations analyst
https://www.linkedin.com/jobs/view/4465326406,crestron electronics|demand planner
https://www.linkedin.com/jobs/view/4473929936,safilo|demand planner
https://www.linkedin.com/jobs/view/4472346444,smithfield foods|associate supply planner
https://www.indeed.com/viewjob?jk=3496935860115dd3,apex|digital product data analyst
https://www.linkedin.com/jobs/view/4474332576,societe generale|futures surveillance compliance associate chicago
https://www.linkedin.com/jobs/view/4473948920,harnham|ecommerce analyst
https://www.indeed.com/viewjob?jk=908e2a1cfa085023,integrity management services|data analyst ii
https://www.linkedin.com/jobs/view/4465344873,burlington stores|real estate strategy gis analyst
https://www.linkedin.com/jobs/view/4473910941,trackman|analyst strategy new ventures
https://www.linkedin.com/jobs/view/4473981974,deloitte|healthcare supply chain data analytics strategy growth and transformation consultant
https://www.linkedin.com/jobs/view/4472372371,baird|data analytics analyst
https://www.linkedin.com/jobs/view/4453468170,william blair|compliance analyst
https://www.linkedin.com/jobs/view/4465631045,northwestern university|regulatory coordinator
https://www.linkedin.com/jobs/view/4472546826,illinois tollway|policy and planning analyst i
https://www.indeed.com/viewjob?jk=2f2dbceff603179a,mufg|business data analyst
https://www.linkedin.com/jobs/view/4474153608,national highway traffic safety administration nhtsa|program analyst internal to nhtsa
https://www.linkedin.com/jobs/view/4452852920,bdo usa|experienced associate risk advisory services
https://www.linkedin.com/jobs/view/4471776409,intepros|technical business analyst
https://www.linkedin.com/jobs/view/4471765727,hikma pharmaceuticals|supply chain analyst
https://www.linkedin.com/jobs/view/4473721606,hanover bank|bsa analyst
https://www.linkedin.com/jobs/view/4378628094,spacex|technical satellite policy analyst
https://www.indeed.com/viewjob?jk=37a7671966dd0ab0,widget financial|bsa compliance analyst
https://www.indeed.com/viewjob?jk=70e78631b1d5b1e5,community college of baltimore county|programmer i and programmer ii
https://www.linkedin.com/jobs/view/4121056699,beyond finance|business analytics associate
https://www.linkedin.com/jobs/view/4474157264,office of management and budget|policy analyst
https://www.linkedin.com/jobs/view/4474149749,department of war education activity|risk management and internal controls specialist
https://www.linkedin.com/jobs/view/4444173989,beth israel lahey health|regulatory specialist for center for anesthesia research excellence
https://www.indeed.com/viewjob?jk=af3825b8163c5644,rxr|risk insurance data analyst
https://www.linkedin.com/jobs/view/4472956126,molex|global demand planner
https://www.linkedin.com/jobs/view/4473517999,germer international pharmaceutical recruiting|supply chain planner
https://www.linkedin.com/jobs/view/4452862286,five below|analyst replenishment ordering
https://www.indeed.com/viewjob?jk=8745b662739d2a70,fulton bank|data and reporting compliance analyst
https://www.linkedin.com/jobs/view/4474316673,edo|media analytics associate
https://www.linkedin.com/jobs/view/4472949156,chronograph|private equity data operations analyst
https://www.linkedin.com/jobs/view/4472564657,addison|purchasing analyst
https://www.linkedin.com/jobs/view/4472654338,dc department of human resources|transportation planner
https://www.linkedin.com/jobs/view/4470326548,sparx hockey|buyer planner i
https://www.linkedin.com/jobs/view/4473983218,nestl|sales analytics analyst category
https://www.linkedin.com/jobs/view/4474378045,asml|operational planner returnable transport materials
https://www.linkedin.com/jobs/view/4465344813,alvarez marsal|associate global transaction analytics
https://www.linkedin.com/jobs/view/4460060408,avis budget|revenue management analyst
https://www.linkedin.com/jobs/view/4474318991,booz allen hamilton|ai data analyst
https://www.linkedin.com/jobs/view/4466116393,exemplar luxury|analyst consumer research and insights
https://www.linkedin.com/jobs/view/4456326561,landing point|private markets business management analyst
https://www.linkedin.com/jobs/view/4474349099,societe generale|digital assets compliance advisor
https://www.indeed.com/viewjob?jk=77d2561f177786c8,chicago public schools|data strategist
https://www.linkedin.com/jobs/view/4432052651,beth israel lahey health|biostatistician i
https://www.linkedin.com/jobs/view/4473997665,aptiv|product strategy associate
https://www.linkedin.com/jobs/view/4472644793,dc department of human resources|development review specialist
https://www.linkedin.com/jobs/view/4472544502,uline|business intelligence analyst
https://www.linkedin.com/jobs/view/4465809788,keenova|compliance specialist
https://www.indeed.com/viewjob?jk=c257611663b9a08e,axalta coating systems|refinish north america rotational opportunity
https://www.indeed.com/viewjob?jk=cd36cc3c02e501b2,gxo logistics|sap supply chain operations analyst 1st shift
https://www.indeed.com/viewjob?jk=1f1d39e515cfa927,christian brothers services|business analyst
https://www.indeed.com/viewjob?jk=ea6f2be7a5989240,confido|gtm strategy and operations analyst
https://www.linkedin.com/jobs/view/4437432553,boston university|genetics genomics programmer and data analyst school of medicine genetics molecular medicine
https://www.linkedin.com/jobs/view/4445974905,mckinsey|capabilities insights analyst automotive
https://www.linkedin.com/jobs/view/4465088328,amc global media|sales planner
https://www.linkedin.com/jobs/view/4469095676,kpmg us|associate tax ignition
https://www.indeed.com/viewjob?jk=3ae6b6050ed12ffe,constellation brands|executive operations analyst
https://www.indeed.com/viewjob?jk=406d1477b6a9ee36,safilo usa|demand planner
https://www.linkedin.com/jobs/view/4474158277,defense logistics agency|inventory accountability analyst
https://www.indeed.com/viewjob?jk=0431ba8ac3d10f48,information technology senior management forum|data analyst strategist digital experimentation analytics
https://www.linkedin.com/jobs/view/4474135733,jpmorganchase|business analysis associate ii
https://www.linkedin.com/jobs/view/4472630480,kamispro|enterprise systems and data analyst
https://www.indeed.com/viewjob?jk=b1f3c7b84f988d78,stream|analytics engineer
https://www.indeed.com/viewjob?jk=f441a681f0cbde44,bally s interactive|aml analyst
https://www.indeed.com/viewjob?jk=a6257ba9ab49473e,markel|markel underwriting training program central
https://www.linkedin.com/jobs/view/4472642392,nutrien|supply planner
https://www.linkedin.com/jobs/view/4473991178,eastman|integrated planner
https://www.indeed.com/viewjob?jk=9c4e199257dba4d9,ripple|product operations analyst
https://www.indeed.com/viewjob?jk=7475ee59855faeae,tiaa|trust operations analyst
https://www.indeed.com/viewjob?jk=9ac5cad69f161941,spry methods|cybersecurity identity authentication pki analyst
https://www.indeed.com/viewjob?jk=57741b379cd50758,marsh|market data analyst
https://www.indeed.com/viewjob?jk=c9c86ba638f1fa00,all native|business operations analyst 2
https://www.indeed.com/viewjob?jk=0d24e79b6845b4de,amphenol|manufacturing operations data analyst
https://www.indeed.com/viewjob?jk=a21954f53c8eee20,guidehouse|credit risk analyst
https://www.linkedin.com/jobs/view/4441225772,lincoln financial|compliance consultant
https://www.indeed.com/viewjob?jk=fbcbd5d25f6e3e6c,infinity natural resources|reservoir data analyst
https://www.indeed.com/viewjob?jk=248a38b305abce6c,vertex pharmaceuticals|business system analyst hr datawarehouse
https://www.indeed.com/viewjob?jk=4e4f5916bece927b,booz allen hamilton|operations analyst
https://www.indeed.com/viewjob?jk=e8134f6762637de6,mufg|securities and market risk data analyst
https://www.linkedin.com/jobs/view/4452850296,five below|regional planner
https://www.indeed.com/viewjob?jk=d8c4830218e38607,cbre|data analyst
https://www.indeed.com/viewjob?jk=549c982ae707285f,q e d systems|metrics and data analyst
https://www.indeed.com/viewjob?jk=3cd8497cbb45bfb2,kph healthcare services|business data analyst
https://www.indeed.com/viewjob?jk=3f87e0b527b0a849,chelsea groton bank|operations and security risk analyst
https://www.indeed.com/viewjob?jk=ab32c2edddeae465,bank of america|tax accountant ii fiduciary tax data analyst private bank
https://www.indeed.com/viewjob?jk=bb95fd4a6fb1264a,advocate aurora health|claims risk analyst
https://www.indeed.com/viewjob?jk=a771a0d68c1143e8,bny|client operations analyst
https://www.indeed.com/viewjob?jk=4d2d69fe190bddda,koniag government services|forensic data analyst
https://www.indeed.com/viewjob?jk=41e385afa591b6c9,keybank|consumer credit risk analyst
https://www.indeed.com/viewjob?jk=dc7a39e00e715a10,bny|operations analyst
https://www.indeed.com/viewjob?jk=3787dd81797582db,amphenol|data analyst
https://www.indeed.com/viewjob?jk=05e75d96a6528985,cbre|capital markets ops analyst
https://www.linkedin.com/jobs/view/4443690052,ugg|sales planner na ugg
https://www.indeed.com/viewjob?jk=6da7cb82e67d4880,butler till|data operations analyst
https://www.indeed.com/viewjob?jk=b4b1a2cfdd615e07,cvs health|financial operations analyst rebate research
https://www.indeed.com/viewjob?jk=2806335e28401e5f,takeda pharmaceuticals|channel operations analyst i
https://www.indeed.com/viewjob?jk=52ed7161c2fbab9b,enercon engineering|production planner i
https://www.indeed.com/viewjob?jk=ad81ce6e804bb10d,pnc financial services|portfolio analytics strategy analyst
https://www.indeed.com/viewjob?jk=1d38107d7507c3ae,eastman chemical|integrated planner
https://www.indeed.com/viewjob?jk=2dfd99f0dba3a6a6,realign|sap data quality analyst 6
https://www.indeed.com/viewjob?jk=d7003c4b121a9165,customers bank|cyber risk analyst
https://www.indeed.com/viewjob?jk=6dc5c1b4aaf1e622,sterilite|planning and forecasting analyst
https://www.indeed.com/viewjob?jk=b7cf50d011382bea,general dynamics mission systems|operations analyst
https://www.indeed.com/viewjob?jk=98dc2ab1bd7e8c8a,woodruff energy|natural gas operations analyst
https://www.indeed.com/viewjob?jk=8d1f0de7778e82cf,realign|crm functional analyst
https://www.indeed.com/viewjob?jk=563c1dbc3a3fff8b,esl federal credit union|loan portfolio risk analyst
https://www.linkedin.com/jobs/view/4465367296,shopbop|bus analyst ii
https://www.linkedin.com/jobs/view/4472328802,blackstone|data analyst associate private equity technology
https://www.linkedin.com/jobs/view/4472343760,national life|associate mortgage analytics
https://www.linkedin.com/jobs/view/4473989572,confido|applied ai data analyst
https://www.linkedin.com/jobs/view/4471928789,optimal ticketing|pricing analyst
https://www.indeed.com/viewjob?jk=3110d0321125632d,apple bank|senior commercial real estate data analyst
https://www.indeed.com/viewjob?jk=8d8335fc573067df,nan|senior data analyst
https://www.indeed.com/viewjob?jk=8e0bdbb2ded9d458,acmh|case manager safe options support
https://www.indeed.com/viewjob?jk=12cae3100e41d912,accenture|martech delivery lead
https://www.indeed.com/viewjob?jk=54b53430411c063b,cloud and things|senior data analyst
https://www.indeed.com/viewjob?jk=2114e7bf9d002911,teladoc health|marketing reporting and analytics senior manager
https://www.indeed.com/viewjob?jk=00d418be20db6ea0,logic|martech delivery lead
https://www.indeed.com/viewjob?jk=4efbc31df998acf9,capgemini|fcc compliance risk analytics manager
https://www.linkedin.com/jobs/view/4472384131,kenvue|senior demand planner
https://www.linkedin.com/jobs/view/4465095076,vince|senior planner wholesale
https://www.linkedin.com/jobs/view/4369822706,herm s|inventory planning manager
https://www.linkedin.com/jobs/view/4455965242,acrisure|lead quantitative analyst revenue intelligence
https://www.linkedin.com/jobs/view/4459589762,modo energy|market analyst
https://www.linkedin.com/jobs/view/4474132012,hellofresh|senior procurement analyst packaging
https://www.linkedin.com/jobs/view/4417872029,cartier|sr analyst workforce management
https://www.linkedin.com/jobs/view/4417858098,cartier|manager jewelry merchandise planning
https://www.linkedin.com/jobs/view/4465339025,navan|sr analyst gtm strategy operations
https://www.indeed.com/viewjob?jk=a592865a62851d31,kenvue|senior demand planner
https://www.linkedin.com/jobs/view/4472657221,aca|senior compliance analyst anti money laundering
https://www.linkedin.com/jobs/view/4443639627,flow traders|compliance officer
https://www.linkedin.com/jobs/view/4474131622,ruchman and associates|investigative analysts
https://www.linkedin.com/jobs/view/4473977430,capgemini|fcc compliance risk analytics senior consultant
https://www.linkedin.com/jobs/view/4474345623,kforce|aml officer investment bank crypto division
https://www.linkedin.com/jobs/view/4474328271,natixis corporate investment banking|financial crimes compliance trade finance advisor
https://www.linkedin.com/jobs/view/4472338556,neuberger|supervision analyst
https://www.linkedin.com/jobs/view/4472515085,american express|senior analyst control management
https://www.linkedin.com/jobs/view/4462973871,american express|senior analyst control management risk id assessment us consumer global dining
https://www.linkedin.com/jobs/view/4473985571,deloitte|senior consultant financial crime and fraud federal healthcare fraud waste and abuse
https://www.linkedin.com/jobs/view/4473971925,deutsche bank|corporate sanctions advisory officer assistant vice president
https://www.linkedin.com/jobs/view/4455927691,msig usa|risk governance erm analyst
https://www.linkedin.com/jobs/view/4473983004,capgemini|fcc compliance risk analytics manager
https://www.indeed.com/viewjob?jk=abd5133e4f6b22fc,riskified|senior director strategic sales
https://www.indeed.com/viewjob?jk=a5089c0fbc23272e,rwjbarnabas health|sr security risk analyst
https://www.linkedin.com/jobs/view/4463068844,doordash|senior associate new verticals fulfillment strategy operations
https://www.linkedin.com/jobs/view/4472505264,nyu langone health|senior operations analyst project management office in person
https://www.linkedin.com/jobs/view/4434500688,tiffany|senior analyst industrial performance
https://www.linkedin.com/jobs/view/4472809080,evlo ai|business analyst
https://www.linkedin.com/jobs/view/4474106775,atlassian|principal operation analyst customer success
https://www.linkedin.com/jobs/view/4473938414,valence|strategy operations associate
https://www.linkedin.com/jobs/view/4453403266,jpmorganchase|payments digital design business manager senior associate
https://www.linkedin.com/jobs/view/4472507439,qbe north america|collateral senior analyst
https://www.linkedin.com/jobs/view/4465610685,deloitte|senior consultant federal healthcare policy forensics investigations
https://www.linkedin.com/jobs/view/4437439217,verisk|compliance product services lead
https://www.linkedin.com/jobs/view/4464139364,metropolitan transportation authority|contingent policy training records modern project manager
https://www.linkedin.com/jobs/view/4474122970,uber|global policy and governance manager trust and safety
https://www.linkedin.com/jobs/view/4378263890,charles river associates|associate principal wholesale power markets consultant
https://www.linkedin.com/jobs/view/4474340333,societe generale|compliance advisory officer insurance solutions
https://www.linkedin.com/jobs/view/4474129818,nyc health hospitals|assistant director of planning
https://www.linkedin.com/jobs/view/4472575102,tiaa|sr business risk controls analyst it regulatory change
https://www.linkedin.com/jobs/view/4436273091,uja federation of new york|manager special projects and government relations
https://www.linkedin.com/jobs/view/4472575101,tiaa|sr business risk controls analyst it regulatory change
https://www.linkedin.com/jobs/view/4453463153,macquarie|north america transaction reporting specialist
https://www.linkedin.com/jobs/view/4473967015,gusto|licensing program manager
https://www.linkedin.com/jobs/view/4474359457,rewards network|data analyst marketing
https://www.linkedin.com/jobs/view/4474343836,expo experts|data analyst
https://www.linkedin.com/jobs/view/4455978397,wesco|sales operations analyst
https://www.linkedin.com/jobs/view/4474124223,inspira financial|reporting analyst
https://www.linkedin.com/jobs/view/4464121749,brg|consultant health analytics
https://www.linkedin.com/jobs/view/4474377057,health care service|analytics consultant medical drug pricing
https://www.indeed.com/viewjob?jk=cc9265ac681d8e93,nan|master data analyst
https://www.indeed.com/viewjob?jk=1ee7d493e525f80c,tiaa|senior internal investigations data analyst
https://www.indeed.com/viewjob?jk=ef789044820f8718,accenture|martech delivery lead
https://www.indeed.com/viewjob?jk=eb8c546cf491ad4f,shirley ryan ability lab|senior business intelligence analyst
https://www.indeed.com/viewjob?jk=19dcc0895dfd883d,tastytrade|analytics and business intelligence manager
https://www.indeed.com/viewjob?jk=0a746340e08a8fa9,nan|analytics and business intelligence manager
https://www.indeed.com/viewjob?jk=32ad18eceb54a78e,information technology senior management forum|data engineer 4
https://www.linkedin.com/jobs/view/4464530201,treehouse foods|inventory planner
https://www.linkedin.com/jobs/view/4464129653,bimbo bakeries usa|senior analyst supply chain optimization
https://www.linkedin.com/jobs/view/4472395254,daikin comfort|hub inventory planner
https://www.linkedin.com/jobs/view/4455963665,acrisure|lead quantitative analyst revenue intelligence
https://www.linkedin.com/jobs/view/4455956752,acrisure|lead quantitative analyst revenue intelligence
https://www.linkedin.com/jobs/view/4472382846,moen|senior analyst revenue growth management
https://www.linkedin.com/jobs/view/4465342168,constellation brands|inventory deployment planner
https://www.linkedin.com/jobs/view/4472660033,randa apparel accessories|senior strategy analyst
https://www.linkedin.com/jobs/view/4474364618,barnes noble|specialty inventory manager
https://www.linkedin.com/jobs/view/4465349766,suntory global spirits|senior analyst commercial planning
https://www.linkedin.com/jobs/view/4463076800,wintrust financial|sr quantitative analyst model risk management
https://www.linkedin.com/jobs/view/4456365714,old national bank|operational risk analyst sr
https://www.linkedin.com/jobs/view/4465616603,deloitte|senior consultant federal healthcare policy forensics investigations
https://www.linkedin.com/jobs/view/4472623895,ovative|lead security analyst
https://www.linkedin.com/jobs/view/4473998197,peak6|lead compliance analyst
https://www.linkedin.com/jobs/view/4473963149,exelon|sr analyst credit risk bsc
https://www.linkedin.com/jobs/view/4463084861,inland real estate of companies|senior due diligence and research specialist
https://www.linkedin.com/jobs/view/4473964287,constellation brands|sr internal controls compliance analyst
https://www.linkedin.com/jobs/view/4465389135,old national bank|environmental risk specialist
https://www.linkedin.com/jobs/view/4465328594,rush university medical center|privacy analyst
https://www.linkedin.com/jobs/view/4465610692,deloitte|fraud waste and abuse analytics and insights engineer iii
https://www.indeed.com/viewjob?jk=e206a9dbb73c3f82,constellation brands|sr internal controls compliance analyst
https://www.indeed.com/viewjob?jk=74ab33d50775fb94,peak6|lead compliance analyst
https://www.linkedin.com/jobs/view/4463052946,doordash|senior associate new verticals fulfillment strategy operations
https://www.linkedin.com/jobs/view/4452893234,honeycomb insurance|business operations associate
https://www.linkedin.com/jobs/view/4473976980,cvs health|financial operations analyst rebate research
https://www.linkedin.com/jobs/view/4427996541,walgreens|sr supply chain analyst
https://www.indeed.com/viewjob?jk=2d98a306f3efa005,randa|senior strategy analyst
https://www.indeed.com/viewjob?jk=3530164caf812373,cook county il|lead financial operations analyst actively recruited
https://www.linkedin.com/jobs/view/4474143825,city of chicago|program specialist
https://www.linkedin.com/jobs/view/4472635122,cook county state s attorney s office|legislative analyst attorney
https://www.linkedin.com/jobs/view/4460763836,metropolitan family services|government affairs policy associate
https://www.linkedin.com/jobs/view/4472359136,mars|senior principal scientist global scientific regulatory affairs center of excellence
https://www.linkedin.com/jobs/view/4460726803,metropolitan family services|manager of government affairs policy
https://www.linkedin.com/jobs/view/4462535833,youth guidance|director of government relations
https://www.linkedin.com/jobs/view/4473969578,pattern energy|external affairs manager
https://www.linkedin.com/jobs/view/4443248716,meta|export controls program lead intangibles
https://www.linkedin.com/jobs/view/4472644624,pepsico|government affairs director
https://www.linkedin.com/jobs/view/4463076231,kkr|operations analytics associate
https://www.linkedin.com/jobs/view/4473977651,state street|technical business analyst alternative investment technology officer state street investment management
https://www.linkedin.com/jobs/view/4464128456,brg|consultant health analytics
https://www.linkedin.com/jobs/view/4473942764,motion recruitment|business intelligence analyst
https://www.linkedin.com/jobs/view/4465358310,pwc|health data science consultant senior associate
https://www.linkedin.com/jobs/view/4463068011,l e k consulting|associate data ai analyst
https://www.linkedin.com/jobs/view/4473952088,steneral consulting|data analyst
https://www.indeed.com/viewjob?jk=dbad1231b6d04d7f,staples|senior data analyst sales operations
https://www.indeed.com/viewjob?jk=3a35b4b1269d777a,accenture|martech delivery lead
https://www.indeed.com/viewjob?jk=b4f9c1ce5a0febab,ryder system|data analyst iii
https://www.indeed.com/viewjob?jk=0b567c94cfbe7f69,nan|data analytics engineer intern
https://www.indeed.com/viewjob?jk=3ba92a8401a4b519,nan|product data analyst intern
https://www.indeed.com/viewjob?jk=7ba4db0d3f047686,nan|software development engineer intern
https://www.indeed.com/viewjob?jk=89a3bc20d68f4a02,nan|data governance engineer intern
https://www.indeed.com/viewjob?jk=003808fc5f2ee4f4,bose|supply chain co op commodity management co op
https://www.indeed.com/viewjob?jk=9bf3da5116839818,optum|technical project manager
https://www.indeed.com/viewjob?jk=84a39a858e4880f2,gallo|market development manager on premise wine spirits
https://www.indeed.com/viewjob?jk=666105fa2e4c1143,sallie mae|digital marketing manager paid social media ppc
https://www.linkedin.com/jobs/view/4474120042,new balance|associate planning manager
https://www.linkedin.com/jobs/view/4455950833,acrisure|lead quantitative analyst revenue intelligence
https://www.linkedin.com/jobs/view/4454791681,xometry|manager data analytics pricing yield management
https://www.linkedin.com/jobs/view/4443607906,analog devices|senior business analyst assembly operations s oe
https://www.linkedin.com/jobs/view/4443627030,analog devices|senior business analyst assembly operations s oe
https://www.linkedin.com/jobs/view/4456389879,bj s wholesale club|sr pricing analyst perishables
https://www.linkedin.com/jobs/view/4463046757,teradyne|planner buyer asics supply continuity
https://www.linkedin.com/jobs/view/4446807300,roku|senior analyst revenue analytics and insights
https://www.linkedin.com/jobs/view/4472640227,elevatebio|production planner
https://www.linkedin.com/jobs/view/4472344174,kiddefenwal|financial planning analysis manager
https://www.linkedin.com/jobs/view/4474353828,staples|senior data analyst sales operations
https://www.linkedin.com/jobs/view/4455918417,amazon|senior inventory manufacturing planner amazon robotics
https://www.linkedin.com/jobs/view/4443616796,analog devices|trade sanctions systems analyst
https://www.linkedin.com/jobs/view/4474357275,state street|front office credit risk analyst assistant vice president
https://www.linkedin.com/jobs/view/4455424870,ey|forensic and integrity services government services experienced analyst
https://www.linkedin.com/jobs/view/4437841941,watts water technologies|it risk compliance analyst
https://www.linkedin.com/jobs/view/4473932947,rockland trust|senior it audit specialist
https://www.linkedin.com/jobs/view/4461720817,beth israel lahey health|senior compliance privacy specialist
https://www.linkedin.com/jobs/view/4472365936,affirm|compliance lead testing
https://www.linkedin.com/jobs/view/4472560667,tiaa|manager process and controls education savings
https://www.linkedin.com/jobs/view/4463120017,franklin templeton|investment compliance analyst
https://www.linkedin.com/jobs/view/4474322561,kelly science engineering technology telecom|grc analyst
https://www.linkedin.com/jobs/view/4472550640,arise financial|compliance officer
https://www.linkedin.com/jobs/view/4465067864,daley and associates|manager risk processes controls special situations
https://www.linkedin.com/jobs/view/4473952972,sun pharma|sr compliance associate
https://www.linkedin.com/jobs/view/4474116919,akamai technologies|strategy operations analyst ii
https://www.linkedin.com/jobs/view/4474376035,elevenlabs|revenue strategy operations north america
https://www.linkedin.com/jobs/view/4465346227,raytheon|digital technology business execution lead classified infrastructure services role
https://www.linkedin.com/jobs/view/4465339285,raytheon|digital technology business execution lead classified infrastructure services role
https://www.linkedin.com/jobs/view/4474309060,trebecon|business operations analyst only w2
https://www.linkedin.com/jobs/view/4469189920,state street|fund order services client solutions officer
https://www.linkedin.com/jobs/view/4473977442,dandelion energy|regulatory affairs manager
https://www.linkedin.com/jobs/view/4472326694,industrial economics incorporated|research analyst
https://www.linkedin.com/jobs/view/4473958725,wellsense health plan|director public partnerships
https://www.linkedin.com/jobs/view/4472345249,massachusetts institute of technology|irb compliance administrator
https://www.linkedin.com/jobs/view/4472082116,city of boston|program manager
https://www.linkedin.com/jobs/view/4455773854,alexion pharmaceuticals|associate director advertising and promotional compliance us
https://www.linkedin.com/jobs/view/4455785332,sanofi|assistant general counsel policy strategy litigation
https://www.linkedin.com/jobs/view/4472374367,affirm|compliance manager card
https://www.linkedin.com/jobs/view/4354954139,charles river associates|principal utility regulation and finance
https://www.linkedin.com/jobs/view/4473939078,analytica|data analyst
https://www.linkedin.com/jobs/view/4437463335,knowesis|data scientist i
https://www.linkedin.com/jobs/view/4464127754,brg|consultant health analytics
https://www.linkedin.com/jobs/view/4465367272,pwc|health data science consultant senior associate
https://www.linkedin.com/jobs/view/4473968417,guidehouse|credit risk analyst
https://www.indeed.com/viewjob?jk=3be42d135387197f,caci international|network and cyber test data analyst
https://www.indeed.com/viewjob?jk=cafd08bea0e9fe03,red cedar consultancy|data analyst
https://www.indeed.com/viewjob?jk=b1c7de743361c062,spn solutions|sharepoint and power platform developer
https://www.indeed.com/viewjob?jk=33a218dfc77ebb87,riva solutions|data analyst v
https://www.indeed.com/viewjob?jk=76b7f644703ceb68,capital one|senior director product management risk data
https://www.indeed.com/viewjob?jk=aa2da073ed326d9f,accenture|martech delivery lead
https://www.indeed.com/viewjob?jk=974e42cb5b4f6f5b,information technology senior management forum|senior director product management risk data
https://www.indeed.com/viewjob?jk=5eecc507b55a5c0f,ryder system|data analyst iii
https://www.indeed.com/viewjob?jk=41ca705c21d70429,icf|senior data analyst
https://www.indeed.com/viewjob?jk=89890e8301b6ee85,george washington university|program manager ndms
https://www.indeed.com/viewjob?jk=c5e56e8c8305b201,fanatics|manager data analyst
https://www.indeed.com/viewjob?jk=15c155fb1e3132f0,information technology senior management forum|data engineer 4
https://www.indeed.com/viewjob?jk=5262cecc97946f06,information technology senior management forum|data engineer 4
https://www.indeed.com/viewjob?jk=944d63eb37d9c52f,information technology senior management forum|data engineer 4
https://www.linkedin.com/jobs/view/4472388634,wgl energy|wgl energy senior retail energy analyst
https://www.linkedin.com/jobs/view/4473992037,amazon web services|gtm intelligence lead sales strategy and business operations aws wwps
https://www.linkedin.com/jobs/view/4473991073,amazon web services|gtm intelligence lead sales strategy and business operations aws wwps
https://www.linkedin.com/jobs/view/4474125865,pepco holdings|business analyst
https://www.linkedin.com/jobs/view/4474140420,exelon|business analyst
https://www.linkedin.com/jobs/view/4455786932,amazon|senior financial analyst nacf
https://www.linkedin.com/jobs/view/4473987056,nestl|senior analyst consumer marketplace insights
https://www.linkedin.com/jobs/view/4455924208,amazon|finance manager transportation technology services finance
https://www.linkedin.com/jobs/view/4469692068,judge direct placement|sales marketing analyst
https://www.linkedin.com/jobs/view/4456373120,hitt contracting|senior associate financial planning analysis
https://www.linkedin.com/jobs/view/4470988252,mitre|decision analyst
https://www.linkedin.com/jobs/view/4472595232,freddie mac|fraud senior
https://www.linkedin.com/jobs/view/4473982883,deloitte|senior consultant financial crime and fraud federal healthcare fraud waste and abuse
https://www.linkedin.com/jobs/view/4465620531,deloitte|senior consultant sanctions forensics and investigations
https://www.linkedin.com/jobs/view/4456165162,capital one|sr risk associate modeling and advanced data insights
https://www.linkedin.com/jobs/view/4474339915,finra|principal analyst financial disclosure trading
https://www.linkedin.com/jobs/view/4398746252,rsm us|senior associate process risk and controls consulting
https://www.linkedin.com/jobs/view/4455422910,ey|forensic and integrity services government services experienced analyst
https://www.linkedin.com/jobs/view/4474304127,prescient edge|sr statistician mathematician with security clearance
https://www.linkedin.com/jobs/view/4465605055,centene|security risk analyst ii
https://www.linkedin.com/jobs/view/4464130286,modern technology solutions|mission performance analytics sme
https://www.linkedin.com/jobs/view/4473960272,exelon|sr analyst credit risk bsc
https://www.indeed.com/viewjob?jk=651c85e83e4d4d02,wesbanco bank|avp enterprise risk management analyst ii risk management
https://www.linkedin.com/jobs/view/4472946080,constellation|executive operations analyst
https://www.linkedin.com/jobs/view/4474323851,booz allen hamilton|management analyst
https://www.linkedin.com/jobs/view/4474338032,booz allen hamilton|management analyst
https://www.linkedin.com/jobs/view/4473987560,clark construction|business analyst
https://www.linkedin.com/jobs/view/4474368546,elevenlabs|revenue strategy operations north america
https://www.linkedin.com/jobs/view/4455799880,amazon web services|field sales operations analyst wwps partners ww a s operations
https://www.indeed.com/viewjob?jk=7f61fc7118bbf2b4,fluence energy|senior cybersecurity analyst
https://www.linkedin.com/jobs/view/4474144515,saic|eod policy analyst
https://www.linkedin.com/jobs/view/4474330306,booz allen hamilton|congressional and legislative affairs analyst lead
https://www.linkedin.com/jobs/view/4473962940,dandelion energy|regulatory affairs analyst
https://www.linkedin.com/jobs/view/4472634912,amazon science|senior economist litigation and regulatory economics
https://www.linkedin.com/jobs/view/4474329107,saic|policy analyst
https://www.linkedin.com/jobs/view/4446508500,systems planning analysis|arms control and treaty implementation analysts
https://www.linkedin.com/jobs/view/4474140375,kbra|regulatory and government affairs director
https://www.linkedin.com/jobs/view/4472344235,zachary piper solutions|senior action officer classification program protection
https://www.indeed.com/viewjob?jk=5001abba18d2246b,tharros|security governance and policy analyst
https://www.indeed.com/viewjob?jk=14c9b40e08d8defe,bixal|design lead
https://www.indeed.com/viewjob?jk=11bfc5f6371d7a8f,saic|policy analyst
https://www.indeed.com/viewjob?jk=a5944f5bc763d30f,nan|senior trade policy advisor
https://www.indeed.com/viewjob?jk=44bf8e12b7588b4f,saic|eod policy analyst
https://www.indeed.com/viewjob?jk=7fe7b193713dc727,saic|senior international engagement analyst international outreach and cooperation
https://www.linkedin.com/jobs/view/4473545221,amphenol communications solutions|demand manager
https://www.linkedin.com/jobs/view/4471313333,pantherx rare pharmacy|senior analyst financial planning analysis
https://www.linkedin.com/jobs/view/4473556256,u s department of veterans affairs|inventory management specialist
https://www.linkedin.com/jobs/view/4473973562,wesco|analyst supply chain analytics
https://www.linkedin.com/jobs/view/4452857442,janney montgomery scott|surveillance analyst
https://www.linkedin.com/jobs/view/4473996141,deloitte|senior consultant financial crime and fraud federal healthcare fraud waste and abuse
https://www.linkedin.com/jobs/view/4465613633,deloitte|senior consultant federal healthcare policy forensics investigations
https://www.indeed.com/viewjob?jk=40bdb899dfb6df26,victaulic|senior ai risk analyst
https://www.indeed.com/viewjob?jk=841687e07b7e5b38,lockton companies|employee benefits account executive
https://www.linkedin.com/jobs/view/4455513257,grainger|analyst supply chain rotational development program
https://www.indeed.com/viewjob?jk=c439e3d73e95004a,rivian|mes technical support engineer
https://www.linkedin.com/jobs/view/4471978595,peac solutions|compliance specialist
https://www.linkedin.com/jobs/view/4474115088,td|senior financial crime risk analyst sanctions screening quality assurance
https://www.linkedin.com/jobs/view/4455928642,msig usa|risk governance erm analyst
https://www.indeed.com/viewjob?jk=ad2f799ffb61078f,td|senior financial crime risk analyst sanctions screening quality assurance
https://www.linkedin.com/jobs/view/4473965600,excellus bcbs|ops analyst i ii iii
https://www.linkedin.com/jobs/view/4473976362,excellus bcbs|ops analyst i ii iii
https://www.linkedin.com/jobs/view/4471967932,transamerica|lead internal controls analyst
https://www.linkedin.com/jobs/view/4471937764,affirm|analytics lead deposit fraud risk
https://www.linkedin.com/jobs/view/4474372260,pwc|managed services business anaylst senior associate
https://www.indeed.com/viewjob?jk=7315474eaf92bc37,university of maryland medical system|senior business intelligence analyst
https://www.indeed.com/viewjob?jk=1db4756062a75bf8,ryder system|data analyst iii
https://www.indeed.com/viewjob?jk=831867db8e14313c,johns hopkins university|data analytics and audit technology manager
https://www.indeed.com/viewjob?jk=3b9007b1059125d4,age solutions|automation engineer
https://www.indeed.com/viewjob?jk=baac4a0640d09ea8,university of maryland medical system|business intelligence analyst population health
https://www.linkedin.com/jobs/view/4473557932,pwc|pharma and life sciences r d operations consultant senior associate
https://www.linkedin.com/jobs/view/4471780661,susquehanna international|tax operations analyst
https://www.linkedin.com/jobs/view/4465398012,onemain financial|analytics analyst
https://www.linkedin.com/jobs/view/4474110520,td|us graduate leadership program digital banking
https://www.linkedin.com/jobs/view/4414484810,jefferson health|senior revenue cycle optimization analyst
https://www.linkedin.com/jobs/view/4472569446,dla careers|industrial specialist
https://www.indeed.com/viewjob?jk=061cadb0aa7f8abe,best egg|senior credit strategy analyst
https://www.linkedin.com/jobs/view/4472147468,jpmorganchase|quant analytics senior associate card marketing
https://www.linkedin.com/jobs/view/4465354368,pwc|health data science consultant senior associate
https://www.linkedin.com/jobs/view/4474365709,airgas|salesforce data analyst
https://www.linkedin.com/jobs/view/4443254227,jpmorganchase|quant analytics senior associate point of sales capabilities
https://www.indeed.com/viewjob?jk=8f3aae258a7282a0,university of pennsylvania|senior applications and data solutions developer penn arts and sciences
https://www.indeed.com/viewjob?jk=c48b182d511b8b28,accenture|martech delivery lead
https://www.indeed.com/viewjob?jk=d05c65d40e3aea04,nan|sr reporting and analytics developer
https://www.indeed.com/viewjob?jk=f6a88e47fd9a09b1,capital one|data engineer 5
https://www.indeed.com/viewjob?jk=1ff1c8cb0925460a,capital one|data engineer 4
https://www.linkedin.com/jobs/view/4470956599,carmax|senior business analyst supply chain strategy analytics
https://www.indeed.com/viewjob?jk=dc73519883063c38,ethic tech|partnerships strategy analyst
https://www.indeed.com/viewjob?jk=4e3d0fa454b36b0f,serco|cyberspace operations analyst trainer suffolk va
https://www.indeed.com/viewjob?jk=30851641ce7fa857,serco|cyberspace operations analyst trainer suffolk va
https://www.indeed.com/viewjob?jk=09f4e5bb42d9783f,hii|intelligence analyst
https://www.indeed.com/viewjob?jk=99122626d3a4c583,serco|cyberspace operations analyst trainer suffolk va
https://www.indeed.com/viewjob?jk=f0cddab24be113a3,hii|mission coordinator
https://www.linkedin.com/jobs/view/4456175121,capital one|sr risk associate modeling and advanced data insights
https://www.linkedin.com/jobs/view/4465350688,merck|future talent program finance leadership development program data analysis specialist
https://www.indeed.com/viewjob?jk=f7d4f9673abf2fb2,accenture|martech delivery lead
https://www.indeed.com/viewjob?jk=84d3c27a974b6238,ryder system|data analyst iii
https://www.indeed.com/viewjob?jk=e7d7543191ed0430,instacart|senior data analyst
https://www.linkedin.com/jobs/view/4428140148,fti defense frontier technology|data reporting analyst
https://www.indeed.com/viewjob?jk=2bed5544125317dd,a4safe|sr data analyst
https://www.indeed.com/viewjob?jk=bfb60403828f6366,a4safe|data analyst
https://www.indeed.com/viewjob?jk=8776c391672a72e4,empower ai|dashboard developer
https://www.indeed.com/viewjob?jk=e8fe8d14ab4f4775,fti defense|associate data scientist transitioning navy service members
https://www.indeed.com/viewjob?jk=70e8cd80ece0acc0,fti defense|early career associate data scientist
https://www.indeed.com/viewjob?jk=99f0fc9c1f8c1917,ryder system|data analyst iii
https://www.indeed.com/viewjob?jk=5b20ee73386d3dac,nodi solutions|mid senior data analyst
https://www.indeed.com/viewjob?jk=56b7bb14310a4097,aes|senior fp a data analyst
https://www.linkedin.com/jobs/view/4471957776,dime commercial bank|senior enhanced due diligence analyst
https://www.indeed.com/viewjob?jk=eb666de1403de8d9,nan|standards compliance analyst 1 developmental disabilities
https://www.indeed.com/viewjob?jk=eea2e853457ade3a,talcott financial|senior risk analyst liquidity
https://www.linkedin.com/jobs/view/4473556960,pwc|pharma and life sciences r d operations consultant senior associate
https://www.linkedin.com/jobs/view/4473769936,precision fuzing and sensors|planner
https://www.linkedin.com/jobs/view/4471950312,alteryx|senior financial analyst gtm
https://www.linkedin.com/jobs/view/4465085615,coopersurgical|senior business analyst
https://www.linkedin.com/jobs/view/4463042703,coherent|senior business analytics manager
https://www.linkedin.com/jobs/view/4472361075,ryder system|data analyst iii
https://www.linkedin.com/jobs/view/4473977652,state street|technical business analyst alternative investment technology officer state street investment management
https://www.linkedin.com/jobs/view/4472386467,pearson|lead specialist business analytics
https://www.linkedin.com/jobs/view/4466085697,citizens|sr credit risk pricing analyst personal loans
https://www.indeed.com/viewjob?jk=af881f580e296287,accenture|martech delivery lead
https://www.indeed.com/viewjob?jk=94858204cec79cb5,ryder system|data analyst iii
https://www.indeed.com/viewjob?jk=1adb2b12b45c6616,accenture|martech delivery lead
https://www.indeed.com/viewjob?jk=bad92d8b6fef1731,ryder system|data analyst iii
https://www.indeed.com/viewjob?jk=304dd5b968d52a69,capgemini|junior data scientist
https://www.indeed.com/viewjob?jk=8e8277eec73d4a0b,capgemini|fcc compliance risk analytics manager
https://www.indeed.com/viewjob?jk=2aa81c34a4b3d358,nystec|senior consultant data analyst
https://www.indeed.com/viewjob?jk=b78906f3a256e8d1,nan|data analyst 1
https://www.indeed.com/viewjob?jk=bae943a1b146b5ff,bj s wholesale club|lead merchandising operations analyst
https://www.indeed.com/viewjob?jk=423349df79eec5f2,ipg photonics|senior operations analyst
https://www.indeed.com/viewjob?jk=9f9bd353ebe91037,olympus|senior manager pms analytics and insights
https://www.indeed.com/viewjob?jk=12d37f43feefedfb,accenture|martech delivery lead
https://www.indeed.com/viewjob?jk=c00bfb88421254a6,ryder system|data analyst iii
https://www.indeed.com/viewjob?jk=dc4b2572e8bfb036,nan|manufacturing data coordinator
https://www.indeed.com/viewjob?jk=337e8180e37cf0c8,thermo fisher scientific|data analyst project manager
https://www.indeed.com/viewjob?jk=0bb95a5d43028976,ryder system|data analyst iii
https://www.indeed.com/viewjob?jk=ff1cfa2a721b5710,talcott financial|senior risk analyst liquidity
https://www.indeed.com/viewjob?jk=ae1021c2f31baad2,university of maryland medical system|senior population health strategy analyst
https://www.indeed.com/viewjob?jk=0dc6c89817845c10,curexa pharmacy|fulfillment supervisor
https://www.linkedin.com/jobs/view/4462530593,shi international|associate analytics engineer data visualization
https://www.linkedin.com/jobs/view/4471962638,tata consultancy services|anti money laundering analyst
https://www.linkedin.com/jobs/view/4473980173,guidehouse|jr process improvement consultant
https://www.linkedin.com/jobs/view/4473934716,renewable careers|renewable energy analyst
https://www.linkedin.com/jobs/view/4474155375,defense logistics agency|management and program analyst
https://www.linkedin.com/jobs/view/4465341408,invenergy|analyst compliance
https://www.linkedin.com/jobs/view/4474143908,defense logistics agency|management and program analyst
https://www.indeed.com/viewjob?jk=d5f66245f91df508,serco|program data analyst navy yard washington d c
https://www.indeed.com/viewjob?jk=6a6e2da5835b078b,serco|program data analyst navy yard washington d c
https://www.linkedin.com/jobs/view/4474127124,endeavor health|departmental business analyst
https://www.linkedin.com/jobs/view/4474335134,booz allen hamilton|data scientist
https://www.linkedin.com/jobs/view/4473942134,renewable careers|renewable energy analyst
https://www.linkedin.com/jobs/view/4463084072,grant thornton|value creation associate summer
https://www.indeed.com/viewjob?jk=2685394f04edcd56,boston university|research data analyst i clinical pathology lab medicine
https://www.linkedin.com/jobs/view/4472353972,icf|data analyst
https://www.indeed.com/viewjob?jk=5eab9d45a7707f9c,capital one|data engineer 4
https://www.linkedin.com/jobs/view/4474156434,veterans benefits administration|management analyst
https://www.indeed.com/viewjob?jk=cd9f207b6755f4c7,capital one|data engineer 4
https://www.indeed.com/viewjob?jk=e0d04d29261acdad,nyu langone health|data analyst
https://www.linkedin.com/jobs/view/4455912327,amazon|scaled abuse specialist special projects investigations
https://www.linkedin.com/jobs/view/4465800750,bj s wholesale club|merchandise planner
https://www.linkedin.com/jobs/view/4474326707,booz allen hamilton|nuclear policy analyst
https://www.indeed.com/viewjob?jk=4e8083cbf555ab4d,icf|data analyst
https://www.indeed.com/viewjob?jk=c1288571242e6974,pcs wireless|junior data analyst
https://www.linkedin.com/jobs/view/4472353341,ryder system|data analyst ii
https://www.indeed.com/viewjob?jk=a3c9fc89bff9ad20,constellation brands|logistics fulfillment planning analyst
https://www.linkedin.com/jobs/view/4465326685,ankura|university associate forensic data analytics
https://www.linkedin.com/jobs/view/4465326658,ankura|university associate forensic data analytics
https://www.linkedin.com/jobs/view/4472340954,ryder system|data analyst ii
https://www.linkedin.com/jobs/view/4472350511,ryder system|data analyst ii
https://www.linkedin.com/jobs/view/4472341888,ryder system|data analyst ii
https://www.linkedin.com/jobs/view/4472340948,ryder system|data analyst ii
https://www.linkedin.com/jobs/view/4473979986,deloitte|healthcare supply chain data analytics strategy growth and transformation consultant
https://www.linkedin.com/jobs/view/4473994219,deloitte|healthcare supply chain data analytics strategy growth and transformation consultant
https://www.indeed.com/viewjob?jk=8247b8d89400e266,mufg|business data analyst
https://www.indeed.com/viewjob?jk=57b3521e6d44b7be,calibre cpa|data analyst
https://www.indeed.com/viewjob?jk=0ef0b2c629bfbf85,liberty university|strategy operations analyst i
https://www.linkedin.com/jobs/view/4473985590,deloitte|healthcare supply chain data analytics strategy growth and transformation consultant
https://www.linkedin.com/jobs/view/4473983649,deloitte|healthcare supply chain data analytics strategy growth and transformation consultant
https://www.linkedin.com/jobs/view/4473985592,deloitte|healthcare supply chain data analytics strategy growth and transformation consultant
https://www.indeed.com/viewjob?jk=ca7a4b8a8e178ed1,ryder system|data analyst ii
https://www.indeed.com/viewjob?jk=97014aff2dfc7dd7,ryder system|data analyst ii
https://www.indeed.com/viewjob?jk=3429274602db054f,wayfair|operations analyst
https://www.linkedin.com/jobs/view/4465351747,alvarez marsal|associate global transaction analytics
https://www.linkedin.com/jobs/view/4465341833,alvarez marsal|associate global transaction analytics
https://www.linkedin.com/jobs/view/4473998111,deloitte|healthcare supply chain data analytics strategy growth and transformation consultant
https://www.linkedin.com/jobs/view/4473998108,deloitte|healthcare supply chain data analytics strategy growth and transformation consultant
https://www.linkedin.com/jobs/view/4474100057,deloitte|healthcare supply chain data analytics strategy growth and transformation consultant
https://www.linkedin.com/jobs/view/4473984595,deloitte|healthcare supply chain data analytics strategy growth and transformation consultant
https://www.indeed.com/viewjob?jk=0fb72e56edd2809d,teradyne|business intelligence professional
https://www.indeed.com/viewjob?jk=a220f20c009ac9d6,rxr|risk insurance data analyst
https://www.indeed.com/viewjob?jk=07cc5bf224614650,ryder system|data analyst ii
https://www.indeed.com/viewjob?jk=6e27de8d168cf2c4,ryder system|data analyst ii
https://www.indeed.com/viewjob?jk=536530b4a557d2fd,ryder system|data analyst ii
https://www.indeed.com/viewjob?jk=3de5261553fd6370,ryder system|data analyst ii
https://www.indeed.com/viewjob?jk=1f9e913dfe2f644a,ryder system|data analyst ii
https://www.indeed.com/viewjob?jk=dd8103d1541b8eb5,ryder system|data analyst ii
https://www.indeed.com/viewjob?jk=ed5c4b449bd09e1d,ryder system|data analyst ii
https://www.indeed.com/viewjob?jk=a15c3542e41e2f3a,booz allen hamilton|operations analyst
https://www.indeed.com/viewjob?jk=ffea6040ea6a944d,mufg|securities and market risk data analyst
https://www.indeed.com/viewjob?jk=745b29a3a0226b1e,guidehouse|credit risk analyst
https://www.indeed.com/viewjob?jk=c9f27c124e5994f7,guidehouse|credit risk analyst
https://www.indeed.com/viewjob?jk=b204b299e0d926eb,kph healthcare services|business data analyst
https://www.indeed.com/viewjob?jk=fa76762f6f037bc1,amphenol|data analyst
https://www.indeed.com/viewjob?jk=059de25edef1b247,cvs health|financial operations analyst rebate research
https://www.indeed.com/viewjob?jk=a80a2fe05889743f,nutrien|supply planner
https://www.linkedin.com/jobs/view/4464805408,morgan stanley|parametric operations analyst cohort summer grads
https://www.linkedin.com/jobs/view/4464816401,lenovo|ai enablement business insights specialist global future leaders program
https://www.linkedin.com/jobs/view/4474552779,arc aspicio|associate program management and operations
https://www.linkedin.com/jobs/view/4473154997,city of new york|data visualization analyst level i
https://www.linkedin.com/jobs/view/4472983933,seatgeek|data analyst new grad
https://www.linkedin.com/jobs/view/4465806654,torch technologies|junior level data scientist
https://www.indeed.com/viewjob?jk=bac37baf66b69220,home depot|associate data scientist fp a pro intelligence decision analytics
https://www.linkedin.com/jobs/view/4454150447,techtronic industries tti|it data analyst ii
https://www.linkedin.com/jobs/view/4472834868,geico|contact center data analytics engineer i
https://www.linkedin.com/jobs/view/4473923512,rt connections|technology risk analyst
https://www.indeed.com/viewjob?jk=cdba9cadb7e53e78,lmi|data analyst
https://www.linkedin.com/jobs/view/4474739878,ingenics usa|junior supply chain consultant manufacturing automotive
https://www.linkedin.com/jobs/view/4474557174,pwc|ai governance experienced associate
https://www.linkedin.com/jobs/view/4472651102,fanatics|quantitative analyst i
https://www.linkedin.com/jobs/view/4472950830,talkspace|data analyst
https://www.linkedin.com/jobs/view/4472821607,bally s|kyc analyst
https://www.linkedin.com/jobs/view/4474564409,mount sinai morningside|data analyst i liver
https://www.indeed.com/viewjob?jk=230458ad230cf339,constellation brands|logistics fulfillment execution analyst
https://www.linkedin.com/jobs/view/4473354558,ubs|audit expert americas compliance
https://www.linkedin.com/jobs/view/4465883499,spectrum|associate data analyst
https://www.linkedin.com/jobs/view/4474555098,unlock health|financial planning analysis analyst
https://www.linkedin.com/jobs/view/4474552726,gamblingcareers com|kyc analyst
https://www.linkedin.com/jobs/view/4455917946,arthrex|marketing data analyst ii
https://www.indeed.com/viewjob?jk=1d70c3cdfe4a4b11,prime partners engineering|data finance operations analyst
https://www.linkedin.com/jobs/view/4472826017,metro credit union|financial crimes specialist
https://www.linkedin.com/jobs/view/4472828121,dla careers|program analyst
https://www.linkedin.com/jobs/view/4474538711,visa|associate business analyst demand management team
https://www.linkedin.com/jobs/view/4465827038,ge vernova|data scientist
https://www.linkedin.com/jobs/view/4441119239,city home|supply chain planner
https://www.linkedin.com/jobs/view/4472809730,newmark|analyst consulting location strategy
https://www.linkedin.com/jobs/view/4446504103,zoominfo|gtm consultant ii
https://www.indeed.com/viewjob?jk=19720284b5a0e8e1,lmi|health informatics analyst clinical workflow analyst
https://www.indeed.com/viewjob?jk=8a4de83aaa7277f0,lmi|data analyst data measurement analyst
https://www.linkedin.com/jobs/view/4472366179,highridge medical|associate buyer planner
https://www.indeed.com/viewjob?jk=0d276cac6bca5a2f,acme manufacturing|business intelligence reporting analyst
https://www.linkedin.com/jobs/view/4459025621,royal caribbean|analyst commercial planning
https://www.linkedin.com/jobs/view/4456364829,rush university medical center|medication and pharmacy data analytics specialist
https://www.linkedin.com/jobs/view/4474796354,jacobs|data dashboards specialist
https://www.linkedin.com/jobs/view/4473358477,marginedge|gtm data analyst
https://www.linkedin.com/jobs/view/4474768982,wells fargo|fraud claims operations consultant
https://www.indeed.com/viewjob?jk=f7c982c210840141,robertson anschutz schneid crane partners|operations analyst entry level
https://www.linkedin.com/jobs/view/4474513963,tetra tech|data analyst
https://www.linkedin.com/jobs/view/4438127584,booz allen hamilton|people analytics insights specialist
https://www.indeed.com/viewjob?jk=f050a9549b2ac905,acm sons|data analyst
https://www.linkedin.com/jobs/view/4474533658,kforce|aml compliance analyst top investment bank
https://www.linkedin.com/jobs/view/4466016763,zekelman industries|inventory replenishment analyst
https://www.linkedin.com/jobs/view/4474706093,ibility|operations analyst
https://www.linkedin.com/jobs/view/4465365305,amazon|inventory manufacturing planner amazon robotics
https://www.linkedin.com/jobs/view/4462085941,marriott international|analyst ai model risk
https://www.linkedin.com/jobs/view/4473940044,lpl financial|associate analyst alternative investments
https://www.linkedin.com/jobs/view/4474564308,gamblingcareers com|aml analyst
https://www.linkedin.com/jobs/view/4308027825,verisk|insurance product development analyst
https://www.linkedin.com/jobs/view/4463469572,doordash|data analyst in store
https://www.linkedin.com/jobs/view/4472822273,gellert global|supply planner ii
https://www.linkedin.com/jobs/view/4453461776,fanduel|commercial analyst casino
https://www.indeed.com/viewjob?jk=ec2a6152ec2e8f9c,palantir technologies|procurement operations analyst
https://www.linkedin.com/jobs/view/4474347393,tnt crane rigging|business process analyst sop process documentation
https://www.indeed.com/viewjob?jk=56bdf61ad655bb31,aleknagik technology|business intelligence analyst
https://www.linkedin.com/jobs/view/4472850533,mount sinai health system|data analyst i liver
https://www.linkedin.com/jobs/view/4472839140,nyu langone health|operations analyst manhattan cancer center
https://www.linkedin.com/jobs/view/4469694891,onyx odds|regulatory compliance associate
https://www.linkedin.com/jobs/view/4465875639,broadridge|analyst third party risk management
https://www.linkedin.com/jobs/view/4429210146,ait worldwide logistics|global compliance specialist i
https://www.linkedin.com/jobs/view/4474782129,miniat holdings|regulatory specialist
https://www.linkedin.com/jobs/view/4473923639,h e b|inventory analyst i
https://www.linkedin.com/jobs/view/4464844088,lyondellbasell|trading supply analyst
https://www.linkedin.com/jobs/view/4474716944,veterans benefits administration|management and program analyst
https://www.linkedin.com/jobs/view/4471948450,summit|financial analyst
https://www.linkedin.com/jobs/view/4472976943,inhabit|credit and risk analyst i
https://www.linkedin.com/jobs/view/4473137594,chevron|natural gas commercial analyst
https://www.indeed.com/viewjob?jk=33cd00bb496b557e,research foundation cuny|associate data analyst
https://www.linkedin.com/jobs/view/4472826329,bally s|aml analyst
https://www.linkedin.com/jobs/view/4474523400,financial additions|portfolio analytics associate
https://www.linkedin.com/jobs/view/4473140977,clarks|inventory planner
https://www.linkedin.com/jobs/view/4465374507,incomm payments|vendor risk analyst i
https://www.linkedin.com/jobs/view/4454151703,alpitronic|service process improvement analyst
https://www.linkedin.com/jobs/view/4472875043,zoro com|customer analyst
https://www.linkedin.com/jobs/view/4474505101,softek international|data analyst dhs cisa
https://www.linkedin.com/jobs/view/4463429040,ross stores|analyst production planning
https://www.indeed.com/viewjob?jk=dc17a078f6f55433,southern hobby distribution|data analyst
https://www.linkedin.com/jobs/view/4446416651,nyu langone health|data analyst center of surgical and transplant applied research
https://www.linkedin.com/jobs/view/4457028068,dyson|financial analyst direct sales
https://www.linkedin.com/jobs/view/4474700436,deloitte|technology strategy analyst
https://www.indeed.com/viewjob?jk=66ccfa1cd450174c,vantage card services|credit and risk analyst i
https://www.indeed.com/viewjob?jk=b6a877493511a8b7,sba communications|real estate data analyst ii
https://www.linkedin.com/jobs/view/4474786573,spectrum|data analyst
https://www.indeed.com/viewjob?jk=24b0dc130ff5c726,equifax|data scientist
https://www.indeed.com/viewjob?jk=c503a5a34e0682f8,constellation brands|distributer operations management analyst
https://www.linkedin.com/jobs/view/4473366032,atr international|performance risk analyst
https://www.linkedin.com/jobs/view/4410220529,university of miami|healthcare risk management specialist
https://www.indeed.com/viewjob?jk=b6682604b8f254c7,lennar|data engineer talent community
https://www.linkedin.com/jobs/view/4456335609,voya investment management|quantitative analyst
https://www.linkedin.com/jobs/view/4473164327,circana|analyst consumer data insights foodservice
https://www.indeed.com/viewjob?jk=9b11d96cbcce3883,chickasaw nation industries|healthcare data sme
https://www.linkedin.com/jobs/view/4465933130,center for reproductive rights|legislative fellow
https://www.indeed.com/viewjob?jk=40ee6aa09f331b33,airlife|data analyst operations
https://www.indeed.com/viewjob?jk=b99f7d88883f4f8a,american specialty health|associate compliance analyst
https://www.linkedin.com/jobs/view/4466000725,capital one|analyst specialty underwriting and portfolio management fig
https://www.linkedin.com/jobs/view/4472598175,highridge medical|supply planner
https://www.indeed.com/viewjob?jk=a9823c9849d7d10b,pueblo community college|associate data analyst transportation
https://www.linkedin.com/jobs/view/4455436874,milliken|internal auditor
https://www.linkedin.com/jobs/view/4446510202,s c electric|material planner
https://www.linkedin.com/jobs/view/4456795600,parker hannifin|pricing analyst i
https://www.indeed.com/viewjob?jk=ee99bd8135a4d332,aramco americas|operator dry bulk specialties
https://www.indeed.com/viewjob?jk=2431d0d0d531ebd4,university of texas at austin|managed care analyst
https://www.indeed.com/viewjob?jk=48c51433f996fd98,visa|compliance analyst
https://www.indeed.com/viewjob?jk=66b5db4d26bbeba2,obie|data analyst
https://www.indeed.com/viewjob?jk=3d8016b4306f4e69,plymouth rock assurance|business intelligence analyst
https://www.linkedin.com/jobs/view/4466619150,ralph lauren|allocator women s polo pro
https://www.indeed.com/viewjob?jk=8a20a87b9e019125,forman technology|cyber risk analyst
https://www.indeed.com/viewjob?jk=04ffe82ab2666fd1,fidelity investments|credit risk analyst
https://www.linkedin.com/jobs/view/4455924183,amazon|data scientist fleet planning global fleet products
https://www.indeed.com/viewjob?jk=bdb820744e95d8f1,star of hope mission|advancement operations analyst
https://www.indeed.com/viewjob?jk=111f7a6ad6e9366e,tisun beauty|it data analyst
https://www.indeed.com/viewjob?jk=e84c296f5d357ae8,quest global|data analyst
https://www.indeed.com/viewjob?jk=94d8d4a2a37520c4,volvo|expert data analyst
https://www.linkedin.com/jobs/view/4452847225,analytic partners|marketing science analyst
https://www.linkedin.com/jobs/view/4463920066,ralph lauren|public affairs associate
https://www.linkedin.com/jobs/view/4472574523,hirewell|data analyst
https://www.linkedin.com/jobs/view/4473174005,city of evanston|energy benchmarking specialist
https://www.linkedin.com/jobs/view/4447085863,royal caribbean|analyst yield management
https://www.indeed.com/viewjob?jk=7a6044d60e5af860,crane worldwide logistics|trade compliance analyst
https://www.indeed.com/viewjob?jk=3c1a03f53e4e5b82,bhc|operations analyst
https://www.indeed.com/viewjob?jk=affc78af533c414b,tidal wave auto spa|fraud analyst
https://www.linkedin.com/jobs/view/4472848827,windcave|risk monitoring analyst
https://www.linkedin.com/jobs/view/4474743317,current lighting|financial analyst
https://www.linkedin.com/jobs/view/4472521963,atlas copco|supply chain planner
https://www.indeed.com/viewjob?jk=36de432dc5c3b4e9,h|trade operations analyst
https://www.indeed.com/viewjob?jk=f9ce4333df0c4609,zoro|customer analyst
https://www.linkedin.com/jobs/view/4473138615,lockheed martin|manufacturing support team member supply chain analyst supply chain planner level 2
https://www.indeed.com/viewjob?jk=3db35a09b29ecf31,amazon web services|product operations analyst world wide revenue operations
https://www.indeed.com/viewjob?jk=ebef5a9e6ef3cc9e,bitdeer technologies|global data center operation analyst
https://www.indeed.com/viewjob?jk=f1a85614c880b7d8,daimler truck north america|wholesale operations analyst
https://www.indeed.com/viewjob?jk=b784416b56266343,u s bank|data analyst
https://www.indeed.com/viewjob?jk=6f2e675d7ae25c1a,university of texas at austin|epic application analyst
https://www.indeed.com/viewjob?jk=a95a99af15f1af0f,guidehouse|technical data analyst
https://www.indeed.com/viewjob?jk=901bef272a6108a4,srs acquiom|compliance specialist
https://www.indeed.com/viewjob?jk=33fc6938226ac2d8,kaizen analytix|data analyst
https://www.linkedin.com/jobs/view/4472806915,pearson|advanced specialist government relations
https://www.indeed.com/viewjob?jk=1c29151f8d5dc730,hackensack meridian health|data analyst
https://www.linkedin.com/jobs/view/4465618591,deloitte|anaplan consultant
https://www.indeed.com/viewjob?jk=bd002f9a9af48228,made in cookware|demand planner
https://www.indeed.com/viewjob?jk=3ebca1501f42d694,centers for medicare and medicaid services|social science research analyst
https://www.linkedin.com/jobs/view/4473169010,meta|deputy oversight board liaison
https://www.indeed.com/viewjob?jk=dfdddb74392d64e3,harris county toll road authority|inspector health safety
https://www.indeed.com/viewjob?jk=4c9e64a9b250b3e2,magna legal services|revenue operations analyst
https://www.indeed.com/viewjob?jk=53c3eb9185043c67,forbright bank|deposit operations analyst digital banking
https://www.indeed.com/viewjob?jk=744f1a22dc2e7545,abm industries|cmms specialist
https://www.indeed.com/viewjob?jk=d67be929d02c3c14,castlehill managed risk solutions|third party risk analyst
https://www.indeed.com/viewjob?jk=aec61169b9c9a26a,university of miami|data analyst 2
https://www.indeed.com/viewjob?jk=e5bca74f4596f616,realign|business analyst 3
https://www.indeed.com/viewjob?jk=feca9b47eae29f32,slb|gss well operations analyst
https://www.indeed.com/viewjob?jk=9dfa305dbbe80509,greengate technology|financial systems analyst
https://www.indeed.com/viewjob?jk=a33e9f7528504639,shopping center|gis analyst research
https://www.indeed.com/viewjob?jk=bbb9364670185bf7,alamo colleges district|data analyst student success sac
https://www.indeed.com/viewjob?jk=d23d0e3a57626e4c,core laboratories|completion diagnostics data analyst
https://www.indeed.com/viewjob?jk=b871f819bb15311c,digital united|growth strategist
https://www.indeed.com/viewjob?jk=38a7801eca42f004,aon|experienced catastrophe risk analyst
https://www.indeed.com/viewjob?jk=58592a978e6fa763,roadie|finance operations analyst
https://www.indeed.com/viewjob?jk=ae7d2ca01401baf2,realign|qa analyst 5
https://www.indeed.com/viewjob?jk=5f8d1b96d01223ad,c a fortune|grocery merchandiser
https://www.indeed.com/viewjob?jk=8a0047c171e07200,cbre|workplace strategy analyst
https://www.indeed.com/viewjob?jk=6564484a820c91d3,elevance health|pbm pricing strategies analyst
https://www.indeed.com/viewjob?jk=c0a660bfc3510381,onpay|tax operations analyst
https://www.indeed.com/viewjob?jk=77a5c68bbc5978ed,c h robinson|compliance analyst
https://www.indeed.com/viewjob?jk=8119fbce465eb554,grant street|data conversion analyst
https://www.indeed.com/viewjob?jk=4b8591be679e9927,enlyte|provider data service analyst
https://www.linkedin.com/jobs/view/4473170458,phoenix|business intelligence analyst
https://www.linkedin.com/jobs/view/4473363106,aaratech|data scientist
https://www.linkedin.com/jobs/view/4473156023,checkedup|data analyst
https://www.linkedin.com/jobs/view/4474599450,referment|human capital analytics developer
https://www.indeed.com/viewjob?jk=1d259aa4fb3de467,duolingo|senior data scientist growth forecasting
https://www.indeed.com/viewjob?jk=ff61a3658496a09f,themesoft|inperson interview data engineer new york ny
https://www.indeed.com/viewjob?jk=dfc221e317bee5a2,scribd|software engineer ii growth platform
https://www.indeed.com/viewjob?jk=70d1157cbdd3a4e0,connectiverx|sr data analyst
https://www.indeed.com/viewjob?jk=343d0088572899bc,c2q health solutions|manager pharmacy services
https://www.linkedin.com/jobs/view/4469912718,l or al|senior analyst demand planning consumer products division l oreal operations
https://www.linkedin.com/jobs/view/4463928557,foot locker|sr analyst allocation systems strategy foot locker
https://www.linkedin.com/jobs/view/4464597052,dashing diva|inventory planning assistant manager
https://www.linkedin.com/jobs/view/4453471886,fresh|manager inventory planning sephora
https://www.linkedin.com/jobs/view/4474578892,pim brands|supply chain analyst
https://www.linkedin.com/jobs/view/4473168406,lawnstarter|director of supply demand
https://www.linkedin.com/jobs/view/4473333736,lawhive|senior fp a analyst
https://www.linkedin.com/jobs/view/4472825589,l or al|senior analyst customer supply chain consumer products division l or al operations
https://www.linkedin.com/jobs/view/4472974637,avis budget|senior revenue management analyst
https://www.linkedin.com/jobs/view/4472821666,interparfums|manager sales planning
https://www.linkedin.com/jobs/view/4472833070,formosa plastics u s a|product specialist i
https://www.linkedin.com/jobs/view/4473351512,aaratech|data analyst
https://www.linkedin.com/jobs/view/4474569534,ande|financial operations analyst
https://www.linkedin.com/jobs/view/4466020855,intuit|senior fraud and risk analyst fintech
https://www.linkedin.com/jobs/view/4444165766,doordash|senior associate merchant live order experience
https://www.linkedin.com/jobs/view/4446839816,figma|business operations
https://www.linkedin.com/jobs/view/4437813151,coinbase|business operations senior associate institutional
https://www.linkedin.com/jobs/view/4428013263,doordash|associate manager new verticals convenience strategy operations
https://www.linkedin.com/jobs/view/4465827980,bny|senior specialist commercial strategy operations
https://www.linkedin.com/jobs/view/4463482819,guardian|service and operations strategy consultant
https://www.linkedin.com/jobs/view/4465833584,roku|programmatic analyst
https://www.linkedin.com/jobs/view/4409508305,success academy charter schools|senior analyst strategy
https://www.linkedin.com/jobs/view/4474506007,salesforce|sales strategy analyst senior analyst
https://www.linkedin.com/jobs/view/4474523525,gusto|sr sales operations analyst
https://www.linkedin.com/jobs/view/4302090080,eliseai|gtm strategy and operations senior associate housing
https://www.indeed.com/viewjob?jk=95d59984aa4fa565,nasdaq|verafin lead fraud intelligence strategy analyst
https://www.indeed.com/viewjob?jk=5922067855ec850c,salesforce|sales strategy analyst senior analyst
https://www.indeed.com/viewjob?jk=338ad0e5e15689b1,td|summer internship program commercial banking
https://www.indeed.com/viewjob?jk=ccc9b56dba00c8d0,cognizant|iam operations analyst
https://www.indeed.com/viewjob?jk=99d80da624d1e9ec,gusto|sr sales operations analyst
https://www.linkedin.com/jobs/view/4473364122,rebny|public policy senior analyst
https://www.linkedin.com/jobs/view/4472851655,nuveen a tiaa|avp compliance advisor
https://www.linkedin.com/jobs/view/4474704429,office of new york city comptroller|senior investment compliance analyst
https://www.linkedin.com/jobs/view/4456338031,icapital|regulatory and compliance associate
https://www.linkedin.com/jobs/view/4410280409,nyc health hospitals|senior management consultant level i
https://www.linkedin.com/jobs/view/4474708062,pwc|responsible ai senior associate
https://www.linkedin.com/jobs/view/4474704148,pwc|responsible ai senior associate
https://www.linkedin.com/jobs/view/4464575036,balchem|regulatory manager
https://www.linkedin.com/jobs/view/4472953618,coreweave|counsel credits and incentives compliance
https://www.linkedin.com/jobs/view/4472959688,doordash|associate manager dasher logistics
https://www.linkedin.com/jobs/view/4472942983,coreweave|counsel credits and incentives compliance
https://www.linkedin.com/jobs/view/4470031755,norc at university of chicago|sas data analyst i or ii health data research
https://www.linkedin.com/jobs/view/4473362089,aaratech|data analyst
https://www.linkedin.com/jobs/view/4454292449,finlays solutions|insight analyst
https://www.linkedin.com/jobs/view/4474541994,pwc|ai engineer data scientist ai experienced associate
https://www.linkedin.com/jobs/view/4466042255,deloitte|analytics and insights engineer ii
https://www.linkedin.com/jobs/view/4465869542,mcdermott will schulte|people analytics listening analyst
https://www.indeed.com/viewjob?jk=c2af7a827871a2a0,wgsn|enterprise account executive api solutions
https://www.indeed.com/viewjob?jk=415c023feccfb425,rush university medical center|sr clinical data analyst
https://www.indeed.com/viewjob?jk=09d9bb47d2489e8e,scribd|software engineer ii growth platform
https://www.linkedin.com/jobs/view/4473164518,lawnstarter|director of supply demand
https://www.linkedin.com/jobs/view/4465863912,us foods|pricing strategy and insights sr analyst rosemont il
https://www.linkedin.com/jobs/view/4463649372,chamberlain|retail senior analyst sales analytics
https://www.linkedin.com/jobs/view/4465866038,farmer s fridge|senior analyst portfolio strategy operations
https://www.linkedin.com/jobs/view/4465800783,grainger|manager inventory optimization advanced analytics
https://www.linkedin.com/jobs/view/4465880956,napa auto parts|project manager
https://www.linkedin.com/jobs/view/4456404355,real chemistry|senior analyst
https://www.linkedin.com/jobs/view/4472820135,paper source|specialty inventory manager
https://www.linkedin.com/jobs/view/4474528876,james hardie|sr financial analyst
https://www.linkedin.com/jobs/view/4468507212,kpmg us|senior associate financial crimes
https://www.linkedin.com/jobs/view/4473160152,topsys it|it project manager
https://www.linkedin.com/jobs/view/4472844988,nuveen a tiaa|avp compliance advisor
https://www.linkedin.com/jobs/view/4465891976,argo|risk analyst
https://www.linkedin.com/jobs/view/4474760727,synchrony|avp authentication wallets
https://www.linkedin.com/jobs/view/4456429213,hilco global|senior associate diligence
https://www.linkedin.com/jobs/view/4455430837,ey|forensic and integrity services government services experienced analyst
https://www.linkedin.com/jobs/view/4472850219,ey|forensic and integrity services government services pharma exp analyst
https://www.linkedin.com/jobs/view/4474749915,arrive logistics|compliance capacity specialist
https://www.linkedin.com/jobs/view/4472852711,nuveen a tiaa|avp compliance advisor
https://www.linkedin.com/jobs/view/4474554287,pwc|ai governance sr associate
https://www.linkedin.com/jobs/view/4463970570,crypto com|compliance manager
https://www.linkedin.com/jobs/view/4444183005,doordash|senior associate merchant live order experience
https://www.linkedin.com/jobs/view/4428001256,doordash|associate manager new verticals convenience strategy operations
https://www.linkedin.com/jobs/view/4444177131,huron|innosight consulting senior associate strategy operations
https://www.linkedin.com/jobs/view/4436270388,applied systems|sr business insights analyst
https://www.linkedin.com/jobs/view/4471540517,ecg management consultants|senior associate through senior consultant healthcare advanced degree students class of
https://www.linkedin.com/jobs/view/4474587252,constellation brands|logistics fulfillment execution analyst
https://www.linkedin.com/jobs/view/4474793443,crowe|private equity performance improvement operations senior consultant
https://www.linkedin.com/jobs/view/4289956973,mckinsey|associate supply chain
https://www.linkedin.com/jobs/view/4474387898,salesforce|sales strategy analyst senior analyst
https://www.linkedin.com/jobs/view/4474521764,constellation brands|distributer operations management analyst
https://www.indeed.com/viewjob?jk=c4bde62d36b0c438,huron consulting|lead financial analyst digital finops
https://www.linkedin.com/jobs/view/4473371075,constellation|sr regulatory analyst compliance
https://www.linkedin.com/jobs/view/4464133498,constellation|manager regulatory affairs
https://www.linkedin.com/jobs/view/4463930090,delaval|regulatory affairs specialist
https://www.linkedin.com/jobs/view/4474560445,ranger power|senior director market strategy regulatory affairs
https://www.linkedin.com/jobs/view/4474551545,amazon|senior program manager dangerous goods regulatory engagement
https://www.linkedin.com/jobs/view/4474513961,university of illinois chicago|assistant director office of animal care institutional biosafety
https://www.linkedin.com/jobs/view/4472970154,doordash|associate manager dasher logistics
https://www.linkedin.com/jobs/view/4436834318,butcherbox|growth analyst
https://www.linkedin.com/jobs/view/4474549500,pwc|ai engineer data scientist ai experienced associate
https://www.linkedin.com/jobs/view/4445740807,bevi|gtm data scientist
https://www.linkedin.com/jobs/view/4466037958,deloitte|analytics and insights engineer ii
https://www.linkedin.com/jobs/view/4473329962,medicus economics|associate
https://www.linkedin.com/jobs/view/4474762999,glow services|analyst credit risk predictive underwriting models
https://www.linkedin.com/jobs/view/4464829272,philips|market analysis forecasting enterprise analyst
https://www.linkedin.com/jobs/view/4437963191,accenture|google data specialist
https://www.linkedin.com/jobs/view/4446987174,j jill|retail business analyst
https://www.linkedin.com/jobs/view/4472833198,xtalks|associate engagement lead analytics
https://www.indeed.com/viewjob?jk=964936dc4c779807,scribd|software engineer ii growth platform
https://www.linkedin.com/jobs/view/4464820886,xometry|senior sales operations analyst
https://www.linkedin.com/jobs/view/4465814949,ge vernova|lead analyst energy forecasting advanced analytics
https://www.linkedin.com/jobs/view/4446840163,bose|senior analyst commercial effectiveness
https://www.linkedin.com/jobs/view/4408727876,fresenius medical care|sr supply chain analyst sap ibp business process owner
https://www.linkedin.com/jobs/view/4474797251,sanofi|associate director forecasting dermatology
https://www.linkedin.com/jobs/view/4453732970,grand circle|senior financial analyst revenue management
https://www.linkedin.com/jobs/view/4473354610,novanta|planner
https://www.linkedin.com/jobs/view/4463491838,analog devices|production planning analyst
https://www.linkedin.com/jobs/view/4465693011,nexthink|revenue operations lead north america
https://www.linkedin.com/jobs/view/4468504249,kpmg us|senior associate financial crimes
https://www.linkedin.com/jobs/view/4472851100,ey|forensic and integrity services government services pharma exp analyst
https://www.linkedin.com/jobs/view/4472841806,flexcar|risk data scientist
https://www.linkedin.com/jobs/view/4474545783,pwc|ai governance sr associate
https://www.linkedin.com/jobs/view/4456408633,amazon web services|controls and compliance lead aws controls
https://www.linkedin.com/jobs/view/4456735981,crowe|loan review senior consultant
https://www.linkedin.com/jobs/view/4473373000,cambridge health alliance|internal audit specialist professional and management
https://www.linkedin.com/jobs/view/4472810657,metro credit union|senior bsa analyst
https://www.indeed.com/viewjob?jk=0981ca5d50f2bb92,state street|front office credit risk analyst assistant vice president
https://www.linkedin.com/jobs/view/4438532022,focus financial partners|business analyst service operations
https://www.linkedin.com/jobs/view/4474795263,crowe|private equity performance improvement operations senior consultant
https://www.linkedin.com/jobs/view/4474712605,new balance|sr analyst inventory management
https://www.linkedin.com/jobs/view/4474520806,raytheon|digital technology business insights execution lead infrastructure transformation multiple us location options
https://www.indeed.com/viewjob?jk=003c21ba3c06bb8a,brilliant earth|assistant store manager jewelry
https://www.linkedin.com/jobs/view/4414269963,emerald ai|policy regulatory affairs manager
https://www.linkedin.com/jobs/view/4472835822,massachusetts league of community health centers|director regulatory affairs
https://www.linkedin.com/jobs/view/4378271807,charles river associates|associate principal wholesale power markets consultant
https://www.linkedin.com/jobs/view/4465803992,ge vernova|lead analyst regional market insights
https://www.linkedin.com/jobs/view/4474731367,anika|regulatory affairs specialist ii
https://www.linkedin.com/jobs/view/4474599425,pwc|responsible ai senior associate
https://www.linkedin.com/jobs/view/4474773260,lundbeck|director state government affairs northeast
https://www.linkedin.com/jobs/view/4465888587,scholar rock|associate director regulatory strategy
https://www.linkedin.com/jobs/view/4472846131,icf|senior policy analyst
https://www.linkedin.com/jobs/view/4472829228,mbx biosciences|regulatory affairs fellow
https://www.linkedin.com/jobs/view/4474549196,state street|assistant vice president privacy engineering wealth services
https://www.linkedin.com/jobs/view/4418425365,accenture federal services|data visualization specialist
https://www.linkedin.com/jobs/view/4473358292,aaratech|data analyst
https://www.linkedin.com/jobs/view/4470072328,norc at university of chicago|sas data scientist i health data research dc
https://www.indeed.com/viewjob?jk=1b865fd6d1fe6339,guidehouse|talent management data analyst
https://www.indeed.com/viewjob?jk=24760972279e74c9,thinktek|data architect data analyst
https://www.indeed.com/viewjob?jk=69ad2826ea9aafa5,general dynamics information technology|program data analyst
https://www.indeed.com/viewjob?jk=ab82d688b1518d75,corner alliance|data analyst
https://www.indeed.com/viewjob?jk=05924b5a96f35dc7,lmi|front end developer power platform developer
https://www.indeed.com/viewjob?jk=4f4d1457ba9ab730,information technology senior management forum|senior manager data analysis enterprise supplier management
https://www.indeed.com/viewjob?jk=dd3f05a0b42c2a96,d g support services|senior data analyst team lead
https://www.indeed.com/viewjob?jk=7f9192e73ccdd46b,saitech|software developer iii
https://www.indeed.com/viewjob?jk=8caa394fe4cb44a5,saitech|software developer iii
https://www.indeed.com/viewjob?jk=e807b80b254511a0,booz allen hamilton|data analyst
https://www.indeed.com/viewjob?jk=51aca0ee6a9fb3dc,booz allen hamilton|data analyst
https://www.indeed.com/viewjob?jk=1b5d374888eafd5e,heartland consulting|readiness research analyst data analyst
https://www.indeed.com/viewjob?jk=d036084745cc8b15,leidos|senior human capital data analyst
https://www.indeed.com/viewjob?jk=80d3426d77cea16e,intecon|financial data analyst rmic
https://www.indeed.com/viewjob?jk=6f55cb53c88d899e,capital one|senior manager data analysis enterprise supplier management
https://www.indeed.com/viewjob?jk=773ce03c0e77ce67,radianthire solutions|financial data analyst army national guard
https://www.linkedin.com/jobs/view/4464823887,xometry|senior sales operations analyst
https://www.linkedin.com/jobs/view/4465825464,amazon web services|sr asp planning lead asp business planning operations
https://www.linkedin.com/jobs/view/4438589189,shield ai|gtm finance business partner
https://www.linkedin.com/jobs/view/4474797148,clearspeed|senior financial planning analysis analyst
https://www.linkedin.com/jobs/view/4463483567,doordash|associate manager new verticals consumer pricing affordability
https://www.linkedin.com/jobs/view/4462551252,centerwell senior primary care|senior analytics consultant
https://www.linkedin.com/jobs/view/4446836104,dla piper|sr financial analyst strategic finance
https://www.linkedin.com/jobs/view/4466052121,deloitte|profitability costing senior consultant
https://www.linkedin.com/jobs/view/4474367797,w r grace|supply planning lead
https://www.linkedin.com/jobs/view/4472834428,akima|supply analyst i
https://www.linkedin.com/jobs/view/4472983623,northwest center|principal fp a and business intelligence
https://www.linkedin.com/jobs/view/4455918388,amazon|principal finance manager operations north america fulfillment centers
https://www.linkedin.com/jobs/view/4474391259,daikin applied americas|strategic pricing manager
https://www.linkedin.com/jobs/view/4456446659,amentum|foreign investment risk analyst
https://www.linkedin.com/jobs/view/4456752155,amentum|financial crimes analyst
https://www.linkedin.com/jobs/view/4472993760,fsa|litigation financial analyst supporting mnf
https://www.linkedin.com/jobs/view/4465896792,capital one|senior risk specialist compliance governance analyst
https://www.linkedin.com/jobs/view/4466039930,deloitte|project consultant all source intelligence
https://www.linkedin.com/jobs/view/4466040902,deloitte|project analyst all source intelligence
https://www.linkedin.com/jobs/view/4474595071,wood federal solutions|compliance analyst level 3
https://www.linkedin.com/jobs/view/4265507136,dexis|senior credit risk analysis consultant u s government agency
https://www.linkedin.com/jobs/view/4472849241,ey|forensic and integrity services government services pharma exp analyst
https://www.linkedin.com/jobs/view/4472851101,ey|forensic and integrity services government services pharma exp analyst
https://www.linkedin.com/jobs/view/4474547137,finra|info ops quality assurance analyst
https://www.linkedin.com/jobs/view/4474520067,capital one|senior associate tech risk analysis retail bank
https://www.indeed.com/viewjob?jk=8f66ea007ec35cb5,jovian concepts|compliance analyst l3
https://www.indeed.com/viewjob?jk=67a23ec20b3b7e30,capital one|manager product manager tech risk
https://www.indeed.com/viewjob?jk=59cfae43d5277b92,information technology senior management forum|manager product manager tech risk
https://www.linkedin.com/jobs/view/4428003283,doordash|associate manager new verticals convenience strategy operations
https://www.linkedin.com/jobs/view/4463906739,doordash|senior associate marketplace audience strategy operations
https://www.linkedin.com/jobs/view/4449776266,clearing|data analyst business operations
https://www.linkedin.com/jobs/view/4447192894,clearing|analyst management consulting
https://www.linkedin.com/jobs/view/4473103011,inter american development bank|operations senior analyst
https://www.linkedin.com/jobs/view/4474770964,guidehouse|business process transformation consultant
https://www.linkedin.com/jobs/view/4471545267,ecg management consultants|senior associate through senior consultant healthcare advanced degree students class of
https://www.linkedin.com/jobs/view/4474527720,guidehouse|consulting analyst health and human services federal health advisory campus
https://www.indeed.com/viewjob?jk=4839804e5de5e0d2,tamarack technologies|watch center operations analyst
https://www.indeed.com/viewjob?jk=8036a8d74d6dc4a0,caci international|enterprise hardware business operations analyst
https://www.indeed.com/viewjob?jk=c3ece6350a233f1c,microsoft|security operations engineer ctj poly
https://www.linkedin.com/jobs/view/4472864526,center for american progress action fund|policy analyst domestic climate policy
https://www.linkedin.com/jobs/view/4472872253,center for american progress action fund|senior policy analyst health policy
https://www.linkedin.com/jobs/view/4437893618,finra|principal analyst advertising regulation
https://www.linkedin.com/jobs/view/4474590367,wood federal solutions|rules analyst level 2
https://www.linkedin.com/jobs/view/4474580656,wood federal solutions|rules analyst level 3
https://www.linkedin.com/jobs/view/4474505769,booz allen hamilton|congressional and legislative affairs analyst
https://www.linkedin.com/jobs/view/4474500791,cp marine|program analyst
https://www.linkedin.com/jobs/view/4467792513,mele associates|senior nuclear forensics policy analyst
https://www.linkedin.com/jobs/view/4473151336,tenth revolution|ai operations strategist
https://www.linkedin.com/jobs/view/4463063907,doordash|senior associate new verticals fulfillment strategy operations
https://www.linkedin.com/jobs/view/4472578513,enverus|senior analyst cost optimization services
https://www.linkedin.com/jobs/view/4474368403,pwc|managed services business anaylst senior associate
https://www.linkedin.com/jobs/view/4455902581,amazon|supply chain manager ii utr ppt
https://www.linkedin.com/jobs/view/4472385169,salesforce|business planning operations lead agentforce operations
https://www.linkedin.com/jobs/view/4472571112,wafd bank|bsa aml ofac analyst
https://www.linkedin.com/jobs/view/4472562819,first federal bank of kansas city|bsa regulatory compliance analyst i
https://www.linkedin.com/jobs/view/4474520797,first electronic bank|bsa analyst due diligence
https://www.linkedin.com/jobs/view/4473514640,truist|financial crimes analyst iii
https://www.linkedin.com/jobs/view/4472654031,banesco usa|bsa aml ofac special investigations analyst
https://www.indeed.com/viewjob?jk=cbd8a33a55699de7,integra partners|senior utilization management audit compliance analyst
https://www.linkedin.com/jobs/view/4454144574,checkout com|senior analyst platform underwriting
https://www.linkedin.com/jobs/view/4472657220,aca|senior compliance analyst anti money laundering
https://www.linkedin.com/jobs/view/4472933481,illumia|business risk analyst
https://www.indeed.com/viewjob?jk=fb0223a44ebb762d,intuit|risk operations vendor manager
https://www.linkedin.com/jobs/view/4473355563,ubs|financial crimes surveillance analyst
https://www.linkedin.com/jobs/view/4474528440,first citizens bank|senior aml cft compliance analyst aml investigations
https://www.linkedin.com/jobs/view/4434586307,allegacy financial|fraud analyst
https://www.linkedin.com/jobs/view/4473517640,truist|financial crimes analyst iii
https://www.linkedin.com/jobs/view/4473512743,truist|financial crimes analyst iii
https://www.indeed.com/viewjob?jk=e6d86ce4be050b32,first citizens bank|senior aml cft compliance analyst aml investigations
https://www.indeed.com/viewjob?jk=f85b2c093d02fd84,wells fargo|senior risk analytics consultant
https://www.linkedin.com/jobs/view/4473121603,talenthop|junior data analyst
https://www.linkedin.com/jobs/view/4472640743,zelis|data analyst
https://www.linkedin.com/jobs/view/4474124124,university of california san francisco|research data analyst hdfccc
https://www.indeed.com/viewjob?jk=f57716e8d8aa058e,general dynamics information technology|sr healthcare data analyst
https://www.indeed.com/viewjob?jk=740eac621cae0ece,farmers insurance|fbs senior data engineer
https://www.indeed.com/viewjob?jk=b302c792788dac0f,quantum health|lead business intelligence analyst
https://www.indeed.com/viewjob?jk=610aff5f147d3f00,management solutions|senior business analyst
https://www.indeed.com/viewjob?jk=0f78819750941d82,planet technologies|power platform developer mid
https://www.indeed.com/viewjob?jk=4d6d2a6cf79c9846,massachusetts breast cancer coalition|data analyst intern
https://www.indeed.com/viewjob?jk=227f271d6a805f0d,w2c2c pvt|senior data analyst
https://www.indeed.com/viewjob?jk=097550f1ad8dd8fe,indeed|bi analyst iv internal only
https://www.indeed.com/viewjob?jk=27eb560ab81d8356,avalara|senior technical program manager
https://www.indeed.com/viewjob?jk=28745fd3f98beeb6,cbre|database engineer
https://www.linkedin.com/jobs/view/4463488617,eaton|supply chain material analyst programmatic
https://www.linkedin.com/jobs/view/4463489667,eaton|supply chain material analyst programmatic
https://www.linkedin.com/jobs/view/4462548909,centerwell senior primary care|senior analytics consultant
https://www.linkedin.com/jobs/view/4454288436,3d systems|spare parts sourcing inventory planner
https://www.linkedin.com/jobs/view/4464163633,trane technologies|production planner
https://www.linkedin.com/jobs/view/4474367387,pwc|managed services business anaylst senior associate
https://www.linkedin.com/jobs/view/4474369345,pwc|managed services business anaylst senior associate
https://www.linkedin.com/jobs/view/4472374516,duke health|ambulatory operations analyst
https://www.linkedin.com/jobs/view/4472332515,capital|campus capital group rotational program business operations track associate us charlotte
https://www.linkedin.com/jobs/view/4463580047,lenovo|product services strategy intelligence analyst global future leaders program
https://www.indeed.com/viewjob?jk=e37401e66f2a110d,booz allen hamilton|plans and operations analyst
https://www.indeed.com/viewjob?jk=ef697c3ef72c672c,booz allen hamilton|plans and operations analyst
https://www.indeed.com/viewjob?jk=4a461b4475a07f74,booz allen hamilton|plans and operations analyst
https://www.indeed.com/viewjob?jk=39ddd8769446b679,booz allen hamilton|plans and operations analyst
https://www.indeed.com/viewjob?jk=8d08ecdacbd56dd2,ameriprise financial|senior compensation operations analyst
https://www.linkedin.com/jobs/view/4474788651,ursa major|demand planner ii
https://www.linkedin.com/jobs/view/4474792606,bd|senior analyst commercial operations analytics
https://www.linkedin.com/jobs/view/4465827468,amazon web services|sr asp planning lead asp business planning operations
https://www.linkedin.com/jobs/view/4465379299,angi|senior analyst
https://www.linkedin.com/jobs/view/4474519228,university of miami|data analyst 2
https://www.linkedin.com/jobs/view/4474368400,pwc|managed services business anaylst senior associate
https://www.linkedin.com/jobs/view/4435174494,carnival|analyst sr operational performance analytics
https://www.indeed.com/viewjob?jk=1bf79f4b97a7a8aa,nova southeastern university|data analyst iii student financial services
https://www.indeed.com/viewjob?jk=9a4959f98d50b567,accenture|martech delivery lead
https://www.linkedin.com/jobs/view/4464833034,swbc|operations implementation analyst
https://www.linkedin.com/jobs/view/4474352889,pwc|managed services business anaylst senior associate
https://www.linkedin.com/jobs/view/4472921836,city of san antonio|senior business analyst
https://www.linkedin.com/jobs/view/4472653885,usaa|strategy consultant mid level
https://www.linkedin.com/jobs/view/4474545114,marathon petroleum|senior planning optimization advisor engineer
https://www.linkedin.com/jobs/view/4472644137,usaa|lead business strategy analyst p c workforce analytics
https://www.linkedin.com/jobs/view/4473141974,ztek consulting|data scientist
https://www.linkedin.com/jobs/view/4472571444,techone|need inventory pricing specialist call support pricing analyst san antonio tx within 25 miles only locals
https://www.linkedin.com/jobs/view/4472506706,ey|business consulting finance fp a staff 2 open location
https://www.linkedin.com/jobs/view/4474788470,bhc|operations analyst
https://www.linkedin.com/jobs/view/4474356765,pwc|managed services business anaylst senior associate
https://www.linkedin.com/jobs/view/4472936555,find great people fgp|customer relationship management analyst
https://www.linkedin.com/jobs/view/4454902205,broad river retail|business intelligence developer
https://www.linkedin.com/jobs/view/4472346654,ryder system|data analyst iii
https://www.indeed.com/viewjob?jk=5c39466ee063ec9f,sunbelt rentals|sr sustainability data analyst
https://www.indeed.com/viewjob?jk=d9d1a81951914162,ryder system|data analyst iii
https://www.linkedin.com/jobs/view/4455464545,energy exemplar|senior energy market analyst serc region
https://www.linkedin.com/jobs/view/4457032744,popeyes louisiana kitchen|sr analyst pricing popeyes
https://www.linkedin.com/jobs/view/4472825819,robert half|fp a financial analyst 105 000 120 000 bonus
https://www.linkedin.com/jobs/view/4465892768,origin bank|retail compliance and qc analyst
https://www.linkedin.com/jobs/view/4474582163,university of texas medical branch|senior compliance analyst office of institutional compliance
https://www.linkedin.com/jobs/view/4474790666,cornerstone resources|internal auditor
https://www.linkedin.com/jobs/view/4473990262,deloitte|senior consultant financial crime and fraud federal healthcare fraud waste and abuse
https://www.linkedin.com/jobs/view/4465611679,deloitte|senior consultant federal healthcare policy forensics investigations
https://www.linkedin.com/jobs/view/4445797678,corebridge financial|supervisory principal
https://www.linkedin.com/jobs/view/4474501801,depelchin|monitoring specialist
https://www.indeed.com/viewjob?jk=75bcd9b089945aad,university of texas medical branch|senior compliance analyst office of institutional compliance
https://www.indeed.com/viewjob?jk=f4fc2700c94b6cba,aes|sr analyst credit risk
https://www.linkedin.com/jobs/view/4474549083,exxonmobil|coordination and economics engineer
https://www.linkedin.com/jobs/view/4474361566,pwc|managed services business anaylst senior associate
https://www.indeed.com/viewjob?jk=a123e34c14319d7d,nextdecade|sr specialist cybersecurity
https://www.linkedin.com/jobs/view/4474334754,mckesson|senior associate business intelligence analyst 340b
https://www.linkedin.com/jobs/view/4474364524,pwc|managed services business anaylst senior associate
https://www.linkedin.com/jobs/view/4474542661,harnham|business intelligence developer
https://www.linkedin.com/jobs/view/4472342277,capital|campus capital group rotational program data tech track associate us charlotte
https://www.linkedin.com/jobs/view/4472359100,ryder system|data analyst iii
https://www.indeed.com/viewjob?jk=fb95dd5ded261ad2,realign|bsa analyst with marketing exp 5
https://www.indeed.com/viewjob?jk=02fc2e04f0d4862a,lenovo|knowledge management data analyst intern
https://www.indeed.com/viewjob?jk=b2a3b336663522c7,alamance foods|engineering data analyst
https://www.indeed.com/viewjob?jk=8760cc5823cb4ccb,accenture|martech delivery lead
https://www.indeed.com/viewjob?jk=f2f022c52911a9d7,accenture|martech delivery lead
https://www.indeed.com/viewjob?jk=abc25f6dcbc9f1d5,ryder system|data analyst iii
https://www.indeed.com/viewjob?jk=9680125296cce495,ryder system|data analyst iii
https://www.indeed.com/viewjob?jk=0ff1431614a9382c,metlife|metx d a intern
https://www.indeed.com/viewjob?jk=5bbc5fd23fc34731,city of durham nc|sustainability and energy analyst senior
https://www.linkedin.com/jobs/view/4473344310,memoryblue|business analyst
https://www.linkedin.com/jobs/view/4474358662,pwc|managed services business anaylst senior associate
https://www.indeed.com/viewjob?jk=1c811f5d3def79c0,alta planning design|senior civil engineering project manager
https://www.indeed.com/viewjob?jk=2222fb6491fca229,scribd|software engineer ii growth platform
https://www.indeed.com/viewjob?jk=80acffcab4a465a7,xcel energy|senior principal data analyst
https://www.indeed.com/viewjob?jk=253da0fe6fe5ed62,el paso county|senior data analyst department of human services
https://www.indeed.com/viewjob?jk=2ed3fe729871f3e7,accenture|martech delivery lead
https://www.indeed.com/viewjob?jk=05cf73585bf2ffd8,ryder system|data analyst iii
https://www.indeed.com/viewjob?jk=7fc339ac860c5e65,epsilon|lead data analyst
https://www.indeed.com/viewjob?jk=b656bb392506c6bf,fanatics|manager data analyst
https://www.indeed.com/viewjob?jk=281bf0ea0ea0e45d,ardent mills|supply chain system data analyst
https://www.indeed.com/viewjob?jk=7a1d389f66d5f86b,pueblo community college|traffic data analyst denver
https://www.linkedin.com/jobs/view/4473983756,lpl financial|sr analyst operations risk and controls
https://www.indeed.com/viewjob?jk=fc685887119c91da,oto development|sr strategy analyst
https://www.linkedin.com/jobs/view/4473106736,city of columbia sc|internal auditor
https://www.linkedin.com/jobs/view/4465870701,newrez|homeowner advocacy analyst servicing
https://www.linkedin.com/jobs/view/4474521876,td|central supervision analyst
https://www.linkedin.com/jobs/view/4472565826,lexington health|compliance auditor
https://www.linkedin.com/jobs/view/4472510285,south carolina treasurer s office|risk management compliance manager
https://www.indeed.com/viewjob?jk=570535559e185c92,scribd|software engineer ii growth platform
https://www.indeed.com/viewjob?jk=5683d3b0b3d5f200,department of family and protective services|data analyst iii
https://www.indeed.com/viewjob?jk=c6e60f6031dd3c22,accenture|martech delivery lead
https://www.indeed.com/viewjob?jk=324c19d4004b257c,ryder system|data analyst iii
https://www.indeed.com/viewjob?jk=5ca19fd9a71fc060,weg electric|sr business intelligence analyst
https://www.indeed.com/viewjob?jk=936496ffedd5d6f2,vaas professionals|public health data analyst
https://www.indeed.com/viewjob?jk=54e111b38c484266,delta air lines|dms foundry data analyst
https://www.indeed.com/viewjob?jk=5536ca72af72ac74,accenture|martech delivery lead
https://www.indeed.com/viewjob?jk=da1475354391b4a3,ryder system|data analyst iii
https://www.indeed.com/viewjob?jk=eb026cacfa74a43b,fanatics|manager data analyst
https://www.indeed.com/viewjob?jk=7be0501f8c5dfa76,knowledge management|sr logistics data analyst iv
https://www.indeed.com/viewjob?jk=78bdd62ca3cf40f2,delta air lines|sr data analyst operations performance and planning
https://www.indeed.com/viewjob?jk=a56ad15279dcd7e4,usaa|risk analyst senior p c risk
https://www.indeed.com/viewjob?jk=48d47b8e7ec14b2f,globalfoundries|lead demand planner
https://www.indeed.com/viewjob?jk=1866c2d5fe3e609e,l3harris|senior specialist systems engineering
https://www.indeed.com/viewjob?jk=86d4f25d0f96ac6f,gusto|sr sales operations analyst
https://www.indeed.com/viewjob?jk=c49fb9e3ede96441,nan|ticketing processor
https://www.indeed.com/viewjob?jk=775d173fee3f6463,northrop grumman|computer operations analyst level 2
https://www.indeed.com/viewjob?jk=e3cd0da9cfed5036,aegon|lead compliance analyst transamerica asset management
https://www.indeed.com/viewjob?jk=3b3e5b1a7c7b4a6f,bae systems usa|strat purchasing analyst principal cost price financial risk
https://www.indeed.com/viewjob?jk=ddbcafb4931c7344,gusto|sr sales operations analyst
https://www.indeed.com/viewjob?jk=c637ec8e77c8bd8a,indeed|machine learning engineer technical fellow
https://www.indeed.com/viewjob?jk=4a772e5c67831108,rover com|sr benefits hr operations analyst
https://www.indeed.com/viewjob?jk=a33853e6c40ca876,rover com|sr benefits hr operations analyst
https://www.indeed.com/viewjob?jk=293d0acbfb30dfe2,rover com|sr benefits hr operations analyst
https://www.indeed.com/viewjob?jk=34bbac1867cf8f1f,rover com|sr benefits hr operations analyst
https://www.indeed.com/viewjob?jk=a33cfecbe397fbfb,rover com|sr benefits hr operations analyst
https://www.indeed.com/viewjob?jk=66d2532431d42811,rover com|sr benefits hr operations analyst
https://www.indeed.com/viewjob?jk=ea4377f8658c9613,rover com|sr benefits hr operations analyst
https://www.indeed.com/viewjob?jk=9ee112ec2be28238,rover com|sr benefits hr operations analyst
https://www.indeed.com/viewjob?jk=10f2934c1d15c4ba,rover com|sr benefits hr operations analyst
https://www.indeed.com/viewjob?jk=5bfae7e1ac5364f4,rover com|sr benefits hr operations analyst
https://www.indeed.com/viewjob?jk=d390c56c65f14a24,aledade|payer operations analyst
https://www.indeed.com/viewjob?jk=9b7bc1189ff3fc70,summit hill foods|sr demand planner
https://www.indeed.com/viewjob?jk=305ab942783123f1,news|senior data compliance analyst
https://www.indeed.com/viewjob?jk=bc307968de2d3952,teacher retirement system of texas|chief investment officer
https://www.indeed.com/viewjob?jk=02a00959c1405bea,saitech|software developer iii
https://www.indeed.com/viewjob?jk=dcb70dd0107dfca8,crane worldwide logistics|data analyst i
https://www.indeed.com/viewjob?jk=5b7689efbfa17324,crane worldwide logistics|sr business intelligence engineer
https://www.indeed.com/viewjob?jk=e2583f7e42f186fa,accenture|martech delivery lead
https://www.linkedin.com/jobs/view/4472356821,tata consultancy services|anti money laundering analyst
https://www.linkedin.com/jobs/view/4468504246,kpmg us|associate financial crimes
https://www.linkedin.com/jobs/view/4468507211,kpmg us|associate financial crimes
https://www.linkedin.com/jobs/view/4473357893,american express|analyst compliance
https://www.linkedin.com/jobs/view/4472645441,haystack|associate data analyst
https://www.linkedin.com/jobs/view/4468511154,kpmg us|associate financial crimes
https://www.indeed.com/viewjob?jk=4fc80249518636ed,nyu langone health|data analyst
https://www.linkedin.com/jobs/view/4472358131,ryder system|data analyst ii
https://www.linkedin.com/jobs/view/4472344777,ryder system|data analyst ii
https://www.linkedin.com/jobs/view/4472345604,ryder system|data analyst ii
https://www.linkedin.com/jobs/view/4474738006,defense logistics agency|management and program analyst
https://www.linkedin.com/jobs/view/4474707893,renewable careers|renewable energy analyst
https://www.linkedin.com/jobs/view/4472348500,ryder system|data analyst ii
https://www.linkedin.com/jobs/view/4472350514,ryder system|data analyst ii
https://www.linkedin.com/jobs/view/4474529143,cbre|data analyst
https://www.linkedin.com/jobs/view/4473986558,deloitte|healthcare supply chain data analytics strategy growth and transformation consultant
https://www.linkedin.com/jobs/view/4473994209,deloitte|healthcare supply chain data analytics strategy growth and transformation consultant
https://www.linkedin.com/jobs/view/4473997104,deloitte|healthcare supply chain data analytics strategy growth and transformation consultant
https://www.linkedin.com/jobs/view/4474100053,deloitte|healthcare supply chain data analytics strategy growth and transformation consultant
https://www.linkedin.com/jobs/view/4474100054,deloitte|healthcare supply chain data analytics strategy growth and transformation consultant
https://www.indeed.com/viewjob?jk=91315b25bb368f05,cbre|data analyst
https://www.linkedin.com/jobs/view/4465884932,gallagher re|catastrophe risk analyst reach
https://www.linkedin.com/jobs/view/4465877958,gallagher re|catastrophe risk analyst reach
https://www.indeed.com/viewjob?jk=d1c381b09f7b36b3,capital one|data engineer 4
https://www.indeed.com/viewjob?jk=05230f767b9830d7,ryder system|data analyst ii
https://www.indeed.com/viewjob?jk=1e69344f024bddda,ryder system|data analyst ii
https://www.indeed.com/viewjob?jk=30143c08e4868b2b,ryder system|data analyst ii
https://www.indeed.com/viewjob?jk=546de00d870a5c13,ryder system|data analyst ii
https://www.indeed.com/viewjob?jk=c68dbb94c5ca3b9a,ryder system|data analyst ii
https://www.linkedin.com/jobs/view/4474509602,booz allen hamilton|data analyst
https://www.indeed.com/viewjob?jk=16ef9137868f030d,spry methods|cybersecurity identity authentication pki analyst
https://www.linkedin.com/jobs/view/4465352694,alvarez marsal|associate global transaction analytics
https://www.indeed.com/viewjob?jk=7d102e066fd479ad,southern hobby distribution|data engineer
https://www.indeed.com/viewjob?jk=6b0da13fa691d147,rewards network|data analyst marketing
https://www.indeed.com/viewjob?jk=e6ee1200c0b649b8,rewards network|data analyst marketing
https://www.indeed.com/viewjob?jk=3cf9a86166ba6b8e,booz allen hamilton|data analyst
https://www.indeed.com/viewjob?jk=8b9cfa0f7ad3affa,molex|global demand planner
https://www.indeed.com/viewjob?jk=3b7785e25d855204,booz allen hamilton|data analyst
https://www.linkedin.com/jobs/view/4473349780,ameris bank|financial crimes alert analyst
https://www.linkedin.com/jobs/view/4443685180,ugg|sales planner na ugg
https://www.linkedin.com/jobs/view/4474540962,pwc|ai governance experienced associate
https://www.linkedin.com/jobs/view/4474799134,jacobs|data dashboards specialist
https://www.indeed.com/viewjob?jk=693f74235bfe85c2,nyu langone health|operations analyst manhattan cancer center
https://www.indeed.com/viewjob?jk=d2dc4f304badb5db,palantir technologies|procurement operations analyst
https://www.indeed.com/viewjob?jk=5f9c0bda57229f18,tetra tech|data analyst
https://www.indeed.com/viewjob?jk=46ad823ade5f3958,ibility|operations analyst
https://www.indeed.com/viewjob?jk=8437db15e076fa15,amazon web services|product operations analyst world wide revenue operations
https://www.indeed.com/viewjob?jk=c6bb17e26946ecb2,spectrum|data analyst
https://www.linkedin.com/jobs/view/4472827007,pearson|advanced specialist government relations
https://www.linkedin.com/jobs/view/4473165062,meta|deputy oversight board liaison
https://www.indeed.com/viewjob?jk=a6f815b9448c0655,c a fortune|grocery merchandiser
https://www.indeed.com/viewjob?jk=b28a8f9eac80efea,c a fortune|grocery merchandiser
https://www.indeed.com/viewjob?jk=97e452c34e749237,c a fortune|grocery merchandiser
https://www.indeed.com/viewjob?jk=04bed05f2b4ea9cf,c a fortune|grocery merchandiser
https://www.linkedin.com/jobs/view/4473382334,fifth third bank|financial crimes analyst i
https://www.linkedin.com/jobs/view/4475000704,maximatek|clinical data analyst
https://www.linkedin.com/jobs/view/4473801259,zoro com|governance risk compliance analyst
https://www.linkedin.com/jobs/view/4475050251,bentley university|data analytics specialist
https://www.linkedin.com/jobs/view/4475005504,maximatek|supply chain analyst
https://www.linkedin.com/jobs/view/4453851279,cubesmart|business insights analyst
https://www.linkedin.com/jobs/view/4473396307,west monroe|data analytics consultant
https://www.linkedin.com/jobs/view/4475060249,pwc|deal data technology analytics experienced associate
https://www.linkedin.com/jobs/view/4439835443,veeva crossix|marketing analytics data analyst july start date adp
https://www.linkedin.com/jobs/view/4465167538,omnicom media|analyst analytics and insights
https://www.linkedin.com/jobs/view/4475052720,lead|deposits compliance analyst
https://www.linkedin.com/jobs/view/4473377611,dailypay|operational insights specialist
https://www.linkedin.com/jobs/view/4475036275,university of illinois chicago|program coordinator infectious diseases college of medicine
https://www.linkedin.com/jobs/view/4473442087,dick s sporting goods|outbound logistics analyst i
https://www.linkedin.com/jobs/view/4475331544,nyc department of health and mental hygiene|drug checking data analyst bureau of alcohol and drug use
https://www.linkedin.com/jobs/view/4473378680,lynker|program analyst
https://www.linkedin.com/jobs/view/4475055219,research foundation of city university of new york|associate data analyst
https://www.linkedin.com/jobs/view/4473157424,silvi materials|junior data analyst
https://www.linkedin.com/jobs/view/4447187889,omd|associate marketing science
https://www.linkedin.com/jobs/view/4475051037,wayfair|operations associate
https://www.linkedin.com/jobs/view/4475036930,sports careers|associate analyst baseball analytics integration
https://www.linkedin.com/jobs/view/4475050333,mitre|associate complex systems modeler
https://www.linkedin.com/jobs/view/4456766587,amazon web services|business intelligence engineer wwps reporting and analytics center of excellence
https://www.linkedin.com/jobs/view/4475016119,whoop|wholesale inventory analyst accessories apparel
https://www.linkedin.com/jobs/view/4446724736,sig|demand planner am n bibsp
https://www.indeed.com/viewjob?jk=bb88b314ca20748e,sentinel|junior data engineer
https://www.linkedin.com/jobs/view/4457365291,success academy charter schools|analyst schooling data insights
https://www.linkedin.com/jobs/view/4438827471,dollar tree stores|analyst i customer insights analytics
https://www.indeed.com/viewjob?jk=5a859551cdaae841,church dwight|associate data scientist
https://www.linkedin.com/jobs/view/4464282709,doordash|associate dasher tasks strategy operations
https://www.linkedin.com/jobs/view/4475043322,guidehouse|state and local government consultant
https://www.linkedin.com/jobs/view/4473441097,international|supply chain analytics data scientist
https://www.linkedin.com/jobs/view/4438515638,metropolis technologies|revenue economics analyst
https://www.indeed.com/viewjob?jk=c061913960553331,wsp|data analytics program management consultant
https://www.linkedin.com/jobs/view/4465105306,zoro com|logistics analyst
https://www.linkedin.com/jobs/view/4444155175,crypto com|compliance market surveillance analyst
https://www.linkedin.com/jobs/view/4465196300,rsm us|risk consulting associate business applications summer
https://www.linkedin.com/jobs/view/4473387760,ivision consulting|business analyst
https://www.linkedin.com/jobs/view/4475043873,aon|analyst
https://www.linkedin.com/jobs/view/4475057914,navy federal credit union|business intelligence analyst
https://www.linkedin.com/jobs/view/4463934056,almo|procurement analyst
https://www.linkedin.com/jobs/view/4474702299,cvs health|analytic services analyst
https://www.linkedin.com/jobs/view/4475044021,linkedin|sales strategy and operations associate
https://www.linkedin.com/jobs/view/4473810425,brown brothers harriman|transfer agency investor boarding team leader
https://www.linkedin.com/jobs/view/4475041326,finlays solutions|insights analyst
https://www.indeed.com/viewjob?jk=1efc14023c9d266b,new york city department of health and mental hygiene|drug checking data analyst bureau of alcohol and drug use
https://www.linkedin.com/jobs/view/4475005266,appian|sales operations analyst
https://www.linkedin.com/jobs/view/4473458004,perdue farms|supply chain analyst
https://www.linkedin.com/jobs/view/4465114977,alteryx|rev ops business partner cx renewals
https://www.indeed.com/viewjob?jk=e0180365246dc570,bowhead|data analyst
https://www.linkedin.com/jobs/view/4419935131,trinity life sciences|consultant sales analytics
https://www.linkedin.com/jobs/view/4475035110,perennial resources international|client onboarding associate kyc
https://www.indeed.com/viewjob?jk=70d0bc18f4fd5801,chicago housing authority|data analyst
https://www.linkedin.com/jobs/view/4473827661,husch blackwell|pricing analyst
https://www.linkedin.com/jobs/view/4475097999,obsolete site|program analyst
https://www.indeed.com/viewjob?jk=73a12dca87393a9b,johns hopkins university|business intelligence analyst ii finance administration
https://www.linkedin.com/jobs/view/4473837505,pivotal health|optimization analyst
https://www.linkedin.com/jobs/view/4457038376,deloitte|sap data conversion transformation analyst
https://www.indeed.com/viewjob?jk=aa7fd10434d9f8f3,grossman young hammond|data analyst
https://www.linkedin.com/jobs/view/4474781060,stamford health|340b pharm inv comp analyst
https://www.indeed.com/viewjob?jk=2db70e7c6b83eb21,thrive behavioral health|data associate behavioral health
https://www.linkedin.com/jobs/view/4473385619,social capital resources|treasury risk associate
https://www.indeed.com/viewjob?jk=e37e0ca17d0b78fe,news|people operations compliance analyst
https://www.linkedin.com/jobs/view/4475029679,iheartmedia|financial analyst
https://www.linkedin.com/jobs/view/4465199204,waterton|data management analyst
https://www.indeed.com/viewjob?jk=bb915a29865b107d,hive|power bi analyst associate
https://www.indeed.com/viewjob?jk=ef66855c7772fc42,gunnison consulting|cybersecurity policy analyst
https://www.linkedin.com/jobs/view/4464577048,general dynamics ordnance and tactical systems|continuous imp specialist ii
https://www.indeed.com/viewjob?jk=32426b92014a3cd3,new york city department of health and mental hygiene|hr operations data analyst bureau of division management systems coordination
https://www.linkedin.com/jobs/view/4473383094,american legion|veterans benefits policy analyst
https://www.linkedin.com/jobs/view/4472819161,insight global|supply chain specialist
https://www.indeed.com/viewjob?jk=0061b019dc8d4db7,kelly scott madison|it support and operations specialist
https://www.indeed.com/viewjob?jk=385153672a1385f4,beth israel lahey health|healthcare data analyst joslin diabetes center
https://www.linkedin.com/jobs/view/4475319004,defense logistics agency|supply system analyst
https://www.linkedin.com/jobs/view/4475026314,bic|supply planner
https://www.linkedin.com/jobs/view/4473190171,grant thornton|sec regulatory matters associate
https://www.indeed.com/viewjob?jk=3f89dfbd7efc68b7,davies|mailroom print operations analyst
https://www.linkedin.com/jobs/view/4473408128,five below|allocations analyst
https://www.linkedin.com/jobs/view/4473817156,consumer directed services|tele infectious disease
https://www.linkedin.com/jobs/view/4473369683,american academy of dermatology|specialist political external affairs
https://www.linkedin.com/jobs/view/4473167782,veritas partners|counterparty onboarding analyst
https://www.indeed.com/viewjob?jk=ce23c688abd51235,zs associates|revenue operations analyst zaidyn commercial
https://www.indeed.com/viewjob?jk=20bd095890a7a0bd,core bts|it governance and operations analyst
https://www.indeed.com/viewjob?jk=8e717a276f8373b1,children s village|data and reporting specialist
https://www.indeed.com/viewjob?jk=dbd2058164d57691,citi|in house creative agency marketing data analyst c13
https://www.linkedin.com/jobs/view/4437962010,westinghouse electric|business analyst l1
https://www.indeed.com/viewjob?jk=3d3a2851cadec3c0,cpg beyond|financial analyst ii
https://www.linkedin.com/jobs/view/4465154150,gartner|analytics insights specialist people analytics
https://www.indeed.com/viewjob?jk=efd27b61a9e190a0,mariner finance|information security risk analyst ii
https://www.indeed.com/viewjob?jk=34bcd46475c4677c,h s bakery bake rite rolls|master data analyst
https://www.linkedin.com/jobs/view/4438638765,capital one|dispute analytics representative
https://www.linkedin.com/jobs/view/4473186463,dana farber cancer institute|referral and clinical authorization analyst
https://www.linkedin.com/jobs/view/4438821377,booz allen hamilton|master planner
https://www.indeed.com/viewjob?jk=16715cbfbc71d66d,nestl usa|specialist e commerce strategy
https://www.indeed.com/viewjob?jk=5fa44b5190dcda34,johns hopkins university|data analyst
https://www.indeed.com/viewjob?jk=7f1f488279741df7,edgeworth economics|accounting finance analyst
https://www.indeed.com/viewjob?jk=4dd3555709486dc7,dalcom|radar data analyst
https://www.indeed.com/viewjob?jk=c4e8872a143dd53a,rutgers university|data analyst
https://www.linkedin.com/jobs/view/4474398810,chryso north america|commercial analyst
https://www.indeed.com/viewjob?jk=68faee50bdb35f42,betmgm|compliance data analyst
https://www.indeed.com/viewjob?jk=966744c2a10c5315,hasbro|account analyst
https://www.linkedin.com/jobs/view/4475023407,reyes beverage|financial analyst
https://www.linkedin.com/jobs/view/4475309654,usda foreign agricultural service|agricultural economist
https://www.indeed.com/viewjob?jk=0806147a4f5fb105,kreative technologies|data analyst
https://www.indeed.com/viewjob?jk=c75f3f9e83ea74a2,nassau financial|compliance analyst
https://www.linkedin.com/jobs/view/4473808201,nyu langone health|research regulatory specialist
https://www.linkedin.com/jobs/view/4474358672,dr reddy s laboratories|supply planner
https://www.indeed.com/viewjob?jk=7ab626d26fa0b8b2,university of rochester|leave administration data analyst ii
https://www.indeed.com/viewjob?jk=d381ef29cb82baf9,cfa institute|security operations analyst ii
https://www.linkedin.com/jobs/view/4475055022,marsh|government consultant pharmacy
https://www.indeed.com/viewjob?jk=e508677bf4d471f9,sei investments|operations analyst c r
https://www.indeed.com/viewjob?jk=d4b9468f0b24e87c,mastery logistics systems|security operations analyst
https://www.indeed.com/viewjob?jk=088f84e8aca562fd,illinois state university|registrar data analyst
https://www.indeed.com/viewjob?jk=1b711244d9a893fd,mbsolutions|maintenance operations analyst
https://www.indeed.com/viewjob?jk=c46f909fbb51e605,wealth enhancement|trader portfolio operations analyst
https://www.indeed.com/viewjob?jk=c095325e9d98a258,liberty healthcare|data analyst healthcare
https://www.indeed.com/viewjob?jk=60d6aac75caf84ea,waterbury|tax data analyst
https://www.indeed.com/viewjob?jk=69dc438766cc298c,virginia department of corrections|itu security analyst central administration
https://www.indeed.com/viewjob?jk=e188cd8acfc00d6b,canon|credit analyst equipment lending
https://www.linkedin.com/jobs/view/4473406228,oscar health|strategic insights associate data analytics
https://www.linkedin.com/jobs/view/4465153543,omnicom media|senior associate data science
https://www.linkedin.com/jobs/view/4475059318,related companies|associate workforce intelligence
https://www.indeed.com/viewjob?jk=d91b44a16e367a61,jpmorganchase|executive product solutions director agent platform engineer chief data analytics office fusion platform
https://www.indeed.com/viewjob?jk=fa4909d50dea6904,graham windham|senior data analyst
https://www.indeed.com/viewjob?jk=111cb8e93f844815,metropolitan transportation authority|senior data analyst tolling strategy analysis
https://www.indeed.com/viewjob?jk=10ef18db35508570,nan|data analyst 2 central office
https://www.indeed.com/viewjob?jk=1844f4737e74c972,metropolitan transportation authority|senior data analyst tolling strategy analysis
https://www.indeed.com/viewjob?jk=d43d7c2c75a9d9bc,accion opportunity fund|director data product engineering
https://www.linkedin.com/jobs/view/4466404344,lacoste|inventory planner omni channel
https://www.linkedin.com/jobs/view/4466092845,bob s discount furniture|senior analyst assortment
https://www.linkedin.com/jobs/view/4466394319,lacoste|merchandise planner
https://www.linkedin.com/jobs/view/4439008587,nyc health hospitals|inventory planner
https://www.linkedin.com/jobs/view/4475093686,bloomingdale s|senior assistant planner sutton
https://www.linkedin.com/jobs/view/4473423109,bloomberg|financial analyst electronic markets sales finance
https://www.linkedin.com/jobs/view/4466460486,sinclair|sales planner
https://www.linkedin.com/jobs/view/4475042425,vince|planner ecommerce
https://www.linkedin.com/jobs/view/4473386713,loft|associate merchandise planner loft
https://www.linkedin.com/jobs/view/4475029854,sysco|inventory planner
https://www.linkedin.com/jobs/view/4473802137,colgate palmolive|manager rgm analytics
https://www.linkedin.com/jobs/view/4468355481,accenture|retail merchandising and planning strategy consultant
https://www.linkedin.com/jobs/view/4466402966,plaid|gtm compliance analyst
https://www.linkedin.com/jobs/view/4473186937,aca|consultant aml
https://www.linkedin.com/jobs/view/4388409042,bank of china usa|queens branch bsa associate avp
https://www.linkedin.com/jobs/view/4429794805,intuit|staff fraud and risk analyst neobanking
https://www.linkedin.com/jobs/view/4465182696,rain|compliance associate bank sponsorship product expansion
https://www.linkedin.com/jobs/view/4451482380,bank of china usa|legal compliance department kyc enhanced due diligence avp
https://www.linkedin.com/jobs/view/4475030997,new york state department of financial services|financial services specialist 1 sg 18
https://www.linkedin.com/jobs/view/4475002592,coinbase|senior analyst compliance technology
https://www.linkedin.com/jobs/view/4473384754,social capital resources|kyc associate
https://www.linkedin.com/jobs/view/4475030998,new york state department of financial services|financial services specialist 2 sg 23
https://www.linkedin.com/jobs/view/4467579033,bbva|credit risk officer financial institutions vice president
https://www.indeed.com/viewjob?jk=7a2abebffc027860,new york city department of health and mental hygiene|scientist bureau of environmental sciences and engineering
https://www.linkedin.com/jobs/view/4465191157,marcus millichap|revenue operations analyst
https://www.linkedin.com/jobs/view/4450192519,panasonic north america|sr business strategy operations analyst japanese speaking is required
https://www.linkedin.com/jobs/view/4473411065,oscar health|strategic insights senior analyst data analytics
https://www.linkedin.com/jobs/view/4464240276,jetblue|senior analyst crew pairing optimization
https://www.linkedin.com/jobs/view/4466095213,waystone|sales operations senior analyst
https://www.linkedin.com/jobs/view/4473372592,ey parthenon|ey parthenon strategy and execution value creation industrials and consumer associate
https://www.linkedin.com/jobs/view/4473182303,ey parthenon|ey parthenon strategy and execution telecommunications pe value creation sr associate consultant
https://www.linkedin.com/jobs/view/4475306041,deloitte|senior consultant strategy innovation and public policy
https://www.linkedin.com/jobs/view/4456642354,anthropic|policy design manager conventional weapons
https://www.linkedin.com/jobs/view/4453895999,baker tilly us|consumer regulatory compliance senior consultant
https://www.linkedin.com/jobs/view/4465417235,anthropic|safeguards enforcement analyst conventional weapons
https://www.linkedin.com/jobs/view/4465191876,metropolitan transportation authority|planner climate data science
https://www.linkedin.com/jobs/view/4475309632,semianalysis|contracts compliance specialist
https://www.linkedin.com/jobs/view/4473800423,international auditing and assurance standards board|international auditing and assurance standards board standard setter
https://www.linkedin.com/jobs/view/4446847206,bny|senior vice president counsel digital assets policy regulatory supervisory
https://www.linkedin.com/jobs/view/4474798876,macy s|vp government affairs
https://www.linkedin.com/jobs/view/4473177575,capstone|senior associate healthcare policy investment
https://www.linkedin.com/jobs/view/4475024485,depository trust clearing|artificial intelligence senior associate
https://www.linkedin.com/jobs/view/4475020060,new york city police department|agency attorney iii
https://www.linkedin.com/jobs/view/4475074063,reverb|product ops data scientist
https://www.linkedin.com/jobs/view/4457051993,motorola solutions|portfolio data analyst
https://www.linkedin.com/jobs/view/4456417449,pwc|adobe transformation senior associate
https://www.indeed.com/viewjob?jk=bf2c23eef3772f61,cboe global markets|marketing intern
https://www.indeed.com/viewjob?jk=683acd1d8cab6dca,cboe global markets|quant data analytics intern
https://www.linkedin.com/jobs/view/4466418689,turnitin|sales planning and reporting analyst
https://www.linkedin.com/jobs/view/4448670742,option care health|commercial strategy and planning business partner
https://www.linkedin.com/jobs/view/4447590020,akira|merchandise analytics manager
https://www.linkedin.com/jobs/view/4475051558,honeywell technologies|senior materials management analyst
https://www.linkedin.com/jobs/view/4475004258,robert half|financial planning and analysis specialist
https://www.indeed.com/viewjob?jk=d850243eed65980a,reyes coca cola bottling|supply chain demand planner
https://www.linkedin.com/jobs/view/4464259677,wintrust financial|senior tech data analyst
https://www.linkedin.com/jobs/view/4437085565,alliant credit union|lead model validation
https://www.linkedin.com/jobs/view/4457000373,driv|snr internal audit analyst
https://www.linkedin.com/jobs/view/4475006449,coinbase|senior analyst compliance technology
https://www.linkedin.com/jobs/view/4475024858,protiviti|chicago technology audit advisory senior consultant
https://www.linkedin.com/jobs/view/4457330450,capital one|senior associate quantitative analyst model risk office
https://www.linkedin.com/jobs/view/4475045765,gallagher|area asst vice president of pbm consulting
https://www.indeed.com/viewjob?jk=aa40a6bd562436cd,trustpoint one|collections manager law firm
https://www.linkedin.com/jobs/view/4456294835,tempus ai|sr associate sales operations
https://www.linkedin.com/jobs/view/4473406218,doordash|senior associate international sales strategy operations
https://www.linkedin.com/jobs/view/4475066999,cboe global markets|senior analyst tokenization alternative products
https://www.linkedin.com/jobs/view/4475016701,motorola solutions|analyst operations excellence
https://www.linkedin.com/jobs/view/4473175587,ey parthenon|ey parthenon strategy and execution telecommunications pe value creation sr associate consultant
https://www.linkedin.com/jobs/view/4473366744,ey parthenon|ey parthenon strategy and execution value creation industrials and consumer associate
https://www.linkedin.com/jobs/view/4475043488,cibc us|sr operations analyst capital markets
https://www.linkedin.com/jobs/view/4475035450,invenergy|associate business transformation
https://www.indeed.com/viewjob?jk=ba3aa4c53698d275,cibc|sr operations analyst capital markets
https://www.linkedin.com/jobs/view/4464203379,covista|senior analyst licensing accreditation
https://www.linkedin.com/jobs/view/4465158516,google|state and local government manager google cloud
https://www.linkedin.com/jobs/view/4464226143,covista|senior manager regulatory affairs
https://www.linkedin.com/jobs/view/4469740733,commonspirit health|sr regulatory compliance analyst
https://www.linkedin.com/jobs/view/4434801184,cook county health|compliance officer cchhs
https://www.linkedin.com/jobs/view/4444548676,meta|economic development manager
https://www.linkedin.com/jobs/view/4475057003,floqast|risk controls manager
https://www.linkedin.com/jobs/view/4474793797,ifg us|financial regulatory reporting senior analyst
https://www.linkedin.com/jobs/view/4453491076,ey|forensic and integrity services government services pharma senior
https://www.linkedin.com/jobs/view/4475047833,beth israel lahey health|healthcare data analyst joslin diabetes center
https://www.linkedin.com/jobs/view/4473415139,siemens healthineers|strategy and business process analyst
https://www.linkedin.com/jobs/view/4473396562,bevi|product data scientist
https://www.linkedin.com/jobs/view/4456408568,pwc|adobe transformation senior associate
https://www.indeed.com/viewjob?jk=916e295efde72781,werfen|senior service business intelligence analyst
https://www.indeed.com/viewjob?jk=fa926e85fe1b010f,beth israel lahey health|director of quality patient safety mount auburn hospital
https://www.indeed.com/viewjob?jk=e995e33ef6181c97,sentinel|data engineer
https://www.indeed.com/viewjob?jk=bc94ee079d9c0b99,advantage solutions|category insights sr analyst
https://www.indeed.com/viewjob?jk=a8db4dc2bf361e35,mfs investment management|summer enterprise data management intern
https://www.indeed.com/viewjob?jk=2da976f29780bb15,beth israel lahey health|integration architect healthcare technology management
https://www.linkedin.com/jobs/view/4466305677,bob s discount furniture|senior analyst assortment
https://www.linkedin.com/jobs/view/4454685209,xpo|senior data scientist
https://www.linkedin.com/jobs/view/4410742247,dassault syst mes|senior financial analyst
https://www.linkedin.com/jobs/view/4475057504,cvs health|senior decision scientist retail operations
https://www.linkedin.com/jobs/view/4475001405,yes energy|senior analyst power markets modeler
https://www.linkedin.com/jobs/view/4475025823,anduril industries|buyer planner
https://www.linkedin.com/jobs/view/4475041361,cisco|silicon wafer planning manager
https://www.linkedin.com/jobs/view/4473169603,cargurus|principal analyst revenue strategy
https://www.linkedin.com/jobs/view/4466355792,kayak|senior compliance specialist fcrm ethics
https://www.linkedin.com/jobs/view/4475092033,amentum|criminal intelligence analyst
https://www.linkedin.com/jobs/view/4466352553,netbrain technologies|senior security compliance analyst
https://www.linkedin.com/jobs/view/4454674794,alixpartners|investigations compliance privacy sr vice president cpa
https://www.linkedin.com/jobs/view/4454651368,cargurus|principal security governance risk compliance analyst
https://www.linkedin.com/jobs/view/4446439278,affirm|quantitative analytics manager affirm bank model governance
https://www.linkedin.com/jobs/view/4466426171,pwc|aml and sanctions ai engineer manager
https://www.linkedin.com/jobs/view/4473389790,moderna|sr cyber risk 3rd party analyst
https://www.linkedin.com/jobs/view/4475024986,american family insurance|senior security risk analyst
https://www.indeed.com/viewjob?jk=8a8c6625f3ca6a3f,american family insurance|senior security risk analyst
https://www.indeed.com/viewjob?jk=31e94264f0dd0a94,commonwealth of massachusetts|management analyst iii
https://www.linkedin.com/jobs/view/4466408673,boston children s hospital|sr strategy associate
https://www.linkedin.com/jobs/view/4473380952,mbta|operations analyst
https://www.linkedin.com/jobs/view/4475042229,werfen|senior service business intelligence analyst
https://www.linkedin.com/jobs/view/4465182751,charles river associates|associate principal utility regulation and finance
https://www.linkedin.com/jobs/view/4447568828,analysis|conflict analyst
https://www.linkedin.com/jobs/view/4466384057,entegris|government relations intern
https://www.linkedin.com/jobs/view/4473818521,ey|government and infrastructure business transformation technical writer staff
https://www.linkedin.com/jobs/view/4475035975,state street|assistant vice president privacy engineering wealth services
https://www.linkedin.com/jobs/view/4475048255,merck|principal scientist regulatory liaison immunology
https://www.linkedin.com/jobs/view/4475050211,merck|principal scientist regulatory liaison immunology
https://www.linkedin.com/jobs/view/4473165519,umass chan medical school|program manager masshealth equity program oca
https://www.linkedin.com/jobs/view/4427805596,olympus|ra specialist ii
https://www.linkedin.com/jobs/view/4474781909,massachusetts association of school superintendents|assistant director of compliance special education
https://www.linkedin.com/jobs/view/4449332038,j jill|manager customs compliance
https://www.linkedin.com/jobs/view/4473836359,geoyeti a division of bcore|data analyst
https://www.linkedin.com/jobs/view/4457050347,deloitte|talent data analytics support ts sci w poly washington d c
https://www.linkedin.com/jobs/view/4470163873,caci international|data analyst
https://www.linkedin.com/jobs/view/4466332382,guidehouse|data scientist national security
https://www.linkedin.com/jobs/view/4475043098,accenture federal services|data analyst
https://www.indeed.com/viewjob?jk=1df7f5c6f3092e50,nan|data analyst
https://www.indeed.com/viewjob?jk=2a45551a159fecf7,capital one|manager tech risk analysis
https://www.indeed.com/viewjob?jk=f751b8eda61420b0,teknoluxion|data analyst
https://www.indeed.com/viewjob?jk=80193195b77b2f11,information technology senior management forum|manager tech risk analysis
https://www.indeed.com/viewjob?jk=c820a2cefe7b33ba,somatus|machine learning engineer
https://www.indeed.com/viewjob?jk=47c580dd2c055f65,george washington university|senior data analyst advancement analytics and philanthropic intelligence
https://www.indeed.com/viewjob?jk=552fa99238ff690d,accenture federal services|hr data analyst
https://www.indeed.com/viewjob?jk=1195b48d86372058,building people|senior data analyst
https://www.indeed.com/viewjob?jk=4af1dfc8fc9a046b,norc at university of chicago|senior data scientist ii program management and data governance
https://www.indeed.com/viewjob?jk=5e94a5a3df8a7e14,numinformatics|junior data analyst tableau developer
https://www.indeed.com/viewjob?jk=74ae1022775616ae,guidehouse|data analyst
https://www.indeed.com/viewjob?jk=2fd6a28924a70db7,guidehouse|data analyst
https://www.indeed.com/viewjob?jk=08dc24609ff58a3b,guidehouse|data analyst
https://www.linkedin.com/jobs/view/4473429952,satair|supply chain analyst
https://www.linkedin.com/jobs/view/4434898615,leonardo drs|materials planner ii
https://www.linkedin.com/jobs/view/4465102537,google|senior financial analyst google cloud public sector
https://www.linkedin.com/jobs/view/4473587647,marriott international|manager of reporting and analysis
https://www.linkedin.com/jobs/view/4475005505,airbus|supply chain analyst
https://www.linkedin.com/jobs/view/4475036912,planet|analyst sales strategy gtm planning
https://www.linkedin.com/jobs/view/4473183156,amrize|production analyst rmx
https://www.linkedin.com/jobs/view/4475037513,guidehouse|data scientist
https://www.linkedin.com/jobs/view/4466473565,capital one|manager data analyst enterprise aml advisory
https://www.linkedin.com/jobs/view/4466413227,pwc|aml and sanctions ai developer senior associate
https://www.linkedin.com/jobs/view/4475059818,navy federal credit union|senior quantitative risk analyst
https://www.linkedin.com/jobs/view/4457072558,fannie mae|single family risk management senior associate
https://www.linkedin.com/jobs/view/4454680751,alixpartners|investigations compliance privacy vice president cpa
https://www.linkedin.com/jobs/view/4437915709,freddie mac|it risk senior third party and model risk
https://www.linkedin.com/jobs/view/4418929764,general dynamics information technology|cyber analyst principal ts sci with polygraph
https://www.linkedin.com/jobs/view/4465405298,anthropic|safeguards enforcement analyst safety evaluations
https://www.linkedin.com/jobs/view/4411264917,castro|a 123 senior consultant
https://www.linkedin.com/jobs/view/4475036271,amentum|counter threat finance analyst
https://www.linkedin.com/jobs/view/4468291636,verisign|compliance specialist ii or iii
https://www.linkedin.com/jobs/view/4464595030,chaos industries|governance risk compliance analyst
https://www.indeed.com/viewjob?jk=eddf77a08d6579e3,noblis|information system security compliance analyst
https://www.indeed.com/viewjob?jk=64254241bea1b522,booz allen hamilton|mission risk analyst
https://www.indeed.com/viewjob?jk=9cbccf5d661cc271,booz allen hamilton|mission risk analyst
https://www.indeed.com/viewjob?jk=7aeb342f876aa401,nan|compliance analyst level 3
https://www.linkedin.com/jobs/view/4475088112,reston consulting|senior business analyst secret clearance
https://www.linkedin.com/jobs/view/4473422183,centerwell senior primary care|clinical operations strategy lead
https://www.linkedin.com/jobs/view/4466448330,anduril industries|business operations production
https://www.linkedin.com/jobs/view/4473449148,arcadis|management consultant
https://www.linkedin.com/jobs/view/4475001570,deloitte|enterprise performance junior
https://www.linkedin.com/jobs/view/4472947839,command holdings a pequot|journeyman operations research analyst
https://www.indeed.com/viewjob?jk=1fddb56af0336ff2,resources contractors|senior business analyst secret clearance
https://www.indeed.com/viewjob?jk=36a2d00872d4664c,caci international|program operations analyst
https://www.indeed.com/viewjob?jk=b186f90af8095a8c,ahu technologies|security operations analyst
https://www.indeed.com/viewjob?jk=c341ff90fa7128fc,cherokee federal|operations analyst
https://www.linkedin.com/jobs/view/4475051993,architect of capitol|management and program analyst
https://www.linkedin.com/jobs/view/4475083097,gunnison|cybersecurity policy analyst
https://www.linkedin.com/jobs/view/4428782210,bart associates|content editor mid level
https://www.linkedin.com/jobs/view/4466479761,moody s|assistant vice president government public regulatory affairs
https://www.linkedin.com/jobs/view/4473817726,zachary piper solutions|senior action officer classification program protection
https://www.linkedin.com/jobs/view/4456393155,amentum|policy analyst forces labor enforcement task force
https://www.linkedin.com/jobs/view/4475016842,booz allen hamilton|defense congressional analyst mid
https://www.linkedin.com/jobs/view/4432934885,american college of cardiology|analyst payer advocacy value solutions
https://www.linkedin.com/jobs/view/4475035013,booz allen hamilton|supply chain research analyst
https://www.indeed.com/viewjob?jk=f674c97f15477228,nan|management and program analyst
https://www.linkedin.com/jobs/view/4474773654,robert half|banking compliance officer
https://www.linkedin.com/jobs/view/4473174738,janney montgomery scott|surveillance analyst
https://www.linkedin.com/jobs/view/4468193991,kpmg us|senior associate financial crimes
https://www.linkedin.com/jobs/view/4445778145,continental finance|compliance analyst
https://www.linkedin.com/jobs/view/4465638356,jpmorganchase|business banking trust security card rewards fraud strategy senior associate
https://www.linkedin.com/jobs/view/4474540110,wells fargo|senior lead analytics consultant global employee fraud monitoring
https://www.indeed.com/viewjob?jk=415f1166b624cc79,independence blue cross|sr risk analyst
https://www.indeed.com/viewjob?jk=ebfc2396fb609dac,td|senior group risk analyst
https://www.indeed.com/viewjob?jk=31b0f82fb776f1dd,geodis usa|senior trade compliance analyst
https://www.indeed.com/viewjob?jk=54b2169c89f55a05,nan|third party risk analyst
https://www.indeed.com/viewjob?jk=23234ed52b430c18,keybank|consumer credit risk analyst iii
https://www.indeed.com/viewjob?jk=7044209e9b123976,nan|standards compliance analyst 2 youth services
https://www.linkedin.com/jobs/view/4474355971,cvs health|senior business analyst consultant
https://www.linkedin.com/jobs/view/4474583165,pnc|portfolio analytics strategy specialist
https://www.linkedin.com/jobs/view/4466491347,aml rightsource|senior financial crimes investigator
https://www.linkedin.com/jobs/view/4474508809,pnc|compliance program specialist senior
https://www.linkedin.com/jobs/view/4472803909,fulton bank|data and reporting compliance analyst
https://www.indeed.com/viewjob?jk=50fe598dc5349ffc,victaulic|senior ai risk analyst
https://www.linkedin.com/jobs/view/4473198621,five below|merchandise planner
https://www.linkedin.com/jobs/view/4475003333,dsj global|demand planner
https://www.linkedin.com/jobs/view/4473359434,gcs|data analyst capacity planning
https://www.linkedin.com/jobs/view/4466096772,bob s discount furniture|senior analyst assortment
https://www.linkedin.com/jobs/view/4463492941,fujifilm americas|operations business analyst
https://www.indeed.com/viewjob?jk=fe7b13294a3ebec5,nan|product manager customer facing applications
https://www.indeed.com/viewjob?jk=bf6bda7fced90c0b,sentara|senior healthcare data analyst
https://www.indeed.com/viewjob?jk=30efed5ecd92c13b,virginia department of transportation|business data analyst senior supervisor
https://www.indeed.com/viewjob?jk=8964b3dcc3af1000,ads|project manager
https://www.linkedin.com/jobs/view/4474770257,synchrony|avp authentication wallets
https://www.linkedin.com/jobs/view/4456783939,future standard|associate compliance
https://www.linkedin.com/jobs/view/4474560096,pwc|ai governance sr associate
https://www.linkedin.com/jobs/view/4472832065,polaris corporate risk management|senior investigative analyst
https://www.linkedin.com/jobs/view/4466311535,bob s discount furniture|senior analyst assortment
https://www.indeed.com/viewjob?jk=da6b7778c7cfed62,cvs health|lead director software product management
https://www.linkedin.com/jobs/view/4465178553,scientific research|logistics engineer iii
https://www.linkedin.com/jobs/view/4474344654,under armour|sr lead global demand planning
https://www.indeed.com/viewjob?jk=d05e28d12575ca40,perdue|demand planner
https://www.linkedin.com/jobs/view/4466093802,bob s discount furniture|senior analyst assortment
https://www.linkedin.com/jobs/view/4466313245,bob s discount furniture|senior analyst assortment
https://www.linkedin.com/jobs/view/4474794427,bd|senior analyst commercial operations analytics
https://www.linkedin.com/jobs/view/4474765627,waterworks|inventory analyst coordinator
https://www.linkedin.com/jobs/view/4462559159,centerwell senior primary care|senior analytics consultant
https://www.linkedin.com/jobs/view/4474550628,cvs health|senior analyst fp a
https://www.linkedin.com/jobs/view/4473857704,pantherx rare pharmacy|financial data analyst
https://www.linkedin.com/jobs/view/4457553457,zekelman industries|product analyst
https://www.linkedin.com/jobs/view/4473114032,thermo fisher scientific|sr logistics specialist white glove
https://www.linkedin.com/jobs/view/4465898191,deloitte|supply chain risk management strategy and transformation senior consultant
https://www.linkedin.com/jobs/view/4475047213,civicminds|compliance associate
https://www.linkedin.com/jobs/view/4472808530,transamerica|senior regulatory compliance analyst
https://www.linkedin.com/jobs/view/4474356101,bering alaka ina holdings|post approval compliance monitor
https://www.linkedin.com/jobs/view/4466311536,bob s discount furniture|senior analyst assortment
https://www.linkedin.com/jobs/view/4473175882,composecure|senior sales inventory operations analyst
https://www.linkedin.com/jobs/view/4473391658,liberty healthcare|data analyst healthcare
https://www.linkedin.com/jobs/view/4474762884,spring eq|data analyst
https://www.indeed.com/viewjob?jk=4fa1ce1bef3bca57,allegheny county pennsylvania|senior data engineer
https://www.indeed.com/viewjob?jk=fd19415308ffe8cf,pittsburgh steelers|business analytics manager
https://www.indeed.com/viewjob?jk=2f27b03a2ecf2edf,philadelphia inquirer|lead data analyst audience subscriber insights
https://www.linkedin.com/jobs/view/4475061367,asml|business engineer manufacturing data analyst
https://www.linkedin.com/jobs/view/4475065372,asml|industrial engineering business analytics
https://www.linkedin.com/jobs/view/4474553323,pwc|ai engineer data scientist ai experienced associate
https://www.linkedin.com/jobs/view/4466051114,deloitte|analytics and insights engineer ii
https://www.linkedin.com/jobs/view/4466039958,deloitte|analytics and insights engineer ii
https://www.indeed.com/viewjob?jk=eda58a32db39623b,m nchener r ckversicherungs gesellschaft|data product owner
https://www.indeed.com/viewjob?jk=0339293780129593,asml|business engineer manufacturing data analyst
https://www.linkedin.com/jobs/view/4475039652,sports careers|associate hitting analyst baseball analytics
https://www.indeed.com/viewjob?jk=02d56ff525fb2240,nan|data analyst 2
https://www.indeed.com/viewjob?jk=b93f3e23c44dbe17,nan|data analyst 3
https://www.indeed.com/viewjob?jk=526d61fa5a649aa5,spring health|senior data analyst i medical affairs
https://www.indeed.com/viewjob?jk=15133287566da184,abbvie|senior analyst global r d study forecasting
https://www.indeed.com/viewjob?jk=3a05f15d471c548a,mantech|acquisition security risk analyst
https://www.indeed.com/viewjob?jk=07b28e95d05e71aa,state of illinois|roadway data analyst
https://www.indeed.com/viewjob?jk=dd795b54f8cd2881,illinois state university|director of business intelligence
https://www.indeed.com/viewjob?jk=41e523f5cd109e45,nan|project operations analyst
https://www.indeed.com/viewjob?jk=21b488cfc36dc09c,spring health|lead revenue operations analyst
https://www.indeed.com/viewjob?jk=4caabf0e33c352da,northrop grumman|quality policy and strategy analyst
https://www.indeed.com/viewjob?jk=10049b6363c9ebfe,cvs health|lead director software product management
https://www.indeed.com/viewjob?jk=5382d16f80f2ea57,university of virginia|admissions operations analyst darden school of business
https://www.indeed.com/viewjob?jk=652d243f9fa9ead4,tamarack technologies|facilities asset analyst
https://www.indeed.com/viewjob?jk=9a3ea6b6e0f8b4ad,tamarack technologies|facilities operations program analyst
https://www.indeed.com/viewjob?jk=cc631572ee43d1f3,ksa integration|operations analyst
https://www.indeed.com/viewjob?jk=15fe7a86e06ee162,serco|cyberspace operations analyst trainer suffolk va
https://www.indeed.com/viewjob?jk=d6f93e3e2577ddef,cvs health|lead director software product management
https://www.linkedin.com/jobs/view/4475029089,marginedge|gtm data analyst
https://www.linkedin.com/jobs/view/4471854217,mitre|associate data scientist
https://www.linkedin.com/jobs/view/4471844913,mitre|associate data scientist
https://www.linkedin.com/jobs/view/4468193989,kpmg us|associate financial crimes
https://www.linkedin.com/jobs/view/4473384704,dla careers|management and program analyst
https://www.linkedin.com/jobs/view/4447719438,deloitte|consultant gbs operational finance
https://www.linkedin.com/jobs/view/4446390546,zoominfo|gtm consultant ii
https://www.linkedin.com/jobs/view/4473851466,haystack|data analyst
https://www.linkedin.com/jobs/view/4474549497,pwc|ai governance experienced associate
https://www.linkedin.com/jobs/view/4475005526,fidelity investments|credit risk analyst
https://www.indeed.com/viewjob?jk=398f3356c6e3f671,marginedge|gtm data analyst
https://www.linkedin.com/jobs/view/4474710779,renewable careers|renewable energy analyst
https://www.indeed.com/viewjob?jk=0ec27b39cf562e5d,fulton bank|data and reporting compliance analyst
https://www.linkedin.com/jobs/view/4473145610,hikma pharmaceuticals|supply chain analyst
https://www.linkedin.com/jobs/view/4465878949,gallagher re|catastrophe risk analyst reach
https://www.indeed.com/viewjob?jk=505fe794de2cc797,deloitte|technology strategy analyst
https://www.linkedin.com/jobs/view/4474748641,sterilite|planning and forecasting analyst
https://www.linkedin.com/jobs/view/4475011017,amazon web services|product operations analyst world wide revenue operations
https://www.linkedin.com/jobs/view/4474798576,amazon web services|product operations analyst world wide revenue operations
https://www.indeed.com/viewjob?jk=7cb02e9f3c81dc07,cbre|data analyst
https://www.indeed.com/viewjob?jk=87b58d83a0d04b09,u s bank|data analyst
https://www.linkedin.com/jobs/view/4475013847,booz allen hamilton|management analyst
https://www.linkedin.com/jobs/view/4475058373,pwc|deal data technology analytics experienced associate
https://www.linkedin.com/jobs/view/4475038803,mitre|associate complex systems modeler
https://www.linkedin.com/jobs/view/4464279760,doordash|associate dasher tasks strategy operations
https://www.linkedin.com/jobs/view/4475067477,navy federal credit union|business intelligence analyst
https://www.linkedin.com/jobs/view/4473843206,pivotal health|optimization analyst
https://www.indeed.com/viewjob?jk=fdbdf61f3136c450,navy federal credit union|business intelligence analyst
https://www.linkedin.com/jobs/view/4473187439,daimler truck north america|pricing strategy and advance analytics analyst
https://www.linkedin.com/jobs/view/4475021008,global payments|payments data scientist
https://www.linkedin.com/jobs/view/4473878383,west monroe|platforms business consultant
https://www.linkedin.com/jobs/view/4473872605,west monroe|platforms customer strategy consultant
https://www.linkedin.com/jobs/view/4473391700,tokio marine hcc a h|data analyst
https://www.linkedin.com/jobs/view/4473199635,cobank|associate enterprise risk analyst
https://www.linkedin.com/jobs/view/4472014606,university of texas at austin|data analyst ii
https://www.linkedin.com/jobs/view/4457002843,tufts medicine|regulatory coordinator neely center for clinical cancer research
https://www.linkedin.com/jobs/view/4464246189,heydude|coordinator commercial operations analytics
https://www.linkedin.com/jobs/view/4466071591,tailored brands|vendor risk program coordinator
https://www.linkedin.com/jobs/view/4473809330,icf|associate operations specialist
https://www.linkedin.com/jobs/view/4473859974,home depot|associate data scientist decision analytics
https://www.linkedin.com/jobs/view/4473451336,city of new york|operations systems and data specialist
https://www.linkedin.com/jobs/view/4474791622,visa|data insights analyst
https://www.linkedin.com/jobs/view/4473465843,redirecruit global|financial analyst credit risk sba lending oversight portfolio risk management
https://www.indeed.com/viewjob?jk=7c45783565fb27c0,home depot|associate data scientist
https://www.linkedin.com/jobs/view/4419831145,d e shaw|financial analysis reporting associate
https://www.linkedin.com/jobs/view/4447081811,harrisx|research analyst
https://www.linkedin.com/jobs/view/4473488257,autocar parts|supply chain planner
https://www.linkedin.com/jobs/view/4475084650,trinity health|inventory control operations specialist
https://www.linkedin.com/jobs/view/4475076909,holy cross health fl|inventory control operations specialist
https://www.linkedin.com/jobs/view/4473829936,48forty solutions|it business systems operations analyst sales pipeline crm
https://www.linkedin.com/jobs/view/4475015734,depelchin|qi and risk management specialist
https://www.linkedin.com/jobs/view/4475389305,beth israel lahey health|pharmacy inventory controller
https://www.linkedin.com/jobs/view/4475021276,strive health services|analyst business operations
https://www.linkedin.com/jobs/view/4456285248,wolverine trading|etf trading support analyst
https://www.indeed.com/viewjob?jk=1d6e7a743c3451f1,city and county of denver|governance risk and compliance data analyst technology services
https://www.linkedin.com/jobs/view/4447716473,deloitte|global business services strategy consultant
https://www.linkedin.com/jobs/view/4447198428,kastle systems|procurement specialist
https://www.linkedin.com/jobs/view/4447751829,loveshackfancy|financial analyst
https://www.linkedin.com/jobs/view/4438379006,goldman sachs|gbm public securities prime services clearing risk associate new york
https://www.linkedin.com/jobs/view/4430149871,cvc marathon|repo operations analyst associate
https://www.linkedin.com/jobs/view/4473452310,nyc administration for children s services|analyst
https://www.indeed.com/viewjob?jk=6fadf7e066335caf,grady health system|business intelligence analyst
https://www.linkedin.com/jobs/view/4473803087,phillips 66|naphtha market research advisor ii
https://www.linkedin.com/jobs/view/4473894131,bold steps behavioral health|analyst patient engagement
https://www.linkedin.com/jobs/view/4439342474,old national bank|liquidity analyst ii
https://www.linkedin.com/jobs/view/4438265515,crowe|loan review consultant
https://www.linkedin.com/jobs/view/4473494290,lucas james talent partners|consultant
https://www.linkedin.com/jobs/view/4457549607,dexis|research associate threat reduction
https://www.linkedin.com/jobs/view/4475330781,cohnreznick|federal it audit associate
https://www.linkedin.com/jobs/view/4473389824,mcleod health|pharmacy 340b analyst mcleod health pharmacy services
https://www.linkedin.com/jobs/view/4475361610,unruled masses|civic action researcher
https://www.indeed.com/viewjob?jk=1f577521a69ae98f,instacart|data analyst platform excellence ops analytics
https://www.linkedin.com/jobs/view/4451905607,heath|financial business analyst
https://www.linkedin.com/jobs/view/4466419219,amazon|supply chain analyst wwgs dc ops sc integration scpm team
https://www.linkedin.com/jobs/view/4447237694,jpmorganchase|quantitative trading research algorithmic execution analyst
https://www.linkedin.com/jobs/view/4457522886,emerson|supply chain analyst
https://www.linkedin.com/jobs/view/4473897800,xtalks|scientific data associate cell
https://www.linkedin.com/jobs/view/4469448844,venable|health policy advisor
https://www.linkedin.com/jobs/view/4473875895,health wealth safe|locums obstetrics gynecologist
https://www.indeed.com/viewjob?jk=1acf32f83292f1da,handcraft services|regional service operations specialist
https://www.indeed.com/viewjob?jk=cd7a26fe523afa96,swbc|financial operational data analyst
https://www.linkedin.com/jobs/view/4454677239,xpo|applied ai scientist
https://www.linkedin.com/jobs/view/4322585962,dsv global transport and logistics|assistant credit controller credit specialist
https://www.linkedin.com/jobs/view/4457052132,amazon|inventory planner perishables
https://www.indeed.com/viewjob?jk=dd2f82dbcc884668,tecovas|business systems operations analyst supply chain
https://www.indeed.com/viewjob?jk=eb3ab983be304ed0,chevron|compliance analyst
https://www.linkedin.com/jobs/view/4454680065,solomon page|internal auditor
https://www.linkedin.com/jobs/view/4466731139,puma|analyst customs
https://www.linkedin.com/jobs/view/4473172266,mansfield energy|credit analyst
https://www.indeed.com/viewjob?jk=02091733e922b70a,chickasaw nation industries|health data sme ehr systems
https://www.indeed.com/viewjob?jk=57cca12f42c7a5dc,trane technologies|data analyst
https://www.indeed.com/viewjob?jk=36d95a91a9b838e2,blood cancer united|data engineer
https://www.linkedin.com/jobs/view/4475373877,d fend solutions|sales operations specialist
https://www.indeed.com/viewjob?jk=6ed4cf5cdcc0630d,liquidpower specialty products|strategy analyst
https://www.indeed.com/viewjob?jk=d4611dd10e3465a4,emory university|data analyst school of medicine ophthalmology eagle eye suite
https://www.linkedin.com/jobs/view/4473168342,applied materials|finance logistics analyst
https://www.indeed.com/viewjob?jk=abf4859061549e1b,harris county|inspector health safety
https://www.linkedin.com/jobs/view/4427869518,championx|supply planner
https://www.indeed.com/viewjob?jk=b9608bf8c59e6aca,govcio|vista transition sme
https://www.indeed.com/viewjob?jk=287b256a942ade71,champion petfoods|master data analyst
https://www.indeed.com/viewjob?jk=1108e0b5bc30ea2a,pearson|specialist business analytics
https://www.indeed.com/viewjob?jk=00b285f1b8e6ff4d,powerplan|services operations analyst
https://www.indeed.com/viewjob?jk=9f22ca239426d5be,farmers insurance|fbs sap analytics engineer
https://www.indeed.com/viewjob?jk=aaa0258031d8d8c0,gaggle net|operations safety analyst trust safety
https://www.indeed.com/viewjob?jk=214f01f012836157,organic valley|demand planning analyst
https://www.indeed.com/viewjob?jk=5af2e483d21fe889,southern glazer s wine spirits|sales team leader durango
https://www.indeed.com/viewjob?jk=57dc84022e91231e,satrack de colombia servisat s a s|analista operaciones logisticas
https://www.indeed.com/viewjob?jk=5d7bcac4827e9753,georgia department of corrections|systems support tech 1
https://www.indeed.com/viewjob?jk=e93a6d3d2ea67680,solvay|customer account representative
https://www.indeed.com/viewjob?jk=e66a7581732d22c7,ncci holdings|data analyst indemnity data
https://www.linkedin.com/jobs/view/4473486043,jobot|operations analyst collateral margin
https://www.indeed.com/viewjob?jk=15d78c5144bf5d9c,katy independent school district|clerk student data
https://www.indeed.com/viewjob?jk=ec8f9b6bdb4cef6e,jackson lewis|employment law associate litigation and advice counseling
https://www.linkedin.com/jobs/view/4473890392,synergisticit|junior java spring boot developer data scientist
https://www.linkedin.com/jobs/view/4371209650,cvc marathon|quantitative analyst role commercial real estate
https://www.linkedin.com/jobs/view/4447179222,cond nast|performance analyst
https://www.linkedin.com/jobs/view/4454671418,gen|senior financial analyst
https://www.linkedin.com/jobs/view/4416937202,judi health|senior analyst drug pricing surveillance
https://www.linkedin.com/jobs/view/4473895807,bof careers|moncler planning specialist americas
https://www.linkedin.com/jobs/view/4475377871,baron capital|senior associate strategy specialist
https://www.linkedin.com/jobs/view/4466428156,pwc|aml and sanctions ai developer senior associate
https://www.linkedin.com/jobs/view/4457048944,capital one|senior data analyst analytics transformation
https://www.linkedin.com/jobs/view/4457536048,crowe|microsoft dynamics 365 supply chain management optimization customer outcome senior consultant
https://www.linkedin.com/jobs/view/4457517996,crowe|microsoft dynamics 365 supply chain management optimization customer outcome senior consultant
https://www.linkedin.com/jobs/view/4439316820,hellofresh|senior manager long term planning
https://www.linkedin.com/jobs/view/4475501016,vestwell|manager operational finance and analytics
https://www.linkedin.com/jobs/view/4439320028,wonder|manager fp a
https://www.linkedin.com/jobs/view/4464249471,bloomberg|senior financial specialist technology finance finance administration
https://www.linkedin.com/jobs/view/4466483356,capital one|senior associate financial planning analysis strategic tech finance
https://www.linkedin.com/jobs/view/4438900322,anthropic|safeguards enforcement analyst chem explosives harms
https://www.linkedin.com/jobs/view/4429722542,crowe|third party risk senior consultant
https://www.linkedin.com/jobs/view/4438399426,anthropic|safeguards enforcement analyst bio harms
https://www.linkedin.com/jobs/view/4457515982,crowe|financial services cybersecurity internal audit senior consultant
https://www.linkedin.com/jobs/view/4473447524,city of new york|bob analyst
https://www.linkedin.com/jobs/view/4475337509,cohnreznick|risk advisory senior associate
https://www.linkedin.com/jobs/view/4456780995,td|senior compliance officer monitoring and testing td securities
https://www.linkedin.com/jobs/view/4465898076,deutsche bank|latin america credit risk officer assistant vice president
https://www.linkedin.com/jobs/view/4475343140,cohnreznick|it audit risk and cybersecurity senior associate
https://www.linkedin.com/jobs/view/4466424166,pwc|aml and sanctions ai engineer manager
https://www.linkedin.com/jobs/view/4473439818,city of new york|bob analyst
https://www.linkedin.com/jobs/view/4447407028,metropolitan transportation authority|associate strategic initiatives
https://www.linkedin.com/jobs/view/4418827548,charlie health|growth strategy analyst sr analyst partnerships
https://www.linkedin.com/jobs/view/4446425832,pivotal health|revops analyst
https://www.linkedin.com/jobs/view/4465062357,footprint|founding strategy ops
https://www.linkedin.com/jobs/view/4453750740,ey|fso tc finance transformation subledger staff 2
https://www.linkedin.com/jobs/view/4377372503,charles river associates|associate principal utility regulation and finance
https://www.linkedin.com/jobs/view/4419522827,eisneramper|senior consultant cdbg dr
https://www.linkedin.com/jobs/view/4445515510,meta|public affairs manager reality labs
https://www.linkedin.com/jobs/view/4447719501,tubi|sr manager standards brand safety advertising
https://www.linkedin.com/jobs/view/4437597887,anthropic|partner manager global health
https://www.linkedin.com/jobs/view/4464722961,meta|program manager compliance assurance
https://www.linkedin.com/jobs/view/4456292454,charles river associates|economic consulting senior associate united states
https://www.linkedin.com/jobs/view/4473451335,city of new york|senior research advisor
https://www.linkedin.com/jobs/view/4428741964,goldman sachs|controllers regulatory policy vice president new york
https://www.linkedin.com/jobs/view/4475345087,cohnreznick|privacy advisory senior associate
https://www.linkedin.com/jobs/view/4438564451,progyny|corporate securities paralegal
https://www.linkedin.com/jobs/view/4457323144,parloa|senior is t governance partner
https://www.linkedin.com/jobs/view/4419357099,tempus ai|associate analytics business insights
https://www.linkedin.com/jobs/view/4409918130,havi|ai engineer
https://www.linkedin.com/jobs/view/4457375585,grainger|gtg intern data science
https://www.linkedin.com/jobs/view/4335886132,belvedere trading|quantitative analyst treasury
https://www.linkedin.com/jobs/view/4466428160,pwc|aml and sanctions ai developer senior associate
https://www.linkedin.com/jobs/view/4464229891,northern trust|financial analyst business unit support
https://www.linkedin.com/jobs/view/4456281295,brg|chicago office health analytics practice intern
https://www.linkedin.com/jobs/view/4473450470,northern trust|data analytics office intern
https://www.linkedin.com/jobs/view/4466352142,arco a family of construction companies|construction application analyst
https://www.indeed.com/viewjob?jk=d21e6d95bc1d8353,northern trust|data analytics office intern
https://www.linkedin.com/jobs/view/4457521982,crowe|microsoft dynamics 365 supply chain management optimization customer outcome senior consultant
https://www.linkedin.com/jobs/view/4457532069,crowe|microsoft dynamics 365 supply chain management optimization customer outcome senior consultant
https://www.linkedin.com/jobs/view/4445534359,molex|senior financial analyst
https://www.linkedin.com/jobs/view/4447712514,deloitte|fp a advise senior consultant
https://www.linkedin.com/jobs/view/4464934980,judge|bi engineer
https://www.linkedin.com/jobs/view/4457802177,jpmorganchase|liquidity forecasting management reporting senior associate
https://www.linkedin.com/jobs/view/4475347293,reyes coca cola bottling|supply chain demand planner
https://www.linkedin.com/jobs/view/4475358025,mark anthony|sr analyst finance
https://www.linkedin.com/jobs/view/4475352216,mark anthony|customer supply chain planner
https://www.linkedin.com/jobs/view/4464239596,molex|global demand planning intern summer
https://www.linkedin.com/jobs/view/4438263587,ccc intelligent solutions|pricing strategy manager
https://www.linkedin.com/jobs/view/4454694559,alixpartners|investigations compliance privacy vice president cpa
https://www.linkedin.com/jobs/view/4429727415,crowe|third party risk senior consultant
https://www.linkedin.com/jobs/view/4454685660,alixpartners|investigations compliance privacy sr vice president cpa
https://www.linkedin.com/jobs/view/4429577262,ferrero|senior internal auditor
https://www.linkedin.com/jobs/view/4475393437,state of illinois|investigator
https://www.linkedin.com/jobs/view/4455423947,affirm|financial model risk management lead
https://www.linkedin.com/jobs/view/4473892707,wind creek hospitality|staff internal auditor
https://www.linkedin.com/jobs/view/4435924478,huron|internal auditor director
https://www.linkedin.com/jobs/view/4466378176,options clearing|associate principal operational risk management
https://www.linkedin.com/jobs/view/4466421531,bombardier|export compliance analyst
https://www.linkedin.com/jobs/view/4466414263,pwc|aml and sanctions ai engineer manager
https://www.linkedin.com/jobs/view/4457505185,mark anthony|sr analyst finance
https://www.linkedin.com/jobs/view/4428287519,ey parthenon|ey parthenon strategy and execution commercial strategy senior associate consultant
https://www.linkedin.com/jobs/view/4360548759,crowe|private equity performance improvement operations manager
https://www.linkedin.com/jobs/view/4475365711,edgeconnex|director public affairs
https://www.linkedin.com/jobs/view/4420618680,eisneramper|consulting manager cdbg dr
https://www.linkedin.com/jobs/view/4456280533,charles river associates|economic consulting senior associate united states
https://www.linkedin.com/jobs/view/4447083106,health care service|manager privacy office
https://www.linkedin.com/jobs/view/4417974530,commonspirit health|sys manager reimbursement government programs appeals
https://www.linkedin.com/jobs/view/4446930082,illinois housing development authority|manager strategic solutions
https://www.linkedin.com/jobs/view/4445529948,baker tilly us|manager energy infrastructure advisory
https://www.linkedin.com/jobs/view/4457377525,s c electric|senior safety environmental specialist
https://www.linkedin.com/jobs/view/4464220962,northern trust|specialist compliance
https://www.linkedin.com/jobs/view/4475342495,lactalis usa|senior counsel food law and regulatory compliance
https://www.linkedin.com/jobs/view/4473899056,synergisticit|junior data scientist junior java full stack software developer
https://www.linkedin.com/jobs/view/4445561324,cargurus|senior product data analyst dealer
https://www.linkedin.com/jobs/view/4475347659,watts water technologies|sr marketing analyst global
https://www.linkedin.com/jobs/view/4454688112,stv|pmis implementation specialist
https://www.linkedin.com/jobs/view/4473892186,carin alliance|co op analytical development and statistics
https://www.linkedin.com/jobs/view/4466424162,pwc|aml and sanctions ai developer senior associate
https://www.linkedin.com/jobs/view/4470806259,haystack|database developer
https://www.linkedin.com/jobs/view/4456753007,focus financial partners|project manager business analyst
https://www.linkedin.com/jobs/view/4475342245,marchon partners|supply chain analytics lead
https://www.linkedin.com/jobs/view/4457523976,crowe|microsoft dynamics 365 supply chain management optimization customer outcome senior consultant
https://www.linkedin.com/jobs/view/4457880476,boston university|senior budget analyst operations fiscal analysis analytics
https://www.linkedin.com/jobs/view/4457372670,sanofi|cmc demand supply leader
https://www.linkedin.com/jobs/view/4457368725,sanofi|cmc demand supply leader
https://www.linkedin.com/jobs/view/4475378803,csl|associate director strategic forecasting and portfolio analytics
https://www.linkedin.com/jobs/view/4475344265,staples|sr merchandise specialist framingham ma
https://www.linkedin.com/jobs/view/4475351014,staples|category merchant framingham ma
https://www.linkedin.com/jobs/view/4475329979,staples|sr merchandise specialist framingham ma
https://www.linkedin.com/jobs/view/4454673755,alixpartners|investigations compliance privacy vice president cpa
https://www.linkedin.com/jobs/view/4473464870,signal corps regimental association|senior analyst it compliance risk identity and access management
https://www.linkedin.com/jobs/view/4473473453,signal corps regimental association|senior analyst it compliance risk data protection
https://www.linkedin.com/jobs/view/4455431867,affirm|financial model risk management lead
https://www.linkedin.com/jobs/view/4475381682,csl|auditor gcp
https://www.linkedin.com/jobs/view/4401518796,harbourvest partners|senior associate portfolio analytics
https://www.linkedin.com/jobs/view/4473881093,sgs consulting|security compliance specialist
https://www.linkedin.com/jobs/view/4457549839,fidelity investments|credit research analyst
https://www.linkedin.com/jobs/view/4474211223,red hat|partner engagement experience program operations analyst
https://www.linkedin.com/jobs/view/4361072271,crowe|private equity performance improvement operations manager
https://www.linkedin.com/jobs/view/4469195755,state street|fund order services client solutions officer
https://www.linkedin.com/jobs/view/4453559517,massmutual|reinsurance analyst
https://www.linkedin.com/jobs/view/4447247716,axon|deal operations specialist
https://www.linkedin.com/jobs/view/4457539476,pwc|digital engineering consultant senior associate
https://www.linkedin.com/jobs/view/4419521792,eisneramper|senior consultant cdbg dr
https://www.linkedin.com/jobs/view/4473884498,personal touch home health care services|regulatory affairs manager
https://www.linkedin.com/jobs/view/4456282479,charles river associates|economic consulting senior associate united states
https://www.linkedin.com/jobs/view/4475343813,massachusetts school building authority|strategy coordinator
https://www.linkedin.com/jobs/view/4456615215,kiewit|environmental specialist dho environmental
https://www.linkedin.com/jobs/view/4447128530,massmutual|regulatory product filing consultant
https://www.linkedin.com/jobs/view/4466457378,depository trust clearing|model risk governance associate director
https://www.linkedin.com/jobs/view/4475364357,interclypse|data analyst
https://www.linkedin.com/jobs/view/4447746086,booz allen hamilton|data scientist mid
https://www.linkedin.com/jobs/view/4420616809,guidehouse|data scientist
https://www.linkedin.com/jobs/view/4475349846,interclypse|business intelligence developer
https://www.linkedin.com/jobs/view/4457818709,capital one|senior business analyst card loss forecasting and allowance
https://www.linkedin.com/jobs/view/4475391429,chickasaw nation industries|it systems analyst ii
https://www.linkedin.com/jobs/view/4447160637,peraton|artificial intelligence machine learning engineer 1 ts sci w poly
https://www.linkedin.com/jobs/view/4447156617,peraton|artificial intelligence machine learning engineer 1
https://www.linkedin.com/jobs/view/4466422703,turnitin|sales planning and reporting analyst
https://www.linkedin.com/jobs/view/4475329932,dc department of human resources|management program analyst
https://www.linkedin.com/jobs/view/4465148527,avepoint|systems business analyst
https://www.indeed.com/viewjob?jk=8e28f116e78ea0b7,rei systems|ai ml llm engineer
https://www.linkedin.com/jobs/view/4457525973,crowe|microsoft dynamics 365 supply chain management optimization customer outcome senior consultant
https://www.linkedin.com/jobs/view/4447409622,peregrine|manager bi analytics engineer
https://www.linkedin.com/jobs/view/4342935427,telesolv consulting|data analytics team lead
https://www.linkedin.com/jobs/view/4475363798,serco|ib che pmdt developer opportunity
https://www.linkedin.com/jobs/view/4466472567,capital one|senior associate financial planning analysis strategic tech finance
https://www.linkedin.com/jobs/view/4466412329,amazon|finance manager na supply chain execution finance
https://www.linkedin.com/jobs/view/4475338725,sand cherry|financial modeling and planning analyst
https://www.linkedin.com/jobs/view/4438390702,anthropic|safeguards enforcement analyst chem explosives harms
https://www.linkedin.com/jobs/view/4454674793,alixpartners|investigations compliance privacy sr vice president cpa
https://www.linkedin.com/jobs/view/4420903225,deloitte|financial risk senior consultant
https://www.linkedin.com/jobs/view/4457526152,crowe|financial services cybersecurity internal audit senior consultant
https://www.linkedin.com/jobs/view/4401437337,peraton|it audit advisory consultant fiscam sme
https://www.linkedin.com/jobs/view/4455423950,affirm|financial model risk management lead
https://www.linkedin.com/jobs/view/4473408004,upslope|management analyst iii
https://www.linkedin.com/jobs/view/4466428158,pwc|aml and sanctions ai engineer manager
https://www.linkedin.com/jobs/view/4457393235,maximus|information system security officer
https://www.linkedin.com/jobs/view/4447208294,amentum|analytic tradecraft compliance specialist
https://www.linkedin.com/jobs/view/4457545618,relativity|success strategy and business operations senior associate
https://www.linkedin.com/jobs/view/4457541612,relativity|success strategy and business operations senior associate
https://www.linkedin.com/jobs/view/4473453870,eaglebank|process excellence analyst
https://www.linkedin.com/jobs/view/4473454843,eaglebank|process excellence senior analyst
https://www.linkedin.com/jobs/view/4475358604,ternion vergence technologies|business analyst
https://www.linkedin.com/jobs/view/4419998174,systems planning analysis|sr operations research analyst
https://www.linkedin.com/jobs/view/4466460754,capital one|senior analyst revenue and commissions operations
https://www.indeed.com/viewjob?jk=e0ec3b480011a603,fairfax county government|pos systems administrator
https://www.linkedin.com/jobs/view/4475380837,lowe s companies|government affairs operations analyst
https://www.linkedin.com/jobs/view/4457535002,finra|associate director state government affairs
https://www.linkedin.com/jobs/view/4371240207,institute for study of war|defense of europe project researcher
https://www.linkedin.com/jobs/view/4435689825,anser|senior cyber excepted service workforce policy analyst
https://www.linkedin.com/jobs/view/4447191527,bipartisan policy center|director tax policy
https://www.linkedin.com/jobs/view/4473899936,qcells north america|sr counsel trade policy regulatory affairs
https://www.linkedin.com/jobs/view/4466499744,jpmorganchase|vice president consumer and community banking regulatory affairs
https://www.linkedin.com/jobs/view/4457559405,booz allen hamilton|endpoint policy analyst
https://www.linkedin.com/jobs/view/4475344978,interclypse|senior compliance engineer
https://www.linkedin.com/jobs/view/4475358542,interclypse|principal compliance engineer
https://www.linkedin.com/jobs/view/4437307340,pew charitable trusts|officer state decarbonization campaign lead
https://www.linkedin.com/jobs/view/4466379629,betmgm|sr analyst sports analytics
https://www.linkedin.com/jobs/view/4464222517,ignite digital|qlik developer
https://www.linkedin.com/jobs/view/4473193815,zayo|business intelligence and data reporting analyst
https://www.linkedin.com/jobs/view/4473377734,htc global services|data information architect
https://www.linkedin.com/jobs/view/4473383636,datasoft technologies|tableau developer 26
https://www.linkedin.com/jobs/view/4475033986,bluecross blueshield of south carolina|senior database report writer analyst
https://www.linkedin.com/jobs/view/4475349466,galderma|senior demand planner consumer
https://www.linkedin.com/jobs/view/4438679590,carnival cruise line|analyst fleet deployment
https://www.linkedin.com/jobs/view/4457364599,lennox|financial planning analyst
https://www.linkedin.com/jobs/view/4465168740,chenmed|senior analyst health economics
https://www.linkedin.com/jobs/view/4460394147,princess cruises|destination services product analyst
https://www.linkedin.com/jobs/view/4447080233,engie north america|process improvement senior analyst
https://www.linkedin.com/jobs/view/4475302067,houston galveston area council|program coordinator performance and data analytics child care operations and systems support
https://www.linkedin.com/jobs/view/4473191344,nabors industries|senior associate business operations strategy
https://www.linkedin.com/jobs/view/4463903153,houston methodist|supply chain performance analyst
https://www.linkedin.com/jobs/view/4473378996,liquidpower specialty products|strategy analyst
https://www.linkedin.com/jobs/view/4473878909,synergisticit|junior bi analyst data analyst java developer
https://www.linkedin.com/jobs/view/4475037511,guidehouse|data analytics developer
https://www.indeed.com/viewjob?jk=ab642b8ca5bd1b6a,nan|hris specialist data integrations
https://www.linkedin.com/jobs/view/4457526776,relativity|success strategy and business operations senior associate
https://www.linkedin.com/jobs/view/4473411544,centerwell senior primary care|clinical operations strategy lead
https://www.linkedin.com/jobs/view/4473181105,phaidon international|client engineering associate
https://www.linkedin.com/jobs/view/4462550320,centerwell senior primary care|senior analytics consultant
https://www.indeed.com/viewjob?jk=7aabcdd88aa47423,general dynamics information technology|operations analyst senior principal
https://www.indeed.com/viewjob?jk=b1db79d46d607725,red hat|partner engagement experience program operations analyst
https://www.linkedin.com/jobs/view/4419993145,pattern energy|energy systems modeler
https://www.linkedin.com/jobs/view/4466417145,honeywell technologies|sr materials mgmt analyst
https://www.linkedin.com/jobs/view/4475332633,sysco|senior analyst merchandising and commercial finance
https://www.linkedin.com/jobs/view/4464248359,quorum software|financial analyst software go to market
https://www.linkedin.com/jobs/view/4473167606,mattress firm|merchandise allocation analyst
https://www.linkedin.com/jobs/view/4457520975,crowe|financial services cybersecurity internal audit senior consultant
https://www.linkedin.com/jobs/view/4457534093,crowe|financial services cybersecurity internal audit senior consultant
https://www.linkedin.com/jobs/view/4473426979,chevron|compliance analyst
https://www.linkedin.com/jobs/view/4466327546,totalenergies|senior market compliance analyst gas lng
https://www.linkedin.com/jobs/view/4475028366,aes|sr analyst credit risk
https://www.indeed.com/viewjob?jk=ba2a04a00b7882c9,chevron|compliance team lead
https://www.linkedin.com/jobs/view/4447086277,televisaunivision|senior analyst content partnerships
https://www.linkedin.com/jobs/view/4466384858,norwegian cruise line holdings|vessel ops strategy sr analyst
https://www.linkedin.com/jobs/view/4457549584,relativity|success strategy and business operations senior associate
https://www.linkedin.com/jobs/view/4473896032,vios clinic|locum cardiologist opportunity
https://www.linkedin.com/jobs/view/4475316119,target|data analyst guest household insights
https://www.linkedin.com/jobs/view/4469264798,credit union of america|data analyst
https://www.linkedin.com/jobs/view/4473804724,holmes murphy|data reporting analyst
https://www.linkedin.com/jobs/view/4471843919,mitre|associate data scientist
https://www.linkedin.com/jobs/view/4471859177,mitre|associate data scientist
https://www.linkedin.com/jobs/view/4473362534,medpace|clinical data analyst
https://www.indeed.com/viewjob?jk=08eaba9da73df3d7,nan|data analyst
https://www.indeed.com/viewjob?jk=78a4ceba42bcb6d2,general dynamics information technology|senior data analyst
https://www.indeed.com/viewjob?jk=da4f4f06d0a9a167,govcio|deputy project manager
https://www.indeed.com/viewjob?jk=4ec18be7a08f118d,chickasaw nation industries|data analyst iv
https://www.indeed.com/viewjob?jk=c7b59a14e13a14ec,hobbs madison|data analyst
https://www.indeed.com/viewjob?jk=378fe0400293a18c,upstart|senior data platform engineer
https://www.indeed.com/viewjob?jk=69ea8783ec6b7c65,fullpath|lead data analyst
https://www.indeed.com/viewjob?jk=fdd7a368730d3d40,nan|senior clinical data analyst
https://www.linkedin.com/jobs/view/4466499196,aml rightsource|senior financial crimes investigator
https://www.linkedin.com/jobs/view/4433431666,verifone|compliance officer
https://www.linkedin.com/jobs/view/4473824536,ups|audit leadership development program auditor
https://www.linkedin.com/jobs/view/4440493517,emory university|senior research compliance specialist export control
https://www.linkedin.com/jobs/view/4474501381,truist|sr internal auditor compliance ethics risk management
https://www.linkedin.com/jobs/view/4466467457,petco|merchandise planner
https://www.linkedin.com/jobs/view/4457500092,cesiumastro|senior material planner
https://www.linkedin.com/jobs/view/4464243366,quorum software|financial analyst software go to market
https://www.linkedin.com/jobs/view/4457008810,yeti|associate retail allocation planner
https://www.linkedin.com/jobs/view/4473161792,lawnstarter|director of supply demand
https://www.linkedin.com/jobs/view/4457542637,relativity|success strategy and business operations senior associate
https://www.linkedin.com/jobs/view/4475005654,global payments|senior business process analyst
https://www.indeed.com/viewjob?jk=4ef46b17d8524e4a,voyager technologies|revenue operations analyst
https://www.linkedin.com/jobs/view/4466402455,howard energy partners|senior cost analyst
https://www.linkedin.com/jobs/view/4473838159,swbc|financial operational data analyst
https://www.linkedin.com/jobs/view/4463920007,usaa|fraud strategy analytics money movement
https://www.linkedin.com/jobs/view/4475034786,marathon petroleum|senior business systems analyst process excellence
https://www.linkedin.com/jobs/view/4463918062,usaa|fraud strategy analyst lead
https://www.linkedin.com/jobs/view/4475084347,texas health and human services|rac operations specialist
https://www.linkedin.com/jobs/view/4473401517,doordash|senior associate international sales strategy operations
https://www.linkedin.com/jobs/view/4475384743,health and human services commission|rac operations specialist
https://www.linkedin.com/jobs/view/4473172736,activeprospect|revenue operations analyst marketing
https://www.indeed.com/viewjob?jk=02296a882e1ec7be,university of texas at austin|manager clinical research financial operations
https://www.linkedin.com/jobs/view/4442136994,judi health|customer success analyst
https://www.linkedin.com/jobs/view/4475505016,acme manufacturing|business intelligence reporting analyst
https://www.linkedin.com/jobs/view/4475039344,martin marietta|business analytics analyst
https://www.linkedin.com/jobs/view/4475057073,davita kidney care|sr data analyst clinical analytics and reporting
https://www.indeed.com/viewjob?jk=f7b4f87a255465c0,davita|sr data analyst clinical analytics and reporting
https://www.indeed.com/viewjob?jk=936d489ce5b41b92,bae systems usa|data analyst intern estimating pricing summer
https://www.indeed.com/viewjob?jk=6df17ad28e98866f,tuff shed|data analytics manager
https://www.linkedin.com/jobs/view/4473725727,dhl supply chain|business data analyst ii
https://www.linkedin.com/jobs/view/4473199491,oscar health|strategic insights associate data analytics
https://www.linkedin.com/jobs/view/4473193830,oscar health|strategic insights senior analyst data analytics
https://www.linkedin.com/jobs/view/4473374559,delta air lines|analytics specialist operations performance and planning
https://www.indeed.com/viewjob?jk=d1bded067793fa7e,steelcell of north america|supply chain master data analyst
https://www.indeed.com/viewjob?jk=08a8c92b5279efd4,floor decor|senior data analyst
https://www.linkedin.com/jobs/view/4457510035,reyes beverage|business process excellence developer
https://www.indeed.com/viewjob?jk=77cd19b2c4b2ac47,emerson|business operations intern
https://www.linkedin.com/jobs/view/4416860568,ebay|ofac and sanctions analyst
https://www.linkedin.com/jobs/view/4446855456,spacex|sr business analyst
https://www.linkedin.com/jobs/view/4466389235,netspend|senior data scientist aml
https://www.linkedin.com/jobs/view/4472600113,charles schwab|senior auditor corporate
https://www.linkedin.com/jobs/view/4464250494,molex|procurement compliance specialist
https://www.linkedin.com/jobs/view/4475001580,coinbase|senior analyst compliance technology
https://www.linkedin.com/jobs/view/4473398117,tekwissen|enterprise risk management analyst
https://www.indeed.com/viewjob?jk=8986762dc822e720,aligned data centers|project manager compliance
https://www.indeed.com/viewjob?jk=d269c51156df06d8,rivet|senior data analyst
https://www.indeed.com/viewjob?jk=aac6bb96d8e5fa61,realign|senior data scientist
https://www.indeed.com/viewjob?jk=931159c746eb3520,wells fargo|agentic ai senior lead data scientist
https://www.indeed.com/viewjob?jk=ce711223b110cd38,home depot|sr business analyst asset protection operations
https://www.indeed.com/viewjob?jk=0b4435203503acf7,nicklaus children s health system|billing compliance analyst
https://www.indeed.com/viewjob?jk=069e53e5106c71aa,alteryx|director product management ai
https://www.indeed.com/viewjob?jk=5b5e1fce44781088,data axle|sr account operations analyst
https://www.indeed.com/viewjob?jk=3b2cdb8411b13ccf,data axle|sr account operations analyst
https://www.indeed.com/viewjob?jk=a15461a7b2942d74,accion opportunity fund|director data product engineering
https://www.indeed.com/viewjob?jk=f9fd0cc64fc0f222,nan|data analyst
https://www.indeed.com/viewjob?jk=dd445c8ce76542d3,lexisnexis risk solutions|engagement manager
https://www.indeed.com/viewjob?jk=2b178bc3d0bf33c4,relx|engagement manager
https://www.linkedin.com/jobs/view/4473361831,home depot|associate data scientist fp a pro intelligence decision analytics
https://www.linkedin.com/jobs/view/4473886075,west monroe|data analytics consultant
https://www.linkedin.com/jobs/view/4474396800,robertson anschutz schneid crane partners|operations analyst entry level
https://www.linkedin.com/jobs/view/4475060330,h e b|inventory analyst i
https://www.linkedin.com/jobs/view/4447721433,deloitte|consultant gbs operational finance
https://www.linkedin.com/jobs/view/4447725416,deloitte|consultant gbs operational finance
https://www.linkedin.com/jobs/view/4466347907,global payments|change risk and controls analyst
https://www.linkedin.com/jobs/view/4457528094,crowe|financial crime audit testing consultant
https://www.linkedin.com/jobs/view/4457530106,crowe|financial crime audit testing consultant
https://www.linkedin.com/jobs/view/4447726396,deloitte|consultant gbs operational finance
https://www.linkedin.com/jobs/view/4464275748,doordash|associate dasher tasks strategy operations
https://www.linkedin.com/jobs/view/4474796333,jacobs|data dashboards specialist
https://www.linkedin.com/jobs/view/4474785799,jacobs|data dashboards specialist
https://www.linkedin.com/jobs/view/4474797298,jacobs|data dashboards specialist
https://www.linkedin.com/jobs/view/4474790559,jacobs|data dashboards specialist
https://www.linkedin.com/jobs/view/4474796343,jacobs|data dashboards specialist
https://www.linkedin.com/jobs/view/4464240095,grant thornton|value creation associate summer
https://www.linkedin.com/jobs/view/4465123934,alteryx|rev ops business partner cx renewals
https://www.linkedin.com/jobs/view/4465126906,alteryx|rev ops business partner cx renewals
https://www.linkedin.com/jobs/view/4473827662,husch blackwell|pricing analyst
https://www.linkedin.com/jobs/view/4473821901,husch blackwell|pricing analyst
https://www.linkedin.com/jobs/view/4457051342,deloitte|sap data conversion transformation analyst
https://www.linkedin.com/jobs/view/4457031456,deloitte|sap data conversion transformation analyst
https://www.linkedin.com/jobs/view/4475360892,citizens|market risk analyst
https://www.indeed.com/viewjob?jk=180597425485b6c0,c a fortune|grocery merchandiser
https://www.indeed.com/viewjob?jk=a3f1768c4ec35cbe,c a fortune|grocery merchandiser
https://www.linkedin.com/jobs/view/4474799838,global payments|payments data scientist
https://www.linkedin.com/jobs/view/4473864960,west monroe|platforms business consultant
https://www.linkedin.com/jobs/view/4473881282,west monroe|platforms customer strategy consultant
https://www.indeed.com/viewjob?jk=a3708eb5ad5305ea,daimler truck north america|pricing strategy and advance analytics analyst
https://www.indeed.com/viewjob?jk=b2707e110f1b30dd,cobank|associate enterprise risk analyst
https://www.linkedin.com/jobs/view/4447723424,deloitte|global business services strategy consultant
https://www.linkedin.com/jobs/view/4447718455,deloitte|global business services strategy consultant
https://www.linkedin.com/jobs/view/4447717488,deloitte|global business services strategy consultant
https://www.indeed.com/viewjob?jk=cf70a0a6c0adcbe0,48forty solutions|it business systems operations analyst sales pipeline crm
https://www.indeed.com/viewjob?jk=49bf1b3c761819ac,48forty solutions|it business systems operations analyst sales pipeline crm
https://www.linkedin.com/jobs/view/4465254749,william blair|associate i cru risk
https://www.linkedin.com/jobs/view/4474996157,wilson elser|data analyst
https://www.linkedin.com/jobs/view/4476333375,mfs investment management|business operations analyst
https://www.linkedin.com/jobs/view/4473657249,capgemini|fcc analyst
https://www.linkedin.com/jobs/view/4475897060,ipsos in us|market research analyst
https://www.linkedin.com/jobs/view/4466124821,freddie mac|servicing efficiency transformation associate
https://www.linkedin.com/jobs/view/4474607384,on energy|planning analyst capacity planning operations support
https://www.linkedin.com/jobs/view/4474633252,west monroe|healthcare consultant
https://www.linkedin.com/jobs/view/4476348462,holley|siop analyst
https://www.linkedin.com/jobs/view/4466866097,gupta media|data analyst
https://www.linkedin.com/jobs/view/4476125174,alignerr|governance risk compliance analyst
https://www.linkedin.com/jobs/view/4476101090,sallie mae|associate lines of defense early career development program
https://www.linkedin.com/jobs/view/4476303008,resorts world las vegas|aml compliance coordinator
https://www.linkedin.com/jobs/view/4474681525,howden|data analyst
https://www.linkedin.com/jobs/view/4458286482,booz allen hamilton|financial program and data analyst
https://www.linkedin.com/jobs/view/4474637133,west monroe|utilities consultant
https://www.linkedin.com/jobs/view/4476137262,american family insurance|corporate compliance consultant market conduct
https://www.linkedin.com/jobs/view/4474981818,rewind restoration partners|integration and business transformation associate
https://www.linkedin.com/jobs/view/4475892245,georgia banking|bsa aml analyst
https://www.linkedin.com/jobs/view/4474617916,consigli construction|process optimization analyst
https://www.linkedin.com/jobs/view/4473883054,home depot|associate data scientist supply chain
https://www.linkedin.com/jobs/view/4476344455,white case|associate trade
https://www.linkedin.com/jobs/view/4474958256,new york state homes community renewal|data analyst
https://www.linkedin.com/jobs/view/4476359041,potbelly sandwich works|distribution analyst
https://www.linkedin.com/jobs/view/4475887270,guidehouse|consulting analyst centers for disease control and prevention federal health advisory campus
https://www.linkedin.com/jobs/view/4474643442,lenovo|global finance talent program
https://www.linkedin.com/jobs/view/4474079325,choate hall stewart|private equity business analyst
https://www.linkedin.com/jobs/view/4476191536,chandra technologies|data bi crm business analyst
https://www.indeed.com/viewjob?jk=41d07fac391fcd50,crowdstrike|hr operational excellence analyst
https://www.linkedin.com/jobs/view/4466114922,nyu langone health|data analyst ii medical informaticist
https://www.linkedin.com/jobs/view/4476307373,j crew factory|assistant planner
https://www.linkedin.com/jobs/view/4467285973,cibc us|analyst business effectiveness
https://www.linkedin.com/jobs/view/4474636876,point b|associate ai process automation
https://www.linkedin.com/jobs/view/4476328377,audax|security risk analyst
https://www.linkedin.com/jobs/view/4475863562,onco360 oncology pharmacy|pharmacy compliance analyst
https://www.indeed.com/viewjob?jk=3af37111280c08b7,bif technologies|business intelligence analyst
https://www.linkedin.com/jobs/view/4473690453,madison davis|erm analyst risk appetite rcsa controls governance
https://www.linkedin.com/jobs/view/4475865183,mission staffing|investment operations compliance analyst
https://www.linkedin.com/jobs/view/4476119518,chapin hall|policy analyst
https://www.linkedin.com/jobs/view/4473687894,corning incorporated|business intelligence analyst
https://www.linkedin.com/jobs/view/4474966545,pitney bowes|supply chain inventory management specialist 1st shift
https://www.linkedin.com/jobs/view/4476347471,holley|forecast analyst
https://www.linkedin.com/jobs/view/4473662324,bg staffing|real estate technology analyst
https://www.linkedin.com/jobs/view/4476156569,university of miami|supply chain systems analyst 1
https://www.linkedin.com/jobs/view/4476312933,american family insurance|product analyst
https://www.linkedin.com/jobs/view/4475856836,booz allen hamilton|university civil policy analyst
https://www.linkedin.com/jobs/view/4473650930,bet365|fraud and risk specialist
https://www.linkedin.com/jobs/view/4474999303,prisma health|inventory control analyst ft days
https://www.indeed.com/viewjob?jk=847759146beb30a9,security benefit|associate business data analyst
https://www.linkedin.com/jobs/view/4476186365,mann hummel|demand planning analyst
https://www.linkedin.com/jobs/view/4474995338,lenovo|services cost management
https://www.linkedin.com/jobs/view/4408004511,federal reserve bank of new york|cyber security risk analyst
https://www.linkedin.com/jobs/view/4476310856,mandarich law|data analyst digital
https://www.linkedin.com/jobs/view/4476151813,jpmorganchase|business ops associate regulatory business conduct programs
https://www.linkedin.com/jobs/view/4467227008,systems planning analysis|operations research analyst
https://www.linkedin.com/jobs/view/4474633367,santee cooper|capital material planning analyst
https://www.indeed.com/viewjob?jk=212d048beb490c2e,wake forest university|business operations analyst facilities and campus services
https://www.linkedin.com/jobs/view/4474604515,state of south carolina|financial analyst captives
https://www.indeed.com/viewjob?jk=2cc27066f7061836,toshiba global commerce solutions|marketing data analyst
https://www.indeed.com/viewjob?jk=672571df28388f27,fidelity investments|associate investment data analyst
https://www.indeed.com/viewjob?jk=b9cd2103e8c3f907,harris county|construction data analyst
https://www.linkedin.com/jobs/view/4473662307,otr engineered solutions|demand planner
https://www.linkedin.com/jobs/view/4474944164,abilitylinks|commercial ee analyst role
https://www.indeed.com/viewjob?jk=00a8775714aaa1a1,maverick payments|risk analyst i
https://www.linkedin.com/jobs/view/4458259416,amazon|business intelligence engineer north america network sales and operations planning
https://www.linkedin.com/jobs/view/4475866831,northstar anesthesia|operations analyst
https://www.linkedin.com/jobs/view/4457167647,transunion|data operations analyst
https://www.linkedin.com/jobs/view/4476113084,deloitte|consultant data risk management
https://www.linkedin.com/jobs/view/4465792841,geico|pricing analyst specialty pricing
https://www.indeed.com/viewjob?jk=391e72884943d76c,echostar|analyst ii global logistics and trade compliance
https://www.linkedin.com/jobs/view/4466110811,treehouse foods|financial analyst
https://www.indeed.com/viewjob?jk=51ba79ee67aef367,tegna|operations analyst
https://www.linkedin.com/jobs/view/4474619150,odyssey logistics|commercial data performance analyst
https://www.indeed.com/viewjob?jk=afb0c850dda6af0f,pike|business operations analyst i
https://www.indeed.com/viewjob?jk=ea3b61fd2c2a9f36,cambium learning|data analyst i
https://www.indeed.com/viewjob?jk=1f5b0d043c0961a1,marex|1st line clearing risk analyst
https://www.indeed.com/viewjob?jk=53993a560571fad8,elise a i technologies|growth strategy analyst future platforms housing
https://www.linkedin.com/jobs/view/4474965571,mars|customer marketing analyst csp
https://www.linkedin.com/jobs/view/4474614626,broadcast music|media licensing analyst
https://www.indeed.com/viewjob?jk=080bc3d4b8dc5e29,new york housing trust fund|data analyst
https://www.linkedin.com/jobs/view/4476159991,occupational safety and health administration|safety and occupational health specalist
https://www.linkedin.com/jobs/view/4467418408,amazon|supply strategy analyst carrier services procurement
https://www.linkedin.com/jobs/view/4467419862,stubhub|strategy operations associate global customer success
https://www.indeed.com/viewjob?jk=59aafe30307cdf98,a p ventures|data analyst
https://www.indeed.com/viewjob?jk=26f976c16377266c,lila sciences|supply chain demand planner
https://www.linkedin.com/jobs/view/4474974877,akima|management analyst
https://www.linkedin.com/jobs/view/4474624060,abrigo|reporting analyst
https://www.linkedin.com/jobs/view/4449145354,purpose financial|marketing analyst
https://www.linkedin.com/jobs/view/4474906393,accenture|measurement report analyst
https://www.indeed.com/viewjob?jk=7778e533aacc5f36,markel|markel underwriting training program northeast
https://www.linkedin.com/jobs/view/4476327239,saint mary of nazareth hospital|utilization review analyst behavioral health
https://www.linkedin.com/jobs/view/4474078547,masis professional|investment specialist
https://www.indeed.com/viewjob?jk=c14c3b998f569995,onco360|pharmacy compliance analyst
https://www.linkedin.com/jobs/view/4476344300,state street|core operations associate 2
https://www.linkedin.com/jobs/view/4474084277,bet365|promotions and commercial risk specialist
https://www.indeed.com/viewjob?jk=a079b4cf2b4b4d74,deckers brands|customer experience data analyst
https://www.linkedin.com/jobs/view/4476139766,macy s|associate merchandise planning business office
https://www.linkedin.com/jobs/view/4476327618,datadog|strategic finance analyst
https://www.linkedin.com/jobs/view/4475833993,beghou|consultant commercial analytics
https://www.indeed.com/viewjob?jk=33246d06b70ec840,corning|business intelligence analyst
https://www.linkedin.com/jobs/view/4476351054,burberry|planner
https://www.indeed.com/viewjob?jk=881f908fc50b0ba1,integrity management consulting|data analyst
https://www.indeed.com/viewjob?jk=bd76d105710f0240,creo|analyst commercial sales
https://www.indeed.com/viewjob?jk=28f3a4eca830b3a2,corpay|fraud analyst
https://www.indeed.com/viewjob?jk=4eb8175bd15277b9,a precious child|data analyst
https://www.indeed.com/viewjob?jk=ac7a3aa4f0ce035e,city university of new york|hr operations analyst
https://www.linkedin.com/jobs/view/4475897672,datalab usa|programmer analyst marketing analytics 10 5 26
https://www.indeed.com/viewjob?jk=d26de0c00017dc6c,visa|event and av operations analyst
https://www.linkedin.com/jobs/view/4467420512,pilgrim s|zbb specialist
https://www.linkedin.com/jobs/view/4458542268,magna international|material planner
https://www.indeed.com/viewjob?jk=6c6e06f3f5d87460,sealaska|data analyst
https://www.linkedin.com/jobs/view/4474691803,google|strategic negotiator energy market development
https://www.linkedin.com/jobs/view/4457142808,brown brothers harriman|legal analyst
https://www.indeed.com/viewjob?jk=2836e6adfff00efa,women in need win|policy analyst
https://www.linkedin.com/jobs/view/4476176264,usda foreign agricultural service|international economist
https://www.linkedin.com/jobs/view/4476318892,northwell health|financial operations specialist
https://www.indeed.com/viewjob?jk=f33b5125f2cf719e,houston methodist|surgery data analyst
https://www.linkedin.com/jobs/view/4470936707,theory|wholesale planner
https://www.linkedin.com/jobs/view/4474654343,coeur mining|analyst data systems
https://www.indeed.com/viewjob?jk=a88f973b80f2c827,hollingsworth vose|supply chain master data analyst
https://www.linkedin.com/jobs/view/4467488116,deloitte|cyber security risk strategy consultant
https://www.indeed.com/viewjob?jk=1fa99262208e18e8,housing authority of city of austin|compliance auditor 35 26
https://www.indeed.com/viewjob?jk=efe4ba0a276a4396,hub international|security operations analyst
https://www.indeed.com/viewjob?jk=bb13702c9465b710,patriot strategies|data analyst
https://www.indeed.com/viewjob?jk=612226c54ff9d046,markel|markel underwriting training program southeast
https://www.indeed.com/viewjob?jk=c0aeef45d624c95c,caresource|provider operations analyst ii
https://www.indeed.com/viewjob?jk=12cdf7e8655aa527,bdr solutions|data analyst
https://www.indeed.com/viewjob?jk=0a396430649b8c6f,farmers insurance|data scientist
https://www.indeed.com/viewjob?jk=e2f0324e9bc372ed,allstate insurance|managing engineer data engineering
https://www.indeed.com/viewjob?jk=0dc3cf938be603fe,onco360|compliance auditor
https://www.indeed.com/viewjob?jk=b3cf21c4b5b20a41,eazzy consulting|business analyst client solutions
https://www.indeed.com/viewjob?jk=a95db00252fe907f,g mass|alternative investments operations analyst
https://www.indeed.com/viewjob?jk=6bfb6f396e85f070,security benefit|business data analyst
https://www.linkedin.com/jobs/view/4476142674,deloitte|regulatory science consultant
https://www.linkedin.com/jobs/view/4476333113,environment america|conservation advocate
https://www.linkedin.com/jobs/view/4475873277,volvo cars|supply chain process analyst
https://www.indeed.com/viewjob?jk=323e47a347c22a97,cdw|cts operations analyst 6pm 6am cst
https://www.indeed.com/viewjob?jk=0994c0fccbbbdcb5,citco|data analyst data transformation
https://www.indeed.com/viewjob?jk=e6dd77206d925627,stream|marketing operations analyst revenue operations
https://www.indeed.com/viewjob?jk=91f9f25d45b6cba0,goldbelt|mrt c data analyst
https://www.linkedin.com/jobs/view/4458746179,harvard t h chan school of public health|research assistant ii non lab
https://www.indeed.com/viewjob?jk=6851aaba8a72480c,intercontinental exchange|data analyst corporate systems
https://www.linkedin.com/jobs/view/4474292131,salesfirst recruiting|demand planner
https://www.indeed.com/viewjob?jk=8a5107c6b5bf957c,smadex slu|growth data scientist
https://www.indeed.com/viewjob?jk=ad13c994140b4fd1,fiscalnote|health policy reporter
https://www.linkedin.com/jobs/view/4474991174,beacon hill|transportation analyst
https://www.indeed.com/viewjob?jk=2964bdbe98a30961,cps energy|mgr federal state relations
https://www.linkedin.com/jobs/view/4475835625,lifework search|demand planner
https://www.indeed.com/viewjob?jk=1d9c0853251cad51,ras lavrar|legal assistant georgia
https://www.linkedin.com/jobs/view/4420972794,hubbell incorporated|planner
https://www.indeed.com/viewjob?jk=d803e8730bf2a011,aon|experienced catastrophe risk analyst bilingual
https://www.indeed.com/viewjob?jk=f785998d8921f036,broward health|data analyst psych admin ft days bhip
https://www.indeed.com/viewjob?jk=4e722b96ce5cf831,baptist health south florida|rn clinical data analyst miami neuroscience admin
https://www.linkedin.com/jobs/view/4476309770,walgreens|analyst data integrity procure to pay
https://www.indeed.com/viewjob?jk=7b71c517e26d6887,nichiha usa|credit analyst
https://www.indeed.com/viewjob?jk=60e89d9d326b9d9d,alpheva ai|financial expert ai model evaluation
https://www.linkedin.com/jobs/view/4474990154,aaratech|data analyst
https://www.linkedin.com/jobs/view/4474975162,aaratech|data analyst
https://www.indeed.com/viewjob?jk=76707a44002b9117,jpmorganchase|product manager vice president go to market strategy execution
https://www.indeed.com/viewjob?jk=8d7e2a2519c57a47,hackensack meridian health|it sr data scientist clarity caboodle
https://www.indeed.com/viewjob?jk=72d072c4c1e9ba17,mercury|senior analytics engineer
https://www.indeed.com/viewjob?jk=c59ab2e8266ac6d5,kentan staffing solutions|data analyst scientist
https://www.indeed.com/viewjob?jk=88ac27cd3655ecf0,soho dragon|sr data engineer
https://www.indeed.com/viewjob?jk=d1c13e7347694fd7,community counseling and mediation|fyps program supervisor
https://www.indeed.com/viewjob?jk=4b8ac2e624c35c61,ny common pantry|chief program strategy officer
https://www.linkedin.com/jobs/view/4474044135,zadig voltaire|inventory planner professional opportunities
https://www.linkedin.com/jobs/view/4458286874,confido|data scientist
https://www.linkedin.com/jobs/view/4467240938,nbcuniversal|sr analyst content forecasting
https://www.linkedin.com/jobs/view/4457793275,nest new york|manager sales planning forecasting
https://www.linkedin.com/jobs/view/4475898825,deloitte|supply chain functional planning senior consultant
https://www.linkedin.com/jobs/view/4458590974,macy s|inventory management support associate
https://www.linkedin.com/jobs/view/4465238389,doordash|associate sales strategy and planning
https://www.linkedin.com/jobs/view/4475862743,citizen watch america|senior merchandise planner retail
https://www.linkedin.com/jobs/view/4475101156,alma bank|bsa aml monitoring testing sr analyst
https://www.linkedin.com/jobs/view/4458584091,ramp|senior financial crimes compliance controls strategist
https://www.linkedin.com/jobs/view/4474013758,barclays|ib financial crimes investigations avp
https://www.linkedin.com/jobs/view/4474661159,anthropic|security risk analyst risk engineering
https://www.linkedin.com/jobs/view/4476144510,pwc|investigations forensics senior associate
https://www.linkedin.com/jobs/view/4476109088,pwc|risk regulatory government consulting senior associate
https://www.linkedin.com/jobs/view/4475839743,mufg|operations risk and control
https://www.linkedin.com/jobs/view/4473405676,barclays|onboarding manager
https://www.linkedin.com/jobs/view/4473677830,grant thornton|it risk senior associate
https://www.linkedin.com/jobs/view/4457571776,dow jones|sr analyst strategy operations
https://www.linkedin.com/jobs/view/4476317620,rvo health|senior business operations analyst
https://www.linkedin.com/jobs/view/4475895863,addepar|sr client success strategy and operations analyst
https://www.linkedin.com/jobs/view/4476146710,stubhub|strategy associate product
https://www.linkedin.com/jobs/view/4437613456,doordash|associate manager new verticals retail strategy operations
https://www.linkedin.com/jobs/view/4466112654,axis|senior analyst operational readiness
https://www.linkedin.com/jobs/view/4466165684,lseg|business analyst graduate programme
https://www.linkedin.com/jobs/view/4474699454,google|strategy and operations senior associate product bd and k and i partnerships
https://www.linkedin.com/jobs/view/4466123528,axis|senior analyst operational readiness
https://www.linkedin.com/jobs/view/4474621257,google|sales operations senior associate global business strategy and planning
https://www.indeed.com/viewjob?jk=fdb9be3c44146990,rvo health|senior business operations analyst
https://www.indeed.com/viewjob?jk=7c097b317391e614,rvo health|senior business operations analyst
https://www.indeed.com/viewjob?jk=7f92ab394aba0893,rvo health|senior business operations analyst
https://www.indeed.com/viewjob?jk=a5e4618b76cdcd49,rvo health|senior business operations analyst
https://www.indeed.com/viewjob?jk=f0fbb10d1b9718e2,rvo health|senior business operations analyst
https://www.indeed.com/viewjob?jk=916e20e523281dd7,rvo health|senior business operations analyst
https://www.indeed.com/viewjob?jk=77ad0347f6d71dd0,rvo health|senior business operations analyst
https://www.indeed.com/viewjob?jk=7fd8a9ef29325194,merck|regional operations head senior director
https://www.indeed.com/viewjob?jk=c0b4437585656d60,addepar|sr client success strategy and operations analyst
https://www.linkedin.com/jobs/view/4474088480,city of new york|research advisor
https://www.linkedin.com/jobs/view/4456567044,metroplushealth|director of federal and integrated regulatory guidance
https://www.linkedin.com/jobs/view/4448378736,federal reserve bank of new york|account policy specialist
https://www.linkedin.com/jobs/view/4474673697,geico|staff privacy analyst
https://www.linkedin.com/jobs/view/4476137853,groq|sr privacy compliance analyst
https://www.linkedin.com/jobs/view/4475898638,pwc|risk regulatory government consulting senior associate
https://www.linkedin.com/jobs/view/4476314483,lume deodorant|regulatory affairs manager
https://www.linkedin.com/jobs/view/4474654593,anthropic|us public sector compliance security grc
https://www.linkedin.com/jobs/view/4475894229,new york state department of financial services|senior counsel for technology policy
https://www.linkedin.com/jobs/view/4475888331,new york state department of financial services|special advisor to the superintendent for technology policy
https://www.linkedin.com/jobs/view/4475898000,sligo software solutions|mid level financial data analyst
https://www.linkedin.com/jobs/view/4475862862,pfizer|medical director us vaccines medical affairs policy methodologist non md
https://www.linkedin.com/jobs/view/4467448027,lockton|data visualization analyst
https://www.linkedin.com/jobs/view/4466423189,pwc|fraud analytics data scientist senior associate
https://www.linkedin.com/jobs/view/4474987417,tempus ai|data visualization engineer
https://www.linkedin.com/jobs/view/4474655848,vizient|sr infrastructure engineer i
https://www.indeed.com/viewjob?jk=a6ab2d790ebc60e1,realign|senior analyst
https://www.indeed.com/viewjob?jk=25f794b106361dcb,marmon|director legal operations
https://www.indeed.com/viewjob?jk=2c501b180921cbb7,ccc intelligent solutions|sr data analyst customer analytics
https://www.indeed.com/viewjob?jk=7bdae73acb27829f,transunion|senior data analyst
https://www.indeed.com/viewjob?jk=2e9053918ff3720a,chamberlain|lead analytics engineer
https://www.linkedin.com/jobs/view/4467276692,tropicana brands|senior supply chain demand planner
https://www.linkedin.com/jobs/view/4465923506,oil dri of america|senior financial analyst b2b
https://www.linkedin.com/jobs/view/4458761767,mark anthony|sr analyst commercial finance
https://www.linkedin.com/jobs/view/4476107448,deloitte|supply chain functional planning senior consultant
https://www.linkedin.com/jobs/view/4467738098,cme|senior pricing analyst derivatives pricing incentives and analytics
https://www.linkedin.com/jobs/view/4465253227,doordash|associate sales strategy and planning
https://www.linkedin.com/jobs/view/4467255942,martin brower|senior supply chain analyst service delivery
https://www.linkedin.com/jobs/view/4474950968,brilliant|senior financial analyst chicago
https://www.linkedin.com/jobs/view/4475899428,mitsubishi turbocharger and engine america|inventory analyst
https://www.linkedin.com/jobs/view/4475834695,amazon|instock manager wwgs inventory management
https://www.linkedin.com/jobs/view/4467755234,capital one|manager data analyst enterprise aml advisory
https://www.linkedin.com/jobs/view/4476315074,capital one|principal risk specialist compliance governance analyst
https://www.linkedin.com/jobs/view/4476110764,options clearing|associate principal operational risk management it security
https://www.linkedin.com/jobs/view/4476155079,pwc|investigations forensics senior associate
https://www.linkedin.com/jobs/view/4474078458,oreva technologies|governance risk compliance specialist
https://www.linkedin.com/jobs/view/4456940519,byline bank|bsa and fraud solutions system admin i
https://www.linkedin.com/jobs/view/4476104049,cme|liquidity risk associate
https://www.linkedin.com/jobs/view/4475865506,earnin|staff risk analyst
https://www.linkedin.com/jobs/view/4473682610,grant thornton|it risk senior associate
https://www.linkedin.com/jobs/view/4473678598,northern trust|senior consultant third party issue management third party risk management
https://www.linkedin.com/jobs/view/4467443715,stripe|sales strategy operations analyst
https://www.linkedin.com/jobs/view/4476199708,capital one|senior business analyst deal economics analytics
https://www.linkedin.com/jobs/view/4467204917,mckinsey|senior project analyst delivery assurance
https://www.linkedin.com/jobs/view/4474959345,google|transfer pricing operations analyst
https://www.linkedin.com/jobs/view/4476165260,elevance health|business information consultant post acute solutions support
https://www.linkedin.com/jobs/view/4475874049,enova international|strategy operations associate
https://www.indeed.com/viewjob?jk=9fea3bf1ef9cf816,gc realty development|systems automation engineer
https://www.indeed.com/viewjob?jk=3280f3a80adb4122,google|transfer pricing operations analyst
https://www.indeed.com/viewjob?jk=b0bc510cc37363ac,medline industries|manager business operations textiles evs
https://www.linkedin.com/jobs/view/4465255909,covista|senior analyst regulatory affairs
https://www.linkedin.com/jobs/view/4467274525,university of illinois chicago|regulatory specialist cancer center clinical trials office
https://www.linkedin.com/jobs/view/4457405540,wolters kluwer|technical writer legal tax analysis chicago il
https://www.linkedin.com/jobs/view/4474687127,geico|staff privacy analyst
https://www.linkedin.com/jobs/view/4475898639,pwc|risk regulatory government consulting senior associate
https://www.linkedin.com/jobs/view/4476117611,northwestern university|regulatory coordinator sr
https://www.linkedin.com/jobs/view/4476147243,global business ser 4u|business analyst
https://www.linkedin.com/jobs/view/4467290493,univar solutions|product compliance regulatory manager
https://www.linkedin.com/jobs/view/4474699448,google|finance program manager regulatory affairs
https://www.linkedin.com/jobs/view/4474959766,mms|regulatory affairs specialist
https://www.linkedin.com/jobs/view/4475846812,land o frost|manager corporate regulatory affairs
https://www.linkedin.com/jobs/view/4474979074,aaratech|data analyst
https://www.linkedin.com/jobs/view/4475894870,staples|analytics engineer
https://www.linkedin.com/jobs/view/4476120164,ptc|pricing analyst
https://www.linkedin.com/jobs/view/4476150654,ta realty|real estate performance associate
https://www.linkedin.com/jobs/view/4467410510,pwc|risk modeling services p c senior associate
https://www.linkedin.com/jobs/view/4441722274,veeva systems|senior health data operations analyst compass
https://www.linkedin.com/jobs/view/4474994550,massmutual|quantitative consultant
https://www.linkedin.com/jobs/view/4474943937,butcherbox|senior analyst media measurement
https://www.indeed.com/viewjob?jk=ee82ed63620eb6cf,massachusetts bay transportation authority|senior data engineering co op
https://www.linkedin.com/jobs/view/4467092045,watts water technologies|sr inventory optimization specialist
https://www.linkedin.com/jobs/view/4466119613,catapult|senior revenue operations analyst
https://www.linkedin.com/jobs/view/4467430048,alnylam pharmaceuticals|associate director demand revenue forecasting
https://www.linkedin.com/jobs/view/4465266073,teradyne|senior materials planner
https://www.linkedin.com/jobs/view/4426858449,markforged|senior supply chain planner
https://www.linkedin.com/jobs/view/4467433879,raytheon|sr analyst scheduling
https://www.linkedin.com/jobs/view/4466114817,home market foods|associate director sales planning
https://www.linkedin.com/jobs/view/4474644864,tjx companies|senior fulfillment analyst
https://www.linkedin.com/jobs/view/4421323820,sharkninja|sr financial analyst commercial
https://www.linkedin.com/jobs/view/4466148366,vertex pharmaceuticals|trade analytics senior manager
https://www.linkedin.com/jobs/view/4474963322,reachdesk|fp a manager
https://www.linkedin.com/jobs/view/4476138489,idexx|senior infosec risk compliance specialist
https://www.linkedin.com/jobs/view/4476144508,pwc|investigations forensics senior associate
https://www.linkedin.com/jobs/view/4475887888,pwc|risk regulatory government consulting senior associate
https://www.linkedin.com/jobs/view/4476329853,state street|network management senior associate
https://www.linkedin.com/jobs/view/4467401093,kbw financial staffing recruiting|compliance associate
https://www.linkedin.com/jobs/view/4420904134,deloitte|financial risk senior consultant
https://www.linkedin.com/jobs/view/4473688416,grant thornton|it risk senior associate
https://www.linkedin.com/jobs/view/4475859800,tufts medicine|risk manager
https://www.indeed.com/viewjob?jk=4a706eed64116ad3,solv energy|senior cip compliance analyst
https://www.linkedin.com/jobs/view/4465798580,software guidance assistance|sr business analyst boston ma or new york ny
https://www.linkedin.com/jobs/view/4421293447,boston dynamics|staff strategy analyst
https://www.linkedin.com/jobs/view/4467456114,red nucleus|senior analyst value and evidence advisory
https://www.linkedin.com/jobs/view/4474969752,slalom|operational improvement principal
https://www.linkedin.com/jobs/view/4472099850,mitre|lead spectrum policy harmonization engineer
https://www.linkedin.com/jobs/view/4474090368,utec|director of policy
https://www.linkedin.com/jobs/view/4458570112,mannkind|associate director regulatory affairs advertising promotion
https://www.linkedin.com/jobs/view/4476173599,sanofi|gra global adpromo excellence lead
https://www.linkedin.com/jobs/view/4475881111,pfizer|medical director us vaccines medical affairs policy methodologist non md
https://www.linkedin.com/jobs/view/4475860998,pfizer|medical director us vaccines medical affairs policy methodologist md
https://www.linkedin.com/jobs/view/4473688413,lego|customs manager ams
https://www.linkedin.com/jobs/view/4474646449,ey|government and infrastructure ai data data scientist top secret clearance
https://www.linkedin.com/jobs/view/4456930548,partner forces|data analytics visualization analyst clearance required
https://www.linkedin.com/jobs/view/4476119399,navy federal credit union|business intelligence analyst
https://www.linkedin.com/jobs/view/4474642696,ey|government and infrastructure ai and data data engineer top secret clearance
https://www.linkedin.com/jobs/view/4466100843,geico|research and development analyst
https://www.linkedin.com/jobs/view/4467428938,remitly|product analyst
https://www.linkedin.com/jobs/view/4475875963,guidehouse|data scientist jr
https://www.linkedin.com/jobs/view/4475891086,noblis|data analyst and visualization consultant
https://www.linkedin.com/jobs/view/4475887144,noblis|data analyst
https://www.indeed.com/viewjob?jk=50ba052bbc70dc26,spectrum comm|data analyst
https://www.indeed.com/viewjob?jk=dd48076089b78239,cvs health|senior financial analyst
https://www.indeed.com/viewjob?jk=389e39ca65a4e994,capital one|senior data analyst card
https://www.indeed.com/viewjob?jk=7b19a8060229765a,capital one|principal data analyst card
https://www.indeed.com/viewjob?jk=c5e50a86c5baa167,infotrend|project manager
https://www.indeed.com/viewjob?jk=c365a740aa72c654,noblis|data analyst
https://www.indeed.com/viewjob?jk=5cdbf2e78748d482,noblis|data analyst and visualization consultant
https://www.indeed.com/viewjob?jk=26c52bf7b46f0d46,icf|business intelligence developer
https://www.indeed.com/viewjob?jk=71bf0245152c804d,icf|data engineer
https://www.indeed.com/viewjob?jk=d99864589905f666,integrity management consulting|sr data analyst
https://www.indeed.com/viewjob?jk=5e6e6f56d2371d51,lintech global|microsoft power bi developer
https://www.indeed.com/viewjob?jk=b72d462b2583bfdb,vantor|geospatial data scientist
https://www.indeed.com/viewjob?jk=75a3173b92c92b8e,vantor|geospatial data scientist
https://www.indeed.com/viewjob?jk=166ac71302f68980,shadowobjects|enterprise tier 2 service ops data analyst
https://www.indeed.com/viewjob?jk=e552a3936dcfcee9,shadowobjects|enterprise mgmt process improvement
https://www.linkedin.com/jobs/view/4474978382,solar energy industries association|senior solar and storage analyst
https://www.linkedin.com/jobs/view/4476110191,deloitte|supply chain functional planning senior consultant
https://www.linkedin.com/jobs/view/4465240353,doordash|associate sales strategy and planning
https://www.linkedin.com/jobs/view/4476173926,amazon|senior finance analyst us non sort operations finance
https://www.linkedin.com/jobs/view/4469372191,capital search|senior financial analyst
https://www.linkedin.com/jobs/view/4476130797,u s department of veterans affairs|inventory management specialist
https://www.linkedin.com/jobs/view/4476303596,fti consulting|senior consultant network industries strategies energy economic consulting
https://www.linkedin.com/jobs/view/4474968151,reachdesk|fp a manager
https://www.linkedin.com/jobs/view/4474969979,akima|mid level data analyst
https://www.linkedin.com/jobs/view/4476333527,carfax|principal data analyst
https://www.linkedin.com/jobs/view/4474968910,oliver james|senior fp a analyst usa
https://www.linkedin.com/jobs/view/4467760188,capital one|senior financial analyst
https://www.linkedin.com/jobs/view/4475833734,amazon|instock manager wwgs inventory management
https://www.linkedin.com/jobs/view/4476191884,state of maryland|administrator i employer services risk specialist
https://www.linkedin.com/jobs/view/4476119879,amentum|financial crimes analyst
https://www.linkedin.com/jobs/view/4476127572,amentum|financial crimes intelligence analyst
https://www.linkedin.com/jobs/view/4474650300,mission technologies a division of hii|due diligence specialist
https://www.linkedin.com/jobs/view/4476151255,pwc|investigations forensics senior associate
https://www.linkedin.com/jobs/view/4419346429,freddie mac|enterprise business risk and control senior
https://www.linkedin.com/jobs/view/4476101581,pwc|risk regulatory government consulting senior associate
https://www.linkedin.com/jobs/view/4476100965,vantor|senior cyber risk analyst
https://www.linkedin.com/jobs/view/4466105836,geico|third party cyber risk management engineer ii
https://www.linkedin.com/jobs/view/4448685074,reflection|subject matter expert election integrity violent extremism and fraud
https://www.linkedin.com/jobs/view/4476100355,kapitus|vendor governance controls analyst
https://www.linkedin.com/jobs/view/4475884579,guidehouse|managing internal controls audit remediation readiness and risk management consultant
https://www.linkedin.com/jobs/view/4475889258,guidehouse|managing internal controls audit remediation readiness and risk management consultant
https://www.indeed.com/viewjob?jk=32a5cea3feb27361,solv energy|senior cip compliance analyst
https://www.indeed.com/viewjob?jk=02d846a8a1a7d732,amentum|financial crimes analyst
https://www.indeed.com/viewjob?jk=b51c313ce3275c5a,vantor|senior cyber risk analyst
https://www.linkedin.com/jobs/view/4474060593,constellation|program analyst
https://www.linkedin.com/jobs/view/4457368367,private|business operations specialist
https://www.linkedin.com/jobs/view/4474646073,akima|senior program analyst
https://www.linkedin.com/jobs/view/4476333221,guidehouse|global health program operations consultant
https://www.linkedin.com/jobs/view/4458235082,general dynamics information technology|program analyst
https://www.linkedin.com/jobs/view/4476115527,navy federal credit union|senior business intelligence analyst
https://www.linkedin.com/jobs/view/4476305473,capital one|senior business analyst deal economics analytics
https://www.linkedin.com/jobs/view/4475895117,guidehouse|business process transformation consultant
https://www.linkedin.com/jobs/view/4447552722,ardent eagle solutions|program analyst
https://www.indeed.com/viewjob?jk=595f6c4509d663a6,peraton|policy and strategy analyst
https://www.indeed.com/viewjob?jk=7c14891d333cbdf8,changeis|senior human capital strategy analyst
https://www.indeed.com/viewjob?jk=e2d7e7a92001b176,leidos|policy and strategy analyst sme
https://www.linkedin.com/jobs/view/4476106361,great minds|lead policy analyst
https://www.linkedin.com/jobs/view/4474985646,eccalon|senior policy analyst
https://www.linkedin.com/jobs/view/4476105482,serco|fms program analyst
https://www.linkedin.com/jobs/view/4467292730,guidehouse|senior financial policy consultant
https://www.linkedin.com/jobs/view/4474013279,assurit|cyber policy analyst technical writer
https://www.linkedin.com/jobs/view/4476302333,dni|research analyst with security clearance
https://www.linkedin.com/jobs/view/4476120689,institute for defense analyses|science policy fellowship
https://www.linkedin.com/jobs/view/4476324976,mitre|ic congressional budget resource advisor
https://www.linkedin.com/jobs/view/4476133218,kbra|regulatory and government affairs director
https://www.linkedin.com/jobs/view/4473677837,gsk|manager public policy
https://www.linkedin.com/jobs/view/4452498811,anglicotech|doctrine policy writer program manager 039 26
https://www.indeed.com/viewjob?jk=91b9ac2351feb8a5,american action forum|trade policy internship spring paid
https://www.indeed.com/viewjob?jk=5453b19be8be922f,serco|fms program analyst
https://www.indeed.com/viewjob?jk=2f21d23c5d30da65,assurit|cyber policy analyst technical writer
https://www.indeed.com/viewjob?jk=6b3d662c8313fa46,serco|fms program analyst
https://www.indeed.com/viewjob?jk=4ecc005a114f49c9,quantum sky|cybersecurity policy analyst
https://www.indeed.com/viewjob?jk=bd055b6cc2f12d4e,serco|fms program analyst
https://www.indeed.com/viewjob?jk=1227566ce8bcaeec,serco|fms program analyst
https://www.indeed.com/viewjob?jk=f9df0edeca311f9f,integrity management consulting|sr policy analyst
https://www.indeed.com/viewjob?jk=2506ee1594485a64,great minds|lead policy analyst
https://www.linkedin.com/jobs/view/4476156765,clorox|customer senior analyst
https://www.linkedin.com/jobs/view/4465232536,dollar shave club|lead demand planner
https://www.linkedin.com/jobs/view/4467225527,xylem|supply planner
https://www.linkedin.com/jobs/view/4475882125,peter millar|dtc merchandise planner
https://www.linkedin.com/jobs/view/4456874887,revlon|planner supply chain
https://www.linkedin.com/jobs/view/4466174046,daikin comfort|senior sales planning analyst
https://www.linkedin.com/jobs/view/4457106757,hanwha energy usa|senior analyst energy analytics
https://www.linkedin.com/jobs/view/4474970779,novum energy|senior trading analyst
https://www.linkedin.com/jobs/view/4476108420,deloitte|supply chain functional planning senior consultant
https://www.linkedin.com/jobs/view/4456539045,logisnext americas|material planner
https://www.linkedin.com/jobs/view/4475830791,bkv|retail power portfolio analyst iii
https://www.linkedin.com/jobs/view/4475878466,eqt|sr lead principal fundamentals analyst
https://www.linkedin.com/jobs/view/4476105647,vantor|senior cyber risk analyst
https://www.linkedin.com/jobs/view/4467296936,deloitte|security specialist risk and compliance services
https://www.linkedin.com/jobs/view/4456523622,woodward|sourcing compliance specialist
https://www.linkedin.com/jobs/view/4475577928,clinisoltech|cyber security analyst
https://www.linkedin.com/jobs/view/4474621121,transamerica|senior regulatory compliance analyst
https://www.indeed.com/viewjob?jk=2b98ca44180b6200,solv energy|senior cip compliance analyst
https://www.indeed.com/viewjob?jk=a42928c6fbf95948,vantor|senior cyber risk analyst
https://www.indeed.com/viewjob?jk=d2a06914840e42a9,origence|compliance manager
https://www.linkedin.com/jobs/view/4476353505,health care service|early careers new grad analytics development program
https://www.linkedin.com/jobs/view/4475560139,keen|operations strategy analyst atlanta
https://www.indeed.com/viewjob?jk=ec0cbfa0db573bbc,devry university|sr operations analyst student finance
https://www.linkedin.com/jobs/view/4476322186,vanguard|senior financial crimes compliance specialist
https://www.linkedin.com/jobs/view/4476322414,td|senior compliance testing analyst
https://www.linkedin.com/jobs/view/4476164070,syneos health commercial solutions|virtual pharmaceutical compliance specialist
https://www.linkedin.com/jobs/view/4476151636,syneos health commercial solutions|virtual pharmaceutical compliance specialist
https://www.linkedin.com/jobs/view/4448255545,vf|senior analyst global assurance
https://www.linkedin.com/jobs/view/4458237361,bank of america|test developer
https://www.linkedin.com/jobs/view/4475020063,truist|regulatory reporting governance sr analyst
https://www.indeed.com/viewjob?jk=d6cf3c46c797b258,u s bank|sr liquidity risk analyst
https://www.indeed.com/viewjob?jk=6e3b2ea39d5cc2da,solv energy|senior cip compliance analyst
https://www.indeed.com/viewjob?jk=8d5723b453c9f7b0,fct|sr enterprise risk analyst
https://www.linkedin.com/jobs/view/4467404728,deloitte|security specialist risk and compliance services
https://www.linkedin.com/jobs/view/4474991073,aaratech|data analyst
https://www.linkedin.com/jobs/view/4476348532,serco|medical coding auditing specialist 1 1
https://www.linkedin.com/jobs/view/4476334597,talentally|quality assurance analyst
https://www.linkedin.com/jobs/view/4436696159,frost|enterprise risk liaison ii
https://www.linkedin.com/jobs/view/4430752377,howard energy partners|environmental coordinator
https://www.linkedin.com/jobs/view/4447437104,swbc|loss control specialist
https://www.linkedin.com/jobs/view/4473671585,farmer boys|data ai analyst
https://www.linkedin.com/jobs/view/4474611840,sealaska|data analyst
https://www.indeed.com/viewjob?jk=13c63feb93a3c447,colsa|senior ux ui designer data analytics
https://www.indeed.com/viewjob?jk=446b28b30e2fa619,mdinteractive|mips qpp registry data processing manager
https://www.indeed.com/viewjob?jk=8b599c09997b65cf,citiustech|sr lead engineer 1 data analysis
https://www.indeed.com/viewjob?jk=60b679fb2ccc5085,vibrant emotional health|senior engineer salesforce
https://www.indeed.com/viewjob?jk=9f977d9d1e6f22ec,progressive|data analyst senior or lead
https://www.indeed.com/viewjob?jk=af3c4b3b0fbc46ad,icon health|medical economics data analyst
https://www.indeed.com/viewjob?jk=dc314e9c56634d9f,12 elements consulting|data analyst iv
https://www.indeed.com/viewjob?jk=4dffe512e49a7f64,rackspace technology|data science engineer v us
https://www.indeed.com/viewjob?jk=c05c8acc64d2b2a3,lockheed martin|metric data analyst sr e3
https://www.linkedin.com/jobs/view/4403502518,corsair|supply chain planner
https://www.linkedin.com/jobs/view/4474671446,twu center for women entrepreneurs|business planning specialist
https://www.linkedin.com/jobs/view/4475860136,hd supply|data analytics specialist
https://www.linkedin.com/jobs/view/4474634062,parker s kitchen|retail business analyst
https://www.linkedin.com/jobs/view/4467412539,h e b|supply chain analyst ii san antonio houston or austin tx
https://www.linkedin.com/jobs/view/4476110184,deloitte|supply chain functional planning senior consultant
https://www.linkedin.com/jobs/view/4476189534,quantech services|sr cost estimator specialist with security clearance
https://www.linkedin.com/jobs/view/4474064926,boeing|associate supply chain specialist
https://www.linkedin.com/jobs/view/4467228405,h e b|internship supply chain strategy san antonio
https://www.linkedin.com/jobs/view/4466327649,afl|business systems analyst
https://www.linkedin.com/jobs/view/4475818470,accord technologies|data information architect
https://www.linkedin.com/jobs/view/4476171600,spectrum business|senior business analyst spectrum business
https://www.linkedin.com/jobs/view/4476349481,atrium health|clinical analyst senior
https://www.linkedin.com/jobs/view/4475854525,truist|business execution senior analyst
https://www.linkedin.com/jobs/view/4474614868,blue cross nc|bi analyst
https://www.linkedin.com/jobs/view/4458683718,avidxchange|revenue operations partner ii
https://www.linkedin.com/jobs/view/4476100174,key risk|peo business analyst
https://www.indeed.com/viewjob?jk=7d2b594f2809f7c7,ameriprise financial|senior compensation operations analyst
https://www.linkedin.com/jobs/view/4467575883,capmetro|data analyst ii demand response
https://www.linkedin.com/jobs/view/4467725551,diasorin|commercial operations analyst incentive compensation expense fleet
https://www.linkedin.com/jobs/view/4473675536,cloudflare|business operations manager
https://www.linkedin.com/jobs/view/4475844289,amazon|sr business analyst amzl otr planning
https://www.linkedin.com/jobs/view/4473662617,talent connect protocol|business analyst
https://www.linkedin.com/jobs/view/4474627733,curant health|data analyst
https://www.indeed.com/viewjob?jk=1f513832a0208b66,curant health|senior data analyst
https://www.indeed.com/viewjob?jk=4f9c348ee0661f3b,leverx|databricks engineer
https://www.indeed.com/viewjob?jk=a1ad03b7fc6e5b1f,cvs health|senior financial analyst
https://www.indeed.com/viewjob?jk=783fc79d9e5462cc,lexisnexis risk solutions|data analyst intern
https://www.linkedin.com/jobs/view/4475841163,ninjaone|sales analytics analyst
https://www.indeed.com/viewjob?jk=9a787e169ace1166,texas department of public safety|dps fin senior financial data analyst
https://www.linkedin.com/jobs/view/4467407244,elliott davis|anti money laundering associate
https://www.linkedin.com/jobs/view/4458597668,ge vernova|senior governance analyst
https://www.linkedin.com/jobs/view/4476106029,first american|sr enterprise risk analyst
https://www.linkedin.com/jobs/view/4474629576,accruepartners|grc analyst
https://www.linkedin.com/jobs/view/4471504810,purpose financial|senior information security grc analyst
https://www.indeed.com/viewjob?jk=cd371783add164cf,solv energy|senior cip compliance analyst
https://www.indeed.com/viewjob?jk=6733c14f734187fe,fct|sr enterprise risk analyst
https://www.indeed.com/viewjob?jk=7f9d28460e842b9a,fct|sr enterprise risk analyst
https://www.linkedin.com/jobs/view/4476351049,hancock whitney|fraud risk analyst
https://www.linkedin.com/jobs/view/4474644804,central pacific bank|specialist i bsa
https://www.linkedin.com/jobs/view/4458588018,nubank|aml ofac specialist usa
https://www.linkedin.com/jobs/view/4473658503,raymond james|sr analyst aml financial crimes financial intelligence unit
https://www.linkedin.com/jobs/view/4475532954,centalion|compliance analyst abc
https://www.linkedin.com/jobs/view/4467292928,sixt|regional fleet strategist
https://www.linkedin.com/jobs/view/4467298166,integer holdings|planner iii
https://www.linkedin.com/jobs/view/4476107434,deloitte|supply chain functional planning senior consultant
https://www.linkedin.com/jobs/view/4476321151,dhl express|sr data scientist commercial
https://www.linkedin.com/jobs/view/4474007887,autonation|inventory manager
https://www.linkedin.com/jobs/view/4473678805,dolce gabbana|dg beauty americas forecast allocations specialist makeup skin
https://www.linkedin.com/jobs/view/4473678801,icon health|medical economics data analyst
https://www.linkedin.com/jobs/view/4474073419,eaton|supply chain analyst
https://www.linkedin.com/jobs/view/4475868941,vertiv|materials and manufacturing planning senior analyst
https://www.linkedin.com/jobs/view/4439325918,schaeffler|specialist material management
https://www.linkedin.com/jobs/view/4464770309,ross stores|data analytics manager supply chain
https://www.linkedin.com/jobs/view/4476330106,pda|consultant data analyst
https://www.linkedin.com/jobs/view/4475019073,truist|associate software engineer python data analytics
https://www.indeed.com/viewjob?jk=ae75241edbbca5c2,cvs health|senior financial analyst
https://www.indeed.com/viewjob?jk=4ce4fb0c479bfdf9,nan|data analyst
https://www.indeed.com/viewjob?jk=819ad471f98483cc,capgemini|ai data analyst agentic ai
https://www.indeed.com/viewjob?jk=3f82e484845001b0,realign|bsa analyst with marketing exp 6
https://www.indeed.com/viewjob?jk=c6b1fb40eeb66f17,capgemini|ai data analyst agentic ai
https://www.indeed.com/viewjob?jk=1b4194bd927e9720,gilead sciences|ai data science lead research ai data science lead research
https://www.indeed.com/viewjob?jk=336bcef052a0aa49,solv energy|senior cip compliance analyst
https://www.indeed.com/viewjob?jk=c43adea418fc9bbb,solv energy|senior cip compliance analyst
https://www.indeed.com/viewjob?jk=672aa5754e51f978,vystar credit union|branch vice president
https://www.indeed.com/viewjob?jk=e16f6346286de683,hii|coc asst ops analyst
https://www.indeed.com/viewjob?jk=d0f8e0f1595c6ebf,nan|linux infrastructure storage engineer iii
https://www.indeed.com/viewjob?jk=e156aa015e45d8c1,bet365|machine learning engineer
https://www.indeed.com/viewjob?jk=13529375ea62de14,cvs health|senior financial analyst
https://www.indeed.com/viewjob?jk=30bf56eb619610f7,otter products|sr bi data engineer
https://www.indeed.com/viewjob?jk=c772a98a6860d3eb,barrios technology|data analytics developer i
https://www.indeed.com/viewjob?jk=b31fd41733af3a87,barrios technology|data analytics developer i
https://www.indeed.com/viewjob?jk=a0265d29ebc502d1,harris county toll road authority|project manager planner landscape architect engineer
https://www.indeed.com/viewjob?jk=a7e9e47d0268f1f8,harris county|project manager planner landscape architect engineer
https://www.indeed.com/viewjob?jk=b0b921c2eb266d13,nan|filing and compliance analyst
https://www.indeed.com/viewjob?jk=e4786b294d03ff31,sba communications|senior risk data analyst
https://www.indeed.com/viewjob?jk=8ddffc9f0448f1ac,nan|technology operations analyst it operations support
https://www.linkedin.com/jobs/view/4465218014,doordash|associate strategy operations
https://www.linkedin.com/jobs/view/4475860306,renewable careers|renewable energy analyst
https://www.linkedin.com/jobs/view/4476358112,dc department of human resources|program analyst
https://www.linkedin.com/jobs/view/4476319993,guidehouse|consulting analyst life sciences advisory health segment campus
https://www.linkedin.com/jobs/view/4476334222,guidehouse|consulting analyst life sciences advisory health segment campus
https://www.linkedin.com/jobs/view/4465215034,doordash|associate strategy operations
https://www.linkedin.com/jobs/view/4473984706,mufg|securities and market risk data analyst
https://www.linkedin.com/jobs/view/4474028801,resolution economics|consultant i
https://www.linkedin.com/jobs/view/4475899827,dc department of human resources|management analyst
https://www.linkedin.com/jobs/view/4476169653,veterans benefits administration|management analyst
https://www.indeed.com/viewjob?jk=08aff00e39814e2d,instacart|data analyst platform excellence ops analytics
https://www.indeed.com/viewjob?jk=3b7bd1719d701c28,capital one|data engineer 5
https://www.indeed.com/viewjob?jk=cc60b0becf9cabe6,markel|markel underwriting training program central
https://www.indeed.com/viewjob?jk=e2560441ecb13d91,c h robinson|compliance analyst
https://www.indeed.com/viewjob?jk=66e5e8ed0ef09f45,c h robinson|compliance analyst
https://www.linkedin.com/jobs/view/4475891207,ipsos in us|market research analyst
https://www.linkedin.com/jobs/view/4474619748,west monroe|healthcare consultant
https://www.linkedin.com/jobs/view/4474273863,capgemini|fcc analyst
https://www.linkedin.com/jobs/view/4474985690,wilson elser|data analyst
https://www.linkedin.com/jobs/view/4474623676,west monroe|utilities consultant
https://www.indeed.com/viewjob?jk=c799105c987611be,booz allen hamilton|university civil policy analyst
https://www.indeed.com/viewjob?jk=43a496ea8eca7927,booz allen hamilton|university civil policy analyst
https://www.linkedin.com/jobs/view/4473695244,state of south carolina|financial analyst captives
https://www.indeed.com/viewjob?jk=f2c84c81bcf55bff,georgia banking|bsa aml analyst
https://www.indeed.com/viewjob?jk=1bc76b921e4cdc55,audax|security risk analyst
https://www.indeed.com/viewjob?jk=146f15bf245536c1,onco360|pharmacy compliance analyst
https://www.indeed.com/viewjob?jk=d7ae5aa814e33139,otr engineered solutions|demand planner
https://www.indeed.com/viewjob?jk=4cab8f2b776496db,sealaska|data analyst
https://www.indeed.com/viewjob?jk=a97160734ad16393,sealaska|data analyst
https://www.indeed.com/viewjob?jk=d865d89c516eea01,onco360|pharmacy compliance analyst
https://www.indeed.com/viewjob?jk=ddf0f3de33492f16,mandarich law|data analyst digital
https://www.linkedin.com/jobs/view/4467474317,deloitte|cyber security risk strategy consultant
https://www.indeed.com/viewjob?jk=e14ffe4a3010ea9d,onco360|compliance auditor
https://www.indeed.com/viewjob?jk=74c7d5f3724240b5,onco360|compliance auditor
https://www.indeed.com/viewjob?jk=57bcc468488143a1,onco360|compliance auditor
https://www.indeed.com/viewjob?jk=3255fd2ac1f76120,onco360|compliance auditor
https://www.indeed.com/viewjob?jk=cebb471e12ddf7eb,onco360|compliance auditor
